년도,역명,월,역번호,승차인원,하차인원,_source_file,date,is_data_gap,total_users,mom_change_pct,yoy_change_pct,ma_3m,ma_12m,is_outlier,period_label
2015,갈마,1,1113,102738,99367,대전교통공사_역별 수송실적_20151231.csv,2015-01-01,False,202105,,,202105.0,202105.0,False,일반 구간
2015,갈마,2,1113,88780,86083,대전교통공사_역별 수송실적_20151231.csv,2015-02-01,False,174863,-13.479132134286631,,188484.0,188484.0,False,일반 구간
2015,갈마,3,1113,104817,101697,대전교통공사_역별 수송실적_20151231.csv,2015-03-01,False,206514,18.10045578538628,,194494.0,194494.0,False,일반 구간
2015,갈마,4,1113,101945,98594,대전교통공사_역별 수송실적_20151231.csv,2015-04-01,False,200539,-2.893266316085108,,193972.0,196005.25,False,일반 구간
2015,갈마,5,1113,106050,101782,대전교통공사_역별 수송실적_20151231.csv,2015-05-01,False,207832,3.6366990959364465,,204961.66666666666,198370.6,False,일반 구간
2015,갈마,6,1113,85273,81762,대전교통공사_역별 수송실적_20151231.csv,2015-06-01,False,167035,-19.62979714384695,,191802.0,193148.0,False,일반 구간
2015,갈마,7,1113,97766,94312,대전교통공사_역별 수송실적_20151231.csv,2015-07-01,False,192078,14.992666207681026,,188981.66666666666,192995.14285714287,False,일반 구간
2015,갈마,8,1113,92866,88985,대전교통공사_역별 수송실적_20151231.csv,2015-08-01,False,181851,-5.324399462718265,,180321.33333333334,191602.125,False,일반 구간
2015,갈마,9,1113,94316,91355,대전교통공사_역별 수송실적_20151231.csv,2015-09-01,False,185671,2.1006208379387603,,186533.33333333334,190943.11111111112,False,일반 구간
2015,갈마,10,1113,101341,97619,대전교통공사_역별 수송실적_20151231.csv,2015-10-01,False,198960,7.157283582250318,,188827.33333333334,191744.8,False,일반 구간
2015,갈마,11,1113,97762,93304,대전교통공사_역별 수송실적_20151231.csv,2015-11-01,False,191066,-3.967631684760753,,191899.0,191683.0909090909,False,일반 구간
2015,갈마,12,1113,105262,100754,대전교통공사_역별 수송실적_20151231.csv,2015-12-01,False,206016,7.824521369579096,,198680.66666666666,192877.5,False,일반 구간
2016,갈마,1,1113,95582,91830,대전교통공사_역별 수송실적_20161231.csv,2016-01-01,False,187412,-9.030366573470017,-7.269983424457582,194831.33333333334,191653.08333333334,False,일반 구간
2016,갈마,2,1113,89420,86263,대전교통공사_역별 수송실적_20161231.csv,2016-02-01,False,175683,-6.258403944251167,0.4689385404573976,189703.66666666666,191721.41666666666,False,일반 구간
2016,갈마,3,1113,102295,98354,대전교통공사_역별 수송실적_20161231.csv,2016-03-01,False,200649,14.210822902614373,-2.8400011621488086,187914.66666666666,191232.66666666666,False,일반 구간
2016,갈마,4,1113,99387,95075,대전교통공사_역별 수송실적_20161231.csv,2016-04-01,False,194462,-3.083494061769554,-3.0303332518861636,190264.66666666666,190726.25,False,일반 구간
2016,갈마,5,1113,102199,98069,대전교통공사_역별 수송실적_20161231.csv,2016-05-01,False,200268,2.9856732934969266,-3.639478039955346,198459.66666666666,190095.91666666666,False,일반 구간
2016,갈마,6,1113,96288,91441,대전교통공사_역별 수송실적_20161231.csv,2016-06-01,False,187729,-6.26111011244932,12.389020265213869,194153.0,191820.41666666666,False,일반 구간
2016,갈마,7,1113,94645,90212,대전교통공사_역별 수송실적_20161231.csv,2016-07-01,False,184857,-1.5298648583862873,-3.7594102395901663,190951.33333333334,191218.66666666666,False,일반 구간
2016,갈마,8,1113,90839,86467,대전교통공사_역별 수송실적_20161231.csv,2016-08-01,False,177306,-4.084779045424303,-2.49929887655278,183297.33333333334,190839.91666666666,False,일반 구간
2016,갈마,9,1113,89973,86040,대전교통공사_역별 수송실적_20161231.csv,2016-09-01,False,176013,-0.7292477411931952,-5.201673928615669,179392.0,190035.08333333334,False,일반 구간
2016,갈마,10,1113,98329,93356,대전교통공사_역별 수송실적_20161231.csv,2016-10-01,False,191685,8.903887781016184,-3.656513872135103,181668.0,189428.83333333334,False,일반 구간
2016,갈마,11,1113,97587,93020,대전교통공사_역별 수송실적_20161231.csv,2016-11-01,False,190607,-0.5623809896444731,-0.2402311243235311,186101.66666666666,189390.58333333334,False,일반 구간
2016,갈마,12,1113,102468,97483,대전교통공사_역별 수송실적_20161231.csv,2016-12-01,False,199951,4.90223339121858,-2.9439461012736867,194081.0,188885.16666666666,False,일반 구간
2017,갈마,1,1113,92699,89788,대전교통공사_역별 수송실적_20171231.csv,2017-01-01,False,182487,-8.734139864266744,-2.627900027746355,191015.0,188474.75,False,일반 구간
2017,갈마,2,1113,91773,88997,대전교통공사_역별 수송실적_20171231.csv,2017-02-01,False,180770,-0.9408889400340792,2.895556200656868,187736.0,188898.66666666666,False,일반 구간
2017,갈마,3,1113,101785,97571,대전교통공사_역별 수송실적_20171231.csv,2017-03-01,False,199356,10.281573269900978,-0.6444088931417569,187537.66666666666,188790.91666666666,False,일반 구간
2017,갈마,4,1113,97875,93399,대전교통공사_역별 수송실적_20171231.csv,2017-04-01,False,191274,-4.054054054054057,-1.6393948432084415,190466.66666666666,188525.25,False,일반 구간
2017,갈마,5,1113,100391,95746,대전교통공사_역별 수송실적_20171231.csv,2017-05-01,False,196137,2.5424260484958827,-2.0627359338486473,195589.0,188181.0,False,일반 구간
2017,갈마,6,1113,96071,91808,대전교통공사_역별 수송실적_20171231.csv,2017-06-01,False,187879,-4.210322376706078,0.07990241252018304,191763.33333333334,188193.5,False,일반 구간
2017,갈마,7,1113,92827,88364,대전교통공사_역별 수송실적_20171231.csv,2017-07-01,False,181191,-3.559737916424932,-1.9831545464872868,188402.33333333334,187888.0,False,일반 구간
2017,갈마,8,1113,91783,87085,대전교통공사_역별 수송실적_20171231.csv,2017-08-01,False,178868,-1.2820725091202134,0.8809628551769366,182646.0,188018.16666666666,False,일반 구간
2017,갈마,9,1113,96462,92097,대전교통공사_역별 수송실적_20171231.csv,2017-09-01,False,188559,5.417961848961239,7.127882599580704,182872.66666666666,189063.66666666666,False,일반 구간
2017,갈마,10,1113,87961,85147,대전교통공사_역별 수송실적_20171231.csv,2017-10-01,False,173108,-8.1942521969251,-9.691420820617157,180178.33333333334,187515.58333333334,False,일반 구간
2017,갈마,11,1113,94172,91024,대전교통공사_역별 수송실적_20171231.csv,2017-11-01,False,185196,6.98292395498763,-2.838825436631398,182287.66666666666,187064.66666666666,False,일반 구간
2017,갈마,12,1113,96350,93764,대전교통공사_역별 수송실적_20171231.csv,2017-12-01,False,190114,2.6555649150089566,-4.919705327805312,182806.0,186244.91666666666,False,일반 구간
2018,갈마,1,1113,92431,89718,대전교통공사_역별 수송실적_20181231.csv,2018-01-01,False,182149,-4.189591508252944,-0.18521867311096507,185819.66666666666,186216.75,False,일반 구간
2018,갈마,2,1113,82157,80384,대전교통공사_역별 수송실적_20181231.csv,2018-02-01,False,162541,-10.764813421978713,-10.084084748575538,178268.0,184697.66666666666,True,일반 구간
2018,갈마,3,1113,96523,93641,대전교통공사_역별 수송실적_20181231.csv,2018-03-01,False,190164,16.99448139238715,-4.610846927105284,178284.66666666666,183931.66666666666,False,일반 구간
2018,갈마,4,1113,94028,90990,대전교통공사_역별 수송실적_20181231.csv,2018-04-01,False,185018,-2.706085273763703,-3.2707006702426877,179241.0,183410.33333333334,False,일반 구간
2018,갈마,5,1113,99357,95466,대전교통공사_역별 수송실적_20181231.csv,2018-05-01,False,194823,5.299484374493302,-0.6699398889551733,190001.66666666666,183300.83333333334,False,일반 구간
2018,갈마,6,1113,93307,89965,대전교통공사_역별 수송실적_20181231.csv,2018-06-01,False,183272,-5.928971425345053,-2.4521101347143692,187704.33333333334,182916.91666666666,False,일반 구간
2018,갈마,7,1113,89771,86770,대전교통공사_역별 수송실적_20181231.csv,2018-07-01,False,176541,-3.6726832249334374,-2.5663526334089415,184878.66666666666,182529.41666666666,False,일반 구간
2018,갈마,8,1113,86872,83658,대전교통공사_역별 수송실적_20181231.csv,2018-08-01,False,170530,-3.4048747882928,-4.661538117494468,176781.0,181834.58333333334,False,일반 구간
2018,갈마,9,1113,87286,84021,대전교통공사_역별 수송실적_20181231.csv,2018-09-01,False,171307,0.45563830411070594,-9.149390906824916,172792.66666666666,180396.91666666666,False,일반 구간
2018,갈마,10,1113,97119,93089,대전교통공사_역별 수송실적_20181231.csv,2018-10-01,False,190208,11.033407858406253,9.87822630958708,177348.33333333334,181821.91666666666,False,일반 구간
2018,갈마,11,1113,97185,92966,대전교통공사_역별 수송실적_20181231.csv,2018-11-01,False,190151,-0.029967193808877468,2.6755437482451017,183888.66666666666,182234.83333333334,False,일반 구간
2018,갈마,12,1113,96148,93326,대전교통공사_역별 수송실적_20181231.csv,2018-12-01,False,189474,-0.35603283706107103,-0.33664012119044573,189944.33333333334,182181.5,False,일반 구간
2019,갈마,1,1113,96113,93410,대전교통공사_역별 수송실적_20191231.csv,2019-01-01,False,189523,0.025861068009325194,4.048334056184766,189716.0,182796.0,False,일반 구간
2019,갈마,2,1113,82140,80381,대전교통공사_역별 수송실적_20191231.csv,2019-02-01,False,162521,-14.247347287664292,-0.012304587765543662,180506.0,182794.33333333334,False,일반 구간
2019,갈마,3,1113,96175,93869,대전교통공사_역별 수송실적_20191231.csv,2019-03-01,False,190044,16.93504224069504,-0.0631034265160646,180696.0,182784.33333333334,False,일반 구간
2019,갈마,4,1113,95555,92054,대전교통공사_역별 수송실적_20191231.csv,2019-04-01,False,187609,-1.2812822293784554,1.400404284988488,180058.0,183000.25,False,일반 구간
2019,갈마,5,1113,99886,97076,대전교통공사_역별 수송실적_20191231.csv,2019-05-01,False,196962,4.985368505775312,1.0979196501439858,191538.33333333334,183178.5,False,일반 구간
2019,갈마,6,1113,91652,89080,대전교통공사_역별 수송실적_20191231.csv,2019-06-01,False,180732,-8.24016815426326,-1.3859181980880875,188434.33333333334,182966.83333333334,False,일반 구간
2019,갈마,7,1113,93438,90431,대전교통공사_역별 수송실적_20191231.csv,2019-07-01,False,183869,1.735719186419682,4.150877133357134,187187.66666666666,183577.5,False,일반 구간
2019,갈마,8,1113,88601,86187,대전교통공사_역별 수송실적_20191231.csv,2019-08-01,False,174788,-4.938842327961757,2.496921362810056,179796.33333333334,183932.33333333334,False,일반 구간
2019,갈마,9,1113,86322,84183,대전교통공사_역별 수송실적_20191231.csv,2019-09-01,False,170505,-2.450397052429232,-0.4681653405873676,176387.33333333334,183865.5,False,일반 구간
2019,갈마,10,1113,97387,93652,대전교통공사_역별 수송실적_20191231.csv,2019-10-01,False,191039,12.043048590950423,0.43689014131897963,178777.33333333334,183934.75,False,일반 구간
2019,갈마,11,1113,95825,93804,대전교통공사_역별 수송실적_20191231.csv,2019-11-01,False,189629,-0.738069190060664,-0.274518672002777,183724.33333333334,183891.25,False,일반 구간
2019,갈마,12,1113,99782,98212,대전교통공사_역별 수송실적_20191231.csv,2019-12-01,False,197994,4.411245115462292,4.496659172234718,192887.33333333334,184601.25,False,일반 구간
2020,갈마,1,1113,91645,90480,대전교통공사_역별 수송실적_20200531.csv,2020-01-01,False,182125,-8.01488934008101,-3.9034840098563284,189916.0,183984.75,False,일반 구간
2020,갈마,2,1113,69244,68864,대전교통공사_역별 수송실적_20200531.csv,2020-02-01,False,138108,-24.16856554564173,-15.021443382701316,172742.33333333334,181950.33333333334,True,팬데믹 구간
2020,갈마,3,1113,44121,43567,대전교통공사_역별 수송실적_20200531.csv,2020-03-01,False,87688,-36.50766067135864,-53.85910631222244,135973.66666666666,173420.66666666666,True,팬데믹 구간
2020,갈마,4,1113,53922,53223,대전교통공사_역별 수송실적_20200531.csv,2020-04-01,False,107145,22.18889699844904,-42.88920041149412,110980.33333333333,166715.33333333334,False,팬데믹 구간
2020,갈마,5,1113,66916,66213,대전교통공사_역별 수송실적_20200531.csv,2020-05-01,False,133129,24.251248308367156,-32.40878951269788,109320.66666666667,161395.91666666666,False,팬데믹 구간
2020,갈마,6,1113,63563,62627,대전교통공사_역별 수송실적_20211231.csv,2020-06-01,False,126190,-5.212237754358551,-30.178385676028597,122154.66666666667,156850.75,False,팬데믹 구간
2020,갈마,7,1113,61885,60383,대전교통공사_역별 수송실적_20211231.csv,2020-07-01,False,122268,-3.1080117283461495,-33.50265678281821,127195.66666666667,151717.33333333334,False,팬데믹 구간
2020,갈마,8,1113,59405,58368,대전교통공사_역별 수송실적_20211231.csv,2020-08-01,False,117773,-3.6763503124284336,-32.61951621392774,122077.0,146966.08333333334,False,팬데믹 구간
2020,갈마,9,1113,57408,55533,대전교통공사_역별 수송실적_20211231.csv,2020-09-01,False,112941,-4.102807944095844,-33.76088677751385,117660.66666666667,142169.08333333334,False,팬데믹 구간
2020,갈마,10,1113,65436,64407,대전교통공사_역별 수송실적_20211231.csv,2020-10-01,False,129843,14.965335883337328,-32.033249755285574,120185.66666666667,137069.41666666666,False,팬데믹 구간
2020,갈마,11,1113,70188,69048,대전교통공사_역별 수송실적_20211231.csv,2020-11-01,False,139236,7.23412120792033,-26.574521829467013,127340.0,132870.0,False,팬데믹 구간
2020,갈마,12,1113,59583,58677,대전교통공사_역별 수송실적_20211231.csv,2020-12-01,False,118260,-15.065069378608975,-40.27091730052425,129113.0,126225.5,False,팬데믹 구간
2021,갈마,1,1113,60998,60104,대전교통공사_역별 수송실적_20211231.csv,2021-01-01,False,121102,2.4031794351428992,-33.50610844200412,126199.33333333333,121140.25,False,팬데믹 구간
2021,갈마,2,1113,59994,59547,대전교통공사_역별 수송실적_20211231.csv,2021-02-01,False,119541,-1.288996052914071,-13.443826570510032,119634.33333333333,119593.0,False,팬데믹 구간
2021,갈마,3,1113,72786,72040,대전교통공사_역별 수송실적_20211231.csv,2021-03-01,False,144826,21.151738733990854,65.16056929112308,128489.66666666667,124354.5,False,팬데믹 구간
2021,갈마,4,1113,70148,68522,대전교통공사_역별 수송실적_20211231.csv,2021-04-01,False,138670,-4.250617982958859,29.42274487843577,134345.66666666666,126981.58333333333,False,팬데믹 구간
2021,갈마,5,1113,70310,69424,대전교통공사_역별 수송실적_20211231.csv,2021-05-01,False,139734,0.7672892478546078,4.961353273892244,141076.66666666666,127532.0,False,팬데믹 구간
2021,갈마,6,1113,70348,69334,대전교통공사_역별 수송실적_20211231.csv,2021-06-01,False,139682,-0.03721356291238598,10.691813931373328,139362.0,128656.33333333333,False,팬데믹 구간
2021,갈마,7,1113,65391,65036,대전교통공사_역별 수송실적_20211231.csv,2021-07-01,False,130427,-6.625764235907273,6.6730460954624204,136614.33333333334,129336.25,False,팬데믹 구간
2021,갈마,8,1113,58455,58023,대전교통공사_역별 수송실적_20211231.csv,2021-08-01,False,116478,-10.694871460663824,-1.0995729072028393,128862.33333333333,129228.33333333333,False,팬데믹 구간
2021,갈마,9,1113,64271,63298,대전교통공사_역별 수송실적_20211231.csv,2021-09-01,False,127569,9.52196981404214,12.95189523733631,124824.66666666667,130447.33333333333,False,팬데믹 구간
2021,갈마,10,1113,72516,71576,대전교통공사_역별 수송실적_20211231.csv,2021-10-01,False,144092,12.952206257006015,10.974022473294664,129379.66666666667,131634.75,False,팬데믹 구간
2021,갈마,11,1113,76750,76281,대전교통공사_역별 수송실적_20211231.csv,2021-11-01,False,153031,6.203675429586664,9.907638829038468,141564.0,132784.33333333334,False,팬데믹 구간
2021,갈마,12,1113,74540,74525,대전교통공사_역별 수송실적_20211231.csv,2021-12-01,False,149065,-2.591631760885049,26.048537121596492,148729.33333333334,135351.41666666666,False,팬데믹 구간
2022,갈마,1,1113,72001,72626,대전교통공사_역별 수송실적_20221231.csv,2022-01-01,False,144627,-2.9772247006339514,19.425773315056727,148907.66666666666,137311.83333333334,False,팬데믹 구간
2022,갈마,2,1113,58875,59910,대전교통공사_역별 수송실적_20221231.csv,2022-02-01,False,118785,-17.868032939907486,-0.6324190026852694,137492.33333333334,137248.83333333334,False,팬데믹 구간
2022,갈마,3,1113,68682,68428,대전교통공사_역별 수송실적_20221231.csv,2022-03-01,False,137110,15.427032032664068,-5.327772637509842,133507.33333333334,136605.83333333334,False,팬데믹 구간
2022,갈마,4,1113,74809,74701,대전교통공사_역별 수송실적_20221231.csv,2022-04-01,False,149510,9.043833418423164,7.817119780774506,135135.0,137509.16666666666,False,팬데믹 구간
2022,갈마,5,1113,84884,85206,대전교통공사_역별 수송실적_20221231.csv,2022-05-01,False,170090,13.764965554143526,21.724132995548693,152236.66666666666,140038.83333333334,False,일반 구간
2022,갈마,6,1113,81358,81024,대전교통공사_역별 수송실적_20221231.csv,2022-06-01,False,162382,-4.53171850196955,16.25119915236035,160660.66666666666,141930.5,False,일반 구간
2022,갈마,7,1113,79571,79617,대전교통공사_역별 수송실적_20221231.csv,2022-07-01,False,159188,-1.9669667820324865,22.051415734472158,163886.66666666666,144327.25,False,일반 구간
2022,갈마,8,1113,75375,75539,대전교통공사_역별 수송실적_20221231.csv,2022-08-01,False,150914,-5.197627961906681,29.5643812565463,157494.66666666666,147196.91666666666,False,일반 구간
2022,갈마,9,1113,78548,79118,대전교통공사_역별 수송실적_20221231.csv,2022-09-01,False,157666,4.474071325390616,23.592722369854748,155922.66666666666,149705.0,False,일반 구간
2022,갈마,10,1113,83974,84037,대전교통공사_역별 수송실적_20221231.csv,2022-10-01,False,168011,6.561338525744298,16.59981123171308,158863.66666666666,151698.25,False,일반 구간
2022,갈마,11,1113,83325,82861,대전교통공사_역별 수송실적_20221231.csv,2022-11-01,False,166186,-1.0862384010570714,8.596297482209492,163954.33333333334,152794.5,False,일반 구간
2022,갈마,12,1113,87818,88349,대전교통공사_역별 수송실적_20221231.csv,2022-12-01,False,176167,6.005921076384291,18.181330292154428,170121.33333333334,155053.0,False,일반 구간
2023,갈마,1,1113,79123,80190,대전교통공사_역별 수송실적_20231231.csv,2023-01-01,False,159313,-9.567058529690575,10.154397173418527,167222.0,156276.83333333334,False,일반 구간
2023,갈마,2,1113,80975,81999,대전교통공사_역별 수송실적_20231231.csv,2023-02-01,False,162974,2.2979920031635848,37.20082501999411,166151.33333333334,159959.25,False,일반 구간
2023,갈마,3,1113,90493,90634,대전교통공사_역별 수송실적_20231231.csv,2023-03-01,False,181127,11.13858652300368,32.10342061118809,167804.66666666666,163627.33333333334,False,일반 구간
2023,갈마,4,1113,86685,86370,대전교통공사_역별 수송실적_20231231.csv,2023-04-01,False,173055,-4.456541542674475,15.74811049428131,172385.33333333334,165589.41666666666,False,일반 구간
2023,갈마,5,1113,90148,89707,대전교통공사_역별 수송실적_20231231.csv,2023-05-01,False,179855,3.9293866111929754,5.741078252689746,178012.33333333334,166403.16666666666,False,일반 구간
2023,갈마,6,1113,88654,87968,대전교통공사_역별 수송실적_20231231.csv,2023-06-01,False,176622,-1.7975591448667005,8.769444889211853,176510.66666666666,167589.83333333334,False,일반 구간
2023,갈마,7,1113,85414,85099,대전교통공사_역별 수송실적_20231231.csv,2023-07-01,False,170513,-3.4587990171099814,7.1142297158077294,175663.33333333334,168533.58333333334,False,일반 구간
2023,갈마,8,1113,86961,86574,대전교통공사_역별 수송실적_20231231.csv,2023-08-01,False,173535,1.7722988863019262,14.989331672343198,173556.66666666666,170418.66666666666,False,일반 구간
2023,갈마,9,1113,82665,81575,대전교통공사_역별 수송실적_20231231.csv,2023-09-01,False,164240,-5.356268187973612,4.169573655702563,169429.33333333334,170966.5,False,일반 구간
2023,갈마,10,1113,86917,85828,대전교통공사_역별 수송실적_20231231.csv,2023-10-01,False,172745,5.178397467121276,2.817672652385861,170173.33333333334,171361.0,False,일반 구간
2023,갈마,11,1113,87197,86034,대전교통공사_역별 수송실적_20231231.csv,2023-11-01,False,173231,0.28133954673073003,4.23922592757513,170072.0,171948.08333333334,False,일반 구간
2023,갈마,12,1113,88595,87752,대전교통공사_역별 수송실적_20231231.csv,2023-12-01,False,176347,1.7987542645369503,0.10217577639399789,174107.66666666666,171963.08333333334,False,일반 구간
2024,갈마,1,1113,85352,85507,대전교통공사_역별 수송실적_20241231.csv,2024-01-01,False,170859,-3.1120461363107976,7.247368388016051,173479.0,172925.25,False,일반 구간
2024,갈마,2,1113,78887,79279,대전교통공사_역별 수송실적_20241231.csv,2024-02-01,False,158166,-7.428932628658713,-2.950163829813346,168457.33333333334,172524.58333333334,True,일반 구간
2024,갈마,3,1113,87503,87259,대전교통공사_역별 수송실적_20241231.csv,2024-03-01,False,174762,10.492773415272572,-3.5141088849260482,167929.0,171994.16666666666,False,일반 구간
2024,갈마,4,1113,87422,86398,대전교통공사_역별 수송실적_20241231.csv,2024-04-01,False,173820,-0.5390187798262835,0.4420559937592161,168916.0,172057.91666666666,False,일반 구간
2024,갈마,5,1113,90480,89546,대전교통공사_역별 수송실적_20241231.csv,2024-05-01,False,180026,3.570360142676332,0.09507658947485176,176202.66666666666,172072.16666666666,False,일반 구간
2024,갈마,6,1113,84867,84289,대전교통공사_역별 수송실적_20241231.csv,2024-06-01,False,169156,-6.03801673091664,-4.227106475976949,174334.0,171450.0,False,일반 구간
2024,갈마,7,1113,86517,86338,대전교통공사_역별 수송실적_20241231.csv,2024-07-01,False,172855,2.1867388682636157,1.3735023136065783,174012.33333333334,171645.16666666666,False,일반 구간
2024,갈마,8,1113,84512,84780,대전교통공사_역별 수송실적_20241231.csv,2024-08-01,False,169292,-2.061265222296149,-2.4450399054945726,170434.33333333334,171291.58333333334,False,일반 구간
2024,갈마,9,1113,77547,77991,대전교통공사_역별 수송실적_20241231.csv,2024-09-01,False,155538,-8.124424072017577,-5.298343886994639,165895.0,170566.41666666666,True,일반 구간
2024,갈마,10,1113,86979,86596,대전교통공사_역별 수송실적_20241231.csv,2024-10-01,False,173575,11.596523036171224,0.4804770036759276,166135.0,170635.58333333334,False,일반 구간
2024,갈마,11,1113,86631,86814,대전교통공사_역별 수송실적_20241231.csv,2024-11-01,False,173445,-0.07489557828028737,0.12353447131288053,167519.33333333334,170653.41666666666,False,일반 구간
2024,갈마,12,1113,87271,88061,대전교통공사_역별 수송실적_20241231.csv,2024-12-01,False,175332,1.0879529533857957,-0.5755697573534002,174117.33333333334,170568.83333333334,False,일반 구간
2026,갈마,1,1113,86945,88362,대전교통공사_역별 수송실적_20260731.csv,2026-01-01,False,175307,-0.014258663563981866,2.6033161846902964,174694.66666666666,170939.5,False,일반 구간
2026,갈마,2,1113,76851,78237,대전교통공사_역별 수송실적_20260731.csv,2026-02-01,False,155088,-11.533481264296352,-1.9460566746329788,168575.66666666666,170683.0,True,일반 구간
2026,갈마,3,1113,90221,91046,대전교통공사_역별 수송실적_20260731.csv,2026-03-01,False,181267,16.88009388218301,3.7222050560190345,170554.0,171225.08333333334,False,일반 구간
2026,갈마,4,1113,92667,93186,대전교통공사_역별 수송실적_20260731.csv,2026-04-01,False,185853,2.5299696028510343,6.922678633068702,174069.33333333334,172227.83333333334,False,일반 구간
2026,갈마,5,1113,91696,92401,대전교통공사_역별 수송실적_20260731.csv,2026-05-01,False,184097,-0.9448327441580195,2.2613400286625174,183739.0,172567.08333333334,False,일반 구간
2026,갈마,6,1113,88509,88311,대전교통공사_역별 수송실적_20260731.csv,2026-06-01,False,176820,-3.9528074873572128,4.530729031190139,182256.66666666666,173205.75,False,일반 구간
2026,갈마,7,1113,87188,87830,대전교통공사_역별 수송실적_20260731.csv,2026-07-01,False,175018,-1.0191154846736827,1.2513378265019748,178645.0,173386.0,False,일반 구간
2015,갑천,1,1115,33925,32950,대전교통공사_역별 수송실적_20151231.csv,2015-01-01,False,66875,,,66875.0,66875.0,False,일반 구간
2015,갑천,2,1115,28176,27137,대전교통공사_역별 수송실적_20151231.csv,2015-02-01,False,55313,-17.288971962616817,,61094.0,61094.0,False,일반 구간
2015,갑천,3,1115,35817,35317,대전교통공사_역별 수송실적_20151231.csv,2015-03-01,False,71134,28.60267929781426,,64440.666666666664,64440.666666666664,False,일반 구간
2015,갑천,4,1115,35060,34257,대전교통공사_역별 수송실적_20151231.csv,2015-04-01,False,69317,-2.5543340737200215,,65254.666666666664,65659.75,False,일반 구간
2015,갑천,5,1115,36009,35654,대전교통공사_역별 수송실적_20151231.csv,2015-05-01,False,71663,3.3844511447408188,,70704.66666666667,66860.4,False,일반 구간
2015,갑천,6,1115,28939,27944,대전교통공사_역별 수송실적_20151231.csv,2015-06-01,False,56883,-20.624311011261042,,65954.33333333333,65197.5,False,일반 구간
2015,갑천,7,1115,32100,30544,대전교통공사_역별 수송실적_20151231.csv,2015-07-01,False,62644,10.127806198688539,,63730.0,64832.71428571428,False,일반 구간
2015,갑천,8,1115,30318,28782,대전교통공사_역별 수송실적_20151231.csv,2015-08-01,False,59100,-5.6573654300491665,,59542.333333333336,64116.125,False,일반 구간
2015,갑천,9,1115,31319,29934,대전교통공사_역별 수송실적_20151231.csv,2015-09-01,False,61253,3.6429780033840897,,60999.0,63798.0,False,일반 구간
2015,갑천,10,1115,33400,32979,대전교통공사_역별 수송실적_20151231.csv,2015-10-01,False,66379,8.368569702708427,,62244.0,64056.1,False,일반 구간
2015,갑천,11,1115,31698,30967,대전교통공사_역별 수송실적_20151231.csv,2015-11-01,False,62665,-5.595143042227213,,63432.333333333336,63929.63636363636,False,일반 구간
2015,갑천,12,1115,33212,32085,대전교통공사_역별 수송실적_20151231.csv,2015-12-01,False,65297,4.20011170509853,,64780.333333333336,64043.583333333336,False,일반 구간
2016,갑천,1,1115,31294,30363,대전교통공사_역별 수송실적_20161231.csv,2016-01-01,False,61657,-5.574528691976665,-7.802616822429909,63206.333333333336,63608.75,False,일반 구간
2016,갑천,2,1115,28973,28144,대전교통공사_역별 수송실적_20161231.csv,2016-02-01,False,57117,-7.363316411761844,3.2614394446151884,61357.0,63759.083333333336,False,일반 구간
2016,갑천,3,1115,34302,33425,대전교통공사_역별 수송실적_20161231.csv,2016-03-01,False,67727,18.57590559728277,-4.789552112913653,62167.0,63475.166666666664,False,일반 구간
2016,갑천,4,1115,33397,33173,대전교통공사_역별 수송실적_20161231.csv,2016-04-01,False,66570,-1.7083290268282925,-3.9629528109987433,63804.666666666664,63246.25,False,일반 구간
2016,갑천,5,1115,35175,33883,대전교통공사_역별 수송실적_20161231.csv,2016-05-01,False,69058,3.7374192579239907,-3.635069701240523,67785.0,63029.166666666664,False,일반 구간
2016,갑천,6,1115,32889,31856,대전교통공사_역별 수송실적_20161231.csv,2016-06-01,False,64745,-6.245474818268704,13.82135260095283,66791.0,63684.333333333336,False,일반 구간
2016,갑천,7,1115,30320,29057,대전교통공사_역별 수송실적_20161231.csv,2016-07-01,False,59377,-8.29098772105954,-5.215184215567337,64393.333333333336,63412.083333333336,False,일반 구간
2016,갑천,8,1115,30793,29403,대전교통공사_역별 수송실적_20161231.csv,2016-08-01,False,60196,1.3793219596813566,1.8544839255499213,61439.333333333336,63503.416666666664,False,일반 구간
2016,갑천,9,1115,30001,28995,대전교통공사_역별 수송실적_20161231.csv,2016-09-01,False,58996,-1.9934879393979643,-3.6847174832253082,59523.0,63315.333333333336,False,일반 구간
2016,갑천,10,1115,33429,33092,대전교통공사_역별 수송실적_20161231.csv,2016-10-01,False,66521,12.755102040816336,0.21392307808192346,61904.333333333336,63327.166666666664,False,일반 구간
2016,갑천,11,1115,31827,31346,대전교통공사_역별 수송실적_20161231.csv,2016-11-01,False,63173,-5.032997098660575,0.8106598579749491,62896.666666666664,63369.5,False,일반 구간
2016,갑천,12,1115,33294,32031,대전교통공사_역별 수송실적_20161231.csv,2016-12-01,False,65325,3.4065186076330134,0.04288098993827649,65006.333333333336,63371.833333333336,False,일반 구간
2017,갑천,1,1115,29792,28703,대전교통공사_역별 수송실적_20171231.csv,2017-01-01,False,58495,-10.455415231534637,-5.128371474447347,62331.0,63108.333333333336,False,일반 구간
2017,갑천,2,1115,29878,28903,대전교통공사_역별 수송실적_20171231.csv,2017-02-01,False,58781,0.4889306778357083,2.913318276520127,60867.0,63247.0,False,일반 구간
2017,갑천,3,1115,34509,33343,대전교통공사_역별 수송실적_20171231.csv,2017-03-01,False,67852,15.43185723277929,0.18456450160202476,61709.333333333336,63257.416666666664,False,일반 구간
2017,갑천,4,1115,33113,33127,대전교통공사_역별 수송실적_20171231.csv,2017-04-01,False,66240,-2.3757590048930077,-0.49571879224875603,64291.0,63229.916666666664,False,일반 구간
2017,갑천,5,1115,33500,32499,대전교통공사_역별 수송실적_20171231.csv,2017-05-01,False,65999,-0.36382850241546416,-4.429609893133312,66697.0,62975.0,False,일반 구간
2017,갑천,6,1115,32358,31229,대전교통공사_역별 수송실적_20171231.csv,2017-06-01,False,63587,-3.6546008272852593,-1.7885551007799871,65275.333333333336,62878.5,False,일반 구간
2017,갑천,7,1115,29073,27934,대전교통공사_역별 수송실적_20171231.csv,2017-07-01,False,57007,-10.34802711246009,-3.991444498711627,62197.666666666664,62681.0,False,일반 구간
2017,갑천,8,1115,29341,28171,대전교통공사_역별 수송실적_20171231.csv,2017-08-01,False,57512,0.8858561229322826,-4.458768024453452,59368.666666666664,62457.333333333336,False,일반 구간
2017,갑천,9,1115,32596,32098,대전교통공사_역별 수송실적_20171231.csv,2017-09-01,False,64694,12.487828627069142,9.658281917418133,59737.666666666664,62932.166666666664,False,일반 구간
2017,갑천,10,1115,29799,29927,대전교통공사_역별 수송실적_20171231.csv,2017-10-01,False,59726,-7.6792283673911,-10.214819380346052,60644.0,62365.916666666664,False,일반 구간
2017,갑천,11,1115,32840,32285,대전교통공사_역별 수송실적_20171231.csv,2017-11-01,False,65125,9.039614238355153,3.089927658968228,63181.666666666664,62528.583333333336,False,일반 구간
2017,갑천,12,1115,31953,31206,대전교통공사_역별 수송실적_20171231.csv,2017-12-01,False,63159,-3.0188099808061475,-3.3157290470723355,62670.0,62348.083333333336,False,일반 구간
2018,갑천,1,1115,31235,30620,대전교통공사_역별 수송실적_20181231.csv,2018-01-01,False,61855,-2.0646305356322947,5.744080690657327,63379.666666666664,62628.083333333336,False,일반 구간
2018,갑천,2,1115,27165,26337,대전교통공사_역별 수송실적_20181231.csv,2018-02-01,False,53502,-13.50416296176542,-8.980793113421004,59505.333333333336,62188.166666666664,False,일반 구간
2018,갑천,3,1115,33081,32741,대전교통공사_역별 수송실적_20181231.csv,2018-03-01,False,65822,23.0271765541475,-2.991805694747396,60393.0,62019.0,False,일반 구간
2018,갑천,4,1115,31823,31326,대전교통공사_역별 수송실적_20181231.csv,2018-04-01,False,63149,-4.060952265200079,-4.666364734299522,60824.333333333336,61761.416666666664,False,일반 구간
2018,갑천,5,1115,32900,32143,대전교통공사_역별 수송실적_20181231.csv,2018-05-01,False,65043,2.9992557285150934,-1.4485067955575137,64671.333333333336,61681.75,False,일반 구간
2018,갑천,6,1115,31069,30820,대전교통공사_역별 수송실적_20181231.csv,2018-06-01,False,61889,-4.849099826268777,-2.6703571484737454,63360.333333333336,61540.25,False,일반 구간
2018,갑천,7,1115,29388,28391,대전교통공사_역별 수송실적_20181231.csv,2018-07-01,False,57779,-6.640921650050902,1.3542196572350784,61570.333333333336,61604.583333333336,False,일반 구간
2018,갑천,8,1115,28948,27807,대전교통공사_역별 수송실적_20181231.csv,2018-08-01,False,56755,-1.7722702019765002,-1.3162470440951424,58807.666666666664,61541.5,False,일반 구간
2018,갑천,9,1115,27134,26776,대전교통공사_역별 수송실적_20181231.csv,2018-09-01,False,53910,-5.012774204915871,-16.669242897332058,56148.0,60642.833333333336,False,일반 구간
2018,갑천,10,1115,31317,31351,대전교통공사_역별 수송실적_20181231.csv,2018-10-01,False,62668,16.245594509367468,4.9258279476275035,57777.666666666664,60888.0,False,일반 구간
2018,갑천,11,1115,30726,30461,대전교통공사_역별 수송실적_20181231.csv,2018-11-01,False,61187,-2.3632475904768024,-6.046833013435704,59255.0,60559.833333333336,False,일반 구간
2018,갑천,12,1115,29715,29656,대전교통공사_역별 수송실적_20181231.csv,2018-12-01,False,59371,-2.967950708483824,-5.997561709336752,61075.333333333336,60244.166666666664,False,일반 구간
2019,갑천,1,1115,30086,30191,대전교통공사_역별 수송실적_20191231.csv,2019-01-01,False,60277,1.5259975408869586,-2.5511276372160663,60278.333333333336,60112.666666666664,False,일반 구간
2019,갑천,2,1115,25968,25838,대전교통공사_역별 수송실적_20191231.csv,2019-02-01,False,51806,-14.053453224281231,-3.169974954207322,57151.333333333336,59971.333333333336,False,일반 구간
2019,갑천,3,1115,30973,31026,대전교통공사_역별 수송실적_20191231.csv,2019-03-01,False,61999,19.67532718217968,-5.808088481054963,58027.333333333336,59652.75,False,일반 구간
2019,갑천,4,1115,31653,31734,대전교통공사_역별 수송실적_20191231.csv,2019-04-01,False,63387,2.2387457862223625,0.37688641150295243,59064.0,59672.583333333336,False,일반 구간
2019,갑천,5,1115,33043,32450,대전교통공사_역별 수송실적_20191231.csv,2019-05-01,False,65493,3.322447820531016,0.691850006918493,63626.333333333336,59710.083333333336,False,일반 구간
2019,갑천,6,1115,30039,29808,대전교통공사_역별 수송실적_20191231.csv,2019-06-01,False,59847,-8.620768631762177,-3.2994554767406203,62909.0,59539.916666666664,False,일반 구간
2019,갑천,7,1115,31052,30079,대전교통공사_역별 수송실적_20191231.csv,2019-07-01,False,61131,2.145470950924855,5.801415739282434,62157.0,59819.25,False,일반 구간
2019,갑천,8,1115,28802,27848,대전교통공사_역별 수송실적_20191231.csv,2019-08-01,False,56650,-7.3301598207129,-0.18500572636772628,59209.333333333336,59810.5,False,일반 구간
2019,갑천,9,1115,27749,27224,대전교통공사_역별 수송실적_20191231.csv,2019-09-01,False,54973,-2.960282436010586,1.9718048599517646,57584.666666666664,59899.083333333336,False,일반 구간
2019,갑천,10,1115,31391,31524,대전교통공사_역별 수송실적_20191231.csv,2019-10-01,False,62915,14.447092208902546,0.39414055020106087,58179.333333333336,59919.666666666664,False,일반 구간
2019,갑천,11,1115,30760,29972,대전교통공사_역별 수송실적_20191231.csv,2019-11-01,False,60732,-3.4697607883652504,-0.743622011211531,59540.0,59881.75,False,일반 구간
2019,갑천,12,1115,30972,30333,대전교통공사_역별 수송실적_20191231.csv,2019-12-01,False,61305,0.943489428966604,3.257482609354745,61650.666666666664,60042.916666666664,False,일반 구간
2020,갑천,1,1115,28106,27546,대전교통공사_역별 수송실적_20200531.csv,2020-01-01,False,55652,-9.221107576869747,-7.672910065199002,59229.666666666664,59657.5,False,일반 구간
2020,갑천,2,1115,22839,22154,대전교통공사_역별 수송실적_20200531.csv,2020-02-01,False,44993,-19.152950477970244,-13.150986372234874,53983.333333333336,59089.75,True,팬데믹 구간
2020,갑천,3,1115,16869,16022,대전교통공사_역별 수송실적_20200531.csv,2020-03-01,False,32891,-26.89751739159425,-46.949144341037766,44512.0,56664.083333333336,True,팬데믹 구간
2020,갑천,4,1115,19651,19034,대전교통공사_역별 수송실적_20200531.csv,2020-04-01,False,38685,17.615761150466703,-38.97013583226845,38856.333333333336,54605.583333333336,False,팬데믹 구간
2020,갑천,5,1115,23372,22570,대전교통공사_역별 수송실적_20200531.csv,2020-05-01,False,45942,18.759208995734777,-29.852045256744997,39172.666666666664,52976.333333333336,False,팬데믹 구간
2020,갑천,6,1115,22544,21418,대전교통공사_역별 수송실적_20211231.csv,2020-06-01,False,43962,-4.309781898916021,-26.542683843801697,42863.0,51652.583333333336,False,팬데믹 구간
2020,갑천,7,1115,20839,19785,대전교통공사_역별 수송실적_20211231.csv,2020-07-01,False,40624,-7.59292115918293,-33.54599139552764,43509.333333333336,49943.666666666664,False,팬데믹 구간
2020,갑천,8,1115,19365,18732,대전교통공사_역별 수송실적_20211231.csv,2020-08-01,False,38097,-6.220460811343054,-32.750220653133276,40894.333333333336,48397.583333333336,False,팬데믹 구간
2020,갑천,9,1115,20099,19308,대전교통공사_역별 수송실적_20211231.csv,2020-09-01,False,39407,3.4385909651678537,-28.31571862550707,39376.0,47100.416666666664,False,팬데믹 구간
2020,갑천,10,1115,22755,22101,대전교통공사_역별 수송실적_20211231.csv,2020-10-01,False,44856,13.827492577460854,-28.703806723356905,40786.666666666664,45595.5,False,팬데믹 구간
2020,갑천,11,1115,23769,23177,대전교통공사_역별 수송실적_20211231.csv,2020-11-01,False,46946,4.659354378455505,-22.699729961140747,43736.333333333336,44446.666666666664,False,팬데믹 구간
2020,갑천,12,1115,20937,20242,대전교통공사_역별 수송실적_20211231.csv,2020-12-01,False,41179,-12.284326673198997,-32.82929614223961,44327.0,42769.5,False,팬데믹 구간
2021,갑천,1,1115,20778,19898,대전교통공사_역별 수송실적_20211231.csv,2021-01-01,False,40676,-1.2214963937929535,-26.9100840940128,42933.666666666664,41521.5,False,팬데믹 구간
2021,갑천,2,1115,19740,18976,대전교통공사_역별 수송실적_20211231.csv,2021-02-01,False,38716,-4.818566230701149,-13.951059053630566,40190.333333333336,40998.416666666664,False,팬데믹 구간
2021,갑천,3,1115,23662,22834,대전교통공사_역별 수송실적_20211231.csv,2021-03-01,False,46496,20.09505114164687,41.363898938919455,41962.666666666664,42132.166666666664,False,팬데믹 구간
2021,갑천,4,1115,23919,22974,대전교통공사_역별 수송실적_20211231.csv,2021-04-01,False,46893,0.853836889194759,21.21752617293524,44035.0,42816.166666666664,False,팬데믹 구간
2021,갑천,5,1115,23538,22535,대전교통공사_역별 수송실적_20211231.csv,2021-05-01,False,46073,-1.7486618471840187,0.2851421357363604,46487.333333333336,42827.083333333336,False,팬데믹 구간
2021,갑천,6,1115,24124,22671,대전교통공사_역별 수송실적_20211231.csv,2021-06-01,False,46795,1.5670783322119242,6.4442018106546595,46587.0,43063.166666666664,False,팬데믹 구간
2021,갑천,7,1115,22013,20803,대전교통공사_역별 수송실적_20211231.csv,2021-07-01,False,42816,-8.50304519713645,5.39582512800314,45228.0,43245.833333333336,False,팬데믹 구간
2021,갑천,8,1115,20370,19704,대전교통공사_역별 수송실적_20211231.csv,2021-08-01,False,40074,-6.40414798206278,5.189384990944168,43228.333333333336,43410.583333333336,False,팬데믹 구간
2021,갑천,9,1115,21238,20659,대전교통공사_역별 수송실적_20211231.csv,2021-09-01,False,41897,4.549084194240649,6.318674347197195,41595.666666666664,43618.083333333336,False,팬데믹 구간
2021,갑천,10,1115,24654,23827,대전교통공사_역별 수송실적_20211231.csv,2021-10-01,False,48481,15.71472897820847,8.081416087034054,43484.0,43920.166666666664,False,팬데믹 구간
2021,갑천,11,1115,25736,24267,대전교통공사_역별 수송실적_20211231.csv,2021-11-01,False,50003,3.1393741878261494,6.511736889191844,46793.666666666664,44174.916666666664,False,팬데믹 구간
2021,갑천,12,1115,25516,23852,대전교통공사_역별 수송실적_20211231.csv,2021-12-01,False,49368,-1.2699238045717265,19.886349838509922,49284.0,44857.333333333336,False,팬데믹 구간
2022,갑천,1,1115,24078,23249,대전교통공사_역별 수송실적_20221231.csv,2022-01-01,False,47327,-4.13425700858856,16.351165306323146,48899.333333333336,45411.583333333336,False,팬데믹 구간
2022,갑천,2,1115,20958,20331,대전교통공사_역별 수송실적_20221231.csv,2022-02-01,False,41289,-12.758045090540282,6.6458311809071136,45994.666666666664,45626.0,False,팬데믹 구간
2022,갑천,3,1115,24477,23951,대전교통공사_역별 수송실적_20221231.csv,2022-03-01,False,48428,17.290319455545067,4.155196145905027,45681.333333333336,45787.0,False,팬데믹 구간
2022,갑천,4,1115,26348,25906,대전교통공사_역별 수송실적_20221231.csv,2022-04-01,False,52254,7.900388205170561,11.432409954577437,47323.666666666664,46233.75,False,팬데믹 구간
2022,갑천,5,1115,28977,28121,대전교통공사_역별 수송실적_20221231.csv,2022-05-01,False,57098,9.270103724116808,23.929416360992327,52593.333333333336,47152.5,False,일반 구간
2022,갑천,6,1115,27525,26628,대전교통공사_역별 수송실적_20221231.csv,2022-06-01,False,54153,-5.157798872114605,15.723902126295553,54501.666666666664,47765.666666666664,False,일반 구간
2022,갑천,7,1115,26814,25840,대전교통공사_역별 수송실적_20221231.csv,2022-07-01,False,52654,-2.7680830240245258,22.97739162929746,54635.0,48585.5,False,일반 구간
2022,갑천,8,1115,24419,23930,대전교통공사_역별 수송실적_20221231.csv,2022-08-01,False,48349,-8.176017016750869,20.649298797225125,51718.666666666664,49275.083333333336,False,일반 구간
2022,갑천,9,1115,26277,25549,대전교통공사_역별 수송실적_20221231.csv,2022-09-01,False,51826,7.191462077809252,23.698594171420396,50943.0,50102.5,False,일반 구간
2022,갑천,10,1115,28383,27794,대전교통공사_역별 수송실적_20221231.csv,2022-10-01,False,56177,8.39539999228187,15.87426001938903,52117.333333333336,50743.833333333336,False,일반 구간
2022,갑천,11,1115,28788,27965,대전교통공사_역별 수송실적_20221231.csv,2022-11-01,False,56753,1.0253306513341665,13.499190048597075,54918.666666666664,51306.333333333336,False,일반 구간
2022,갑천,12,1115,28335,27502,대전교통공사_역별 수송실적_20221231.csv,2022-12-01,False,55837,-1.6140115941007505,13.103629881704748,56255.666666666664,51845.416666666664,False,일반 구간
2023,갑천,1,1115,25483,25241,대전교통공사_역별 수송실적_20231231.csv,2023-01-01,False,50724,-9.157010584379533,7.177720962664025,54438.0,52128.5,False,일반 구간
2023,갑천,2,1115,26321,25934,대전교통공사_역별 수송실적_20231231.csv,2023-02-01,False,52255,3.0182950871382452,26.559131972195992,52938.666666666664,53042.333333333336,False,일반 구간
2023,갑천,3,1115,30151,29814,대전교통공사_역별 수송실적_20231231.csv,2023-03-01,False,59965,14.754568940771229,23.822994961592457,54314.666666666664,54003.75,False,일반 구간
2023,갑천,4,1115,29033,29050,대전교통공사_역별 수송실적_20231231.csv,2023-04-01,False,58083,-3.1384974568498314,11.15512688023883,56767.666666666664,54489.5,False,일반 구간
2023,갑천,5,1115,29326,29099,대전교통공사_역별 수송실적_20231231.csv,2023-05-01,False,58425,0.5888125613346507,2.3240743984027423,58824.333333333336,54600.083333333336,False,일반 구간
2023,갑천,6,1115,28827,27779,대전교통공사_역별 수송실적_20231231.csv,2023-06-01,False,56606,-3.11339323919555,4.529758277473084,57704.666666666664,54804.5,False,일반 구간
2023,갑천,7,1115,25915,25201,대전교통공사_역별 수송실적_20231231.csv,2023-07-01,False,51116,-9.698618521004843,-2.920955672883352,55382.333333333336,54676.333333333336,False,일반 구간
2023,갑천,8,1115,26892,26353,대전교통공사_역별 수송실적_20231231.csv,2023-08-01,False,53245,4.165036387823773,10.126372830875518,53655.666666666664,55084.333333333336,False,일반 구간
2023,갑천,9,1115,26179,25461,대전교통공사_역별 수송실적_20231231.csv,2023-09-01,False,51640,-3.0143675462484754,-0.35889321961949383,52000.333333333336,55068.833333333336,False,일반 구간
2023,갑천,10,1115,29407,28924,대전교통공사_역별 수송실적_20231231.csv,2023-10-01,False,58331,12.957010069713393,3.8343094148850954,54405.333333333336,55248.333333333336,False,일반 구간
2023,갑천,11,1115,28990,28603,대전교통공사_역별 수송실적_20231231.csv,2023-11-01,False,57593,-1.2651934648814533,1.4800979683893267,55854.666666666664,55318.333333333336,False,일반 구간
2023,갑천,12,1115,28095,27616,대전교통공사_역별 수송실적_20231231.csv,2023-12-01,False,55711,-3.2677582345076672,-0.22565682253702368,57211.666666666664,55307.833333333336,False,일반 구간
2024,갑천,1,1115,28242,27848,대전교통공사_역별 수송실적_20241231.csv,2024-01-01,False,56090,0.6802965303081887,10.578818705149429,56464.666666666664,55755.0,False,일반 구간
2024,갑천,2,1115,25419,24829,대전교통공사_역별 수송실적_20241231.csv,2024-02-01,False,50248,-10.415403815296841,-3.840780786527609,54016.333333333336,55587.75,False,일반 구간
2024,갑천,3,1115,28809,28577,대전교통공사_역별 수송실적_20241231.csv,2024-03-01,False,57386,14.205540519025629,-4.300842157925455,54574.666666666664,55372.833333333336,False,일반 구간
2024,갑천,4,1115,29818,30362,대전교통공사_역별 수송실적_20241231.csv,2024-04-01,False,60180,4.8687833269438485,3.610350705025578,55938.0,55547.583333333336,False,일반 구간
2024,갑천,5,1115,29493,28654,대전교통공사_역별 수송실적_20241231.csv,2024-05-01,False,58147,-3.3781987371219624,-0.4758237056054826,58571.0,55524.416666666664,False,일반 구간
2024,갑천,6,1115,27383,27151,대전교통공사_역별 수송실적_20241231.csv,2024-06-01,False,54534,-6.213562178616261,-3.66038935801859,57620.333333333336,55351.75,False,일반 구간
2024,갑천,7,1115,25882,24943,대전교통공사_역별 수송실적_20241231.csv,2024-07-01,False,50825,-6.801261598268971,-0.5692933719383397,54502.0,55327.5,False,일반 구간
2024,갑천,8,1115,26793,25999,대전교통공사_역별 수송실적_20241231.csv,2024-08-01,False,52792,3.8701426463354727,-0.8507841111841441,52717.0,55289.75,False,일반 구간
2024,갑천,9,1115,25873,24939,대전교통공사_역별 수송실적_20241231.csv,2024-09-01,False,50812,-3.7505682679193852,-1.6034082106893832,51476.333333333336,55220.75,False,일반 구간
2024,갑천,10,1115,28822,28362,대전교통공사_역별 수송실적_20241231.csv,2024-10-01,False,57184,12.540344800440838,-1.9663643688604737,53596.0,55125.166666666664,False,일반 구간
2024,갑천,11,1115,29383,28828,대전교통공사_역별 수송실적_20241231.csv,2024-11-01,False,58211,1.7959569110240547,1.0730470716927343,55402.333333333336,55176.666666666664,False,일반 구간
2024,갑천,12,1115,28966,28510,대전교통공사_역별 수송실적_20241231.csv,2024-12-01,False,57476,-1.262647953136009,3.168135556712315,57623.666666666664,55323.75,False,일반 구간
2026,갑천,1,1115,29390,28899,대전교통공사_역별 수송실적_20260731.csv,2026-01-01,False,58289,1.4145034449161376,3.920484934926005,57992.0,55507.0,False,일반 구간
2026,갑천,2,1115,26126,25751,대전교통공사_역별 수송실적_20260731.csv,2026-02-01,False,51877,-11.000360273808097,3.2419200764209455,55880.666666666664,55642.75,False,일반 구간
2026,갑천,3,1115,33092,32895,대전교통공사_역별 수송실적_20260731.csv,2026-03-01,False,65987,27.198951365730473,14.987976161433103,58717.666666666664,56359.5,True,일반 구간
2026,갑천,4,1115,33730,33731,대전교통공사_역별 수송실적_20260731.csv,2026-04-01,False,67461,2.2337733189870645,12.098703888335006,61775.0,56966.25,False,일반 구간
2026,갑천,5,1115,32826,32127,대전교통공사_역별 수송실적_20260731.csv,2026-05-01,False,64953,-3.7177035620580834,11.704817101484167,66133.66666666667,57533.416666666664,False,일반 구간
2026,갑천,6,1115,32107,30947,대전교통공사_역별 수송실적_20260731.csv,2026-06-01,False,63054,-2.923652487183037,15.62328088898668,65156.0,58243.416666666664,False,일반 구간
2026,갑천,7,1115,29888,28871,대전교통공사_역별 수송실적_20260731.csv,2026-07-01,False,58759,-6.811621784502176,15.6104279390064,62255.333333333336,58904.583333333336,False,일반 구간
2015,구암,1,1117,89259,89604,대전교통공사_역별 수송실적_20151231.csv,2015-01-01,False,178863,,,178863.0,178863.0,False,일반 구간
2015,구암,2,1117,75926,76938,대전교통공사_역별 수송실적_20151231.csv,2015-02-01,False,152864,-14.535706099081425,,165863.5,165863.5,False,일반 구간
2015,구암,3,1117,96399,97715,대전교통공사_역별 수송실적_20151231.csv,2015-03-01,False,194114,26.984770776638058,,175280.33333333334,175280.33333333334,False,일반 구간
2015,구암,4,1117,94239,95656,대전교통공사_역별 수송실적_20151231.csv,2015-04-01,False,189895,-2.1734650772226582,,178957.66666666666,178934.0,False,일반 구간
2015,구암,5,1117,96546,99503,대전교통공사_역별 수송실적_20151231.csv,2015-05-01,False,196049,3.240738302746249,,193352.66666666666,182357.0,False,일반 구간
2015,구암,6,1117,78156,78765,대전교통공사_역별 수송실적_20151231.csv,2015-06-01,False,156921,-19.958275737188146,,180955.0,178117.66666666666,False,일반 구간
2015,구암,7,1117,84465,85268,대전교통공사_역별 수송실적_20151231.csv,2015-07-01,False,169733,8.16461786504037,,174234.33333333334,176919.85714285713,False,일반 구간
2015,구암,8,1117,81521,83306,대전교통공사_역별 수송실적_20151231.csv,2015-08-01,False,164827,-2.890422015754157,,163827.0,175408.25,False,일반 구간
2015,구암,9,1117,87210,89368,대전교통공사_역별 수송실적_20151231.csv,2015-09-01,False,176578,7.129293137653425,,170379.33333333334,175538.22222222222,False,일반 구간
2015,구암,10,1117,92689,93799,대전교통공사_역별 수송실적_20151231.csv,2015-10-01,False,186488,5.612250676754749,,175964.33333333334,176633.2,False,일반 구간
2015,구암,11,1117,87916,89174,대전교통공사_역별 수송실적_20151231.csv,2015-11-01,False,177090,-5.039466346360088,,180052.0,176674.72727272726,False,일반 구간
2015,구암,12,1117,90104,90327,대전교통공사_역별 수송실적_20151231.csv,2015-12-01,False,180431,1.8866113275735508,,181336.33333333334,176987.75,False,일반 구간
2016,구암,1,1117,78840,79907,대전교통공사_역별 수송실적_20161231.csv,2016-01-01,False,158747,-12.017890495535688,-11.246596557141498,172089.33333333334,175311.41666666666,False,일반 구간
2016,구암,2,1117,74222,75929,대전교통공사_역별 수송실적_20161231.csv,2016-02-01,False,150151,-5.4149054785287305,-1.7747801967762156,163109.66666666666,175085.33333333334,False,일반 구간
2016,구암,3,1117,92142,93780,대전교통공사_역별 수송실적_20161231.csv,2016-03-01,False,185922,23.823351159832427,-4.220200500736682,164940.0,174402.66666666666,False,일반 구간
2016,구암,4,1117,90289,91703,대전교통공사_역별 수송실적_20161231.csv,2016-04-01,False,181992,-2.1137896537257506,-4.1617736117328,172688.33333333334,173744.08333333334,False,일반 구간
2016,구암,5,1117,90439,91698,대전교통공사_역별 수송실적_20161231.csv,2016-05-01,False,182137,0.07967383181677334,-7.096185137389122,183350.33333333334,172584.75,False,일반 구간
2016,구암,6,1117,86169,86191,대전교통공사_역별 수송실적_20161231.csv,2016-06-01,False,172360,-5.367937321906036,9.838708649575256,178829.66666666666,173871.33333333334,False,일반 구간
2016,구암,7,1117,80815,80173,대전교통공사_역별 수송실적_20161231.csv,2016-07-01,False,160988,-6.597818519378052,-5.15220964691604,171828.33333333334,173142.58333333334,False,일반 구간
2016,구암,8,1117,78210,78664,대전교통공사_역별 수송실적_20161231.csv,2016-08-01,False,156874,-2.5554699729172348,-4.825059001255861,163407.33333333334,172479.83333333334,False,일반 구간
2016,구암,9,1117,80568,81895,대전교통공사_역별 수송실적_20161231.csv,2016-09-01,False,162463,3.5627318739880343,-7.993634541109307,160108.33333333334,171303.58333333334,False,일반 구간
2016,구암,10,1117,88443,88507,대전교통공사_역별 수송실적_20161231.csv,2016-10-01,False,176950,8.91710727981141,-5.114538200849383,165429.0,170508.75,False,일반 구간
2016,구암,11,1117,85515,86721,대전교통공사_역별 수송실적_20161231.csv,2016-11-01,False,172236,-2.664029386832434,-2.7409791631373914,170549.66666666666,170104.25,False,일반 구간
2016,구암,12,1117,85275,85470,대전교통공사_역별 수송실적_20161231.csv,2016-12-01,False,170745,-0.8656726816693383,-5.368257117679331,173310.33333333334,169297.08333333334,False,일반 구간
2017,구암,1,1117,75582,76083,대전교통공사_역별 수송실적_20171231.csv,2017-01-01,False,151665,-11.17455855222701,-4.461186668094519,164882.0,168706.91666666666,False,일반 구간
2017,구암,2,1117,74865,75632,대전교통공사_역별 수송실적_20171231.csv,2017-02-01,False,150497,-0.7701183529489342,0.23043469573962305,157635.66666666666,168735.75,False,일반 구간
2017,구암,3,1117,91219,92111,대전교통공사_역별 수송실적_20171231.csv,2017-03-01,False,183330,21.816381721894796,-1.3941330235259897,161830.66666666666,168519.75,False,일반 구간
2017,구암,4,1117,88342,88472,대전교통공사_역별 수송실적_20171231.csv,2017-04-01,False,176814,-3.5542464408443775,-2.84518000791244,170213.66666666666,168088.25,False,일반 구간
2017,구암,5,1117,89465,89877,대전교통공사_역별 수송실적_20171231.csv,2017-05-01,False,179342,1.4297510378137535,-1.5345591505295464,179828.66666666666,167855.33333333334,False,일반 구간
2017,구암,6,1117,86535,86423,대전교통공사_역별 수송실적_20171231.csv,2017-06-01,False,172958,-3.559679272005445,0.34694824785332923,176371.33333333334,167905.16666666666,False,일반 구간
2017,구암,7,1117,78428,78316,대전교통공사_역별 수송실적_20171231.csv,2017-07-01,False,156744,-9.374530232773271,-2.6362213332670748,169681.33333333334,167551.5,False,일반 구간
2017,구암,8,1117,78518,78504,대전교통공사_역별 수송실적_20171231.csv,2017-08-01,False,157022,0.17735926096054122,0.09434323087318397,162241.33333333334,167563.83333333334,False,일반 구간
2017,구암,9,1117,89405,89339,대전교통공사_역별 수송실적_20171231.csv,2017-09-01,False,178744,13.833730305307546,10.021358709367668,164170.0,168920.58333333334,False,일반 구간
2017,구암,10,1117,78536,78688,대전교통공사_역별 수송실적_20171231.csv,2017-10-01,False,157224,-12.039564964418382,-11.14778185928228,164330.0,167276.75,False,일반 구간
2017,구암,11,1117,85336,85397,대전교통공사_역별 수송실적_20171231.csv,2017-11-01,False,170733,8.592199664173418,-0.8726398662300516,168900.33333333334,167151.5,False,일반 구간
2017,구암,12,1117,82488,81132,대전교통공사_역별 수송실적_20171231.csv,2017-12-01,False,163620,-4.166154170546998,-4.172889396468415,163859.0,166557.75,False,일반 구간
2018,구암,1,1117,76111,75151,대전교통공사_역별 수송실적_20181231.csv,2018-01-01,False,151262,-7.55286639775089,-0.2657172056835799,161871.66666666666,166524.16666666666,False,일반 구간
2018,구암,2,1117,68338,68286,대전교통공사_역별 수송실적_20181231.csv,2018-02-01,False,136624,-9.677248747206836,-9.218123949314606,150502.0,165368.08333333334,True,일반 구간
2018,구암,3,1117,86537,85961,대전교통공사_역별 수송실적_20181231.csv,2018-03-01,False,172498,26.25746574540344,-5.908471063110243,153461.33333333334,164465.41666666666,False,일반 구간
2018,구암,4,1117,84928,84403,대전교통공사_역별 수송실적_20181231.csv,2018-04-01,False,169331,-1.8359633155166977,-4.232130939857703,159484.33333333334,163841.83333333334,False,일반 구간
2018,구암,5,1117,87686,87359,대전교통공사_역별 수송실적_20181231.csv,2018-05-01,False,175045,3.374455947227628,-2.3959808633783553,172291.33333333334,163483.75,False,일반 구간
2018,구암,6,1117,81566,80527,대전교통공사_역별 수송실적_20181231.csv,2018-06-01,False,162093,-7.399240195378331,-6.2818718995363065,168823.0,162578.33333333334,False,일반 구간
2018,구암,7,1117,74926,74772,대전교통공사_역별 수송실적_20181231.csv,2018-07-01,False,149698,-7.646844712603262,-4.495227887510844,162278.66666666666,161991.16666666666,False,일반 구간
2018,구암,8,1117,73140,72424,대전교통공사_역별 수송실적_20181231.csv,2018-08-01,False,145564,-2.761559940680569,-7.2970666530804635,152451.66666666666,161036.33333333334,False,일반 구간
2018,구암,9,1117,77251,76470,대전교통공사_역별 수송실적_20181231.csv,2018-09-01,False,153721,5.60372070017312,-13.99935102716735,149661.0,158951.08333333334,False,일반 구간
2018,구암,10,1117,86506,85654,대전교통공사_역별 수송실적_20181231.csv,2018-10-01,False,172160,11.995108020374579,9.499821910140938,157148.33333333334,160195.75,False,일반 구간
2018,구암,11,1117,84382,84180,대전교통공사_역별 수송실적_20181231.csv,2018-11-01,False,168562,-2.0899163568773194,-1.2715760866382042,164814.33333333334,160014.83333333334,False,일반 구간
2018,구암,12,1117,80198,79429,대전교통공사_역별 수송실적_20181231.csv,2018-12-01,False,159627,-5.300720209774445,-2.4404107077374393,166783.0,159682.08333333334,False,일반 구간
2019,구암,1,1117,81199,80358,대전교통공사_역별 수송실적_20191231.csv,2019-01-01,False,161557,1.2090686412699503,6.806071584403228,163248.66666666666,160540.0,False,일반 구간
2019,구암,2,1117,67419,67410,대전교통공사_역별 수송실적_20191231.csv,2019-02-01,False,134829,-16.544006140247713,-1.3138248038412015,152004.33333333334,160390.41666666666,True,일반 구간
2019,구암,3,1117,88490,87510,대전교통공사_역별 수송실적_20191231.csv,2019-03-01,False,176000,30.53571561014321,2.0301684657213492,157462.0,160682.25,False,일반 구간
2019,구암,4,1117,87948,86603,대전교통공사_역별 수송실적_20191231.csv,2019-04-01,False,174551,-0.8232954545454585,3.082719643774623,161793.33333333334,161117.25,False,일반 구간
2019,구암,5,1117,90860,89702,대전교통공사_역별 수송실적_20191231.csv,2019-05-01,False,180562,3.4436926743473206,3.151760975749096,177037.66666666666,161577.0,False,일반 구간
2019,구암,6,1117,81926,80401,대전교통공사_역별 수송실적_20191231.csv,2019-06-01,False,162327,-10.099024157906978,0.14436157020969453,172480.0,161596.5,False,일반 구간
2019,구암,7,1117,82191,80604,대전교통공사_역별 수송실적_20191231.csv,2019-07-01,False,162795,0.2883069359995494,8.748947881735237,168561.33333333334,162687.91666666666,False,일반 구간
2019,구암,8,1117,76849,75180,대전교통공사_역별 수송실적_20191231.csv,2019-08-01,False,152029,-6.61322522190485,4.441345387595841,159050.33333333334,163226.66666666666,False,일반 구간
2019,구암,9,1117,77345,76105,대전교통공사_역별 수송실적_20191231.csv,2019-09-01,False,153450,0.934690092021917,-0.17629341469285187,156091.33333333334,163204.08333333334,False,일반 구간
2019,구암,10,1117,87089,85861,대전교통공사_역별 수송실적_20191231.csv,2019-10-01,False,172950,12.70772238514175,0.4588754646840165,159476.33333333334,163269.91666666666,False,일반 구간
2019,구암,11,1117,85005,83362,대전교통공사_역별 수송실적_20191231.csv,2019-11-01,False,168367,-2.6498988146863245,-0.1156844365871268,164922.33333333334,163253.66666666666,False,일반 구간
2019,구암,12,1117,83890,82333,대전교통공사_역별 수송실적_20191231.csv,2019-12-01,False,166223,-1.2734086845997084,4.132133035138175,169180.0,163803.33333333334,False,일반 구간
2020,구암,1,1117,73874,73272,대전교통공사_역별 수송실적_20200531.csv,2020-01-01,False,147146,-11.476751111458706,-8.92007155369312,160578.66666666666,162602.41666666666,False,일반 구간
2020,구암,2,1117,55986,55453,대전교통공사_역별 수송실적_20200531.csv,2020-02-01,False,111439,-24.266374892963448,-17.347899932507104,141602.66666666666,160653.25,True,팬데믹 구간
2020,구암,3,1117,37043,36740,대전교통공사_역별 수송실적_20200531.csv,2020-03-01,False,73783,-33.79068369242366,-58.07784090909092,110789.33333333333,152135.16666666666,True,팬데믹 구간
2020,구암,4,1117,46021,45758,대전교통공사_역별 수송실적_20200531.csv,2020-04-01,False,91779,24.390442242793053,-47.41995176194923,92333.66666666667,145237.5,False,팬데믹 구간
2020,구암,5,1117,56824,55828,대전교통공사_역별 수송실적_20200531.csv,2020-05-01,False,112652,22.742675339674644,-37.610349907511,92738.0,139578.33333333334,False,팬데믹 구간
2020,구암,6,1117,54949,53842,대전교통공사_역별 수송실적_20211231.csv,2020-06-01,False,108791,-3.4273692433334557,-32.98034214887233,104407.33333333333,135117.0,False,팬데믹 구간
2020,구암,7,1117,51602,50012,대전교통공사_역별 수송실적_20211231.csv,2020-07-01,False,101614,-6.597053065051339,-37.581621057157776,107685.66666666667,130018.58333333333,False,팬데믹 구간
2020,구암,8,1117,49323,48522,대전교통공사_역별 수송실적_20211231.csv,2020-08-01,False,97845,-3.709134568071326,-35.64056857573226,102750.0,125503.25,False,팬데믹 구간
2020,구암,9,1117,51295,50144,대전교통공사_역별 수송실적_20211231.csv,2020-09-01,False,101439,3.6731565230722074,-33.89442815249267,100299.33333333333,121169.0,False,팬데믹 구간
2020,구암,10,1117,56274,55229,대전교통공사_역별 수송실적_20211231.csv,2020-10-01,False,111503,9.921233450645218,-35.528765539173165,103595.66666666667,116048.41666666667,False,팬데믹 구간
2020,구암,11,1117,59456,58400,대전교통공사_역별 수송실적_20211231.csv,2020-11-01,False,117856,5.697604548756541,-30.000534546556036,110266.0,111839.16666666667,False,팬데믹 구간
2020,구암,12,1117,50622,48934,대전교통공사_역별 수송실적_20211231.csv,2020-12-01,False,99556,-15.527423296225907,-40.10696474013825,109638.33333333333,106283.58333333333,False,팬데믹 구간
2021,구암,1,1117,49130,47453,대전교통공사_역별 수송실적_20211231.csv,2021-01-01,False,96583,-2.9862589899152248,-34.36246992782679,104665.0,102070.0,False,팬데믹 구간
2021,구암,2,1117,47503,46580,대전교통공사_역별 수송실적_20211231.csv,2021-02-01,False,94083,-2.5884472422683102,-15.574439828067376,96740.66666666667,100623.66666666667,False,팬데믹 구간
2021,구암,3,1117,62202,61058,대전교통공사_역별 수송실적_20211231.csv,2021-03-01,False,123260,31.011978784690108,67.05745225865036,104642.0,104746.75,False,팬데믹 구간
2021,구암,4,1117,60732,59437,대전교통공사_역별 수송실적_20211231.csv,2021-04-01,False,120169,-2.5077072854129523,30.933002102877573,112504.0,107112.58333333333,False,팬데믹 구간
2021,구암,5,1117,58061,57946,대전교통공사_역별 수송실적_20211231.csv,2021-05-01,False,116007,-3.4634556333164146,2.9781983453467387,119812.0,107392.16666666667,False,팬데믹 구간
2021,구암,6,1117,58646,58066,대전교통공사_역별 수송실적_20211231.csv,2021-06-01,False,116712,0.6077219478134888,7.2809331654272835,117629.33333333333,108052.25,False,팬데믹 구간
2021,구암,7,1117,52057,51570,대전교통공사_역별 수송실적_20211231.csv,2021-07-01,False,103627,-11.211357872369598,1.981026236542216,112115.33333333333,108220.0,False,팬데믹 구간
2021,구암,8,1117,54151,52438,대전교통공사_역별 수송실적_20211231.csv,2021-08-01,False,106589,2.8583284279193544,8.936583371659257,108976.0,108948.66666666667,False,팬데믹 구간
2021,구암,9,1117,66508,66122,대전교통공사_역별 수송실적_20211231.csv,2021-09-01,False,132630,24.431226486785683,30.748528672404095,114282.0,111547.91666666667,False,팬데믹 구간
2021,구암,10,1117,75249,75020,대전교통공사_역별 수송실적_20211231.csv,2021-10-01,False,150269,13.299404357988397,34.76677757549125,129829.33333333333,114778.41666666667,True,팬데믹 구간
2021,구암,11,1117,76891,77263,대전교통공사_역별 수송실적_20211231.csv,2021-11-01,False,154154,2.585363581310851,30.798601683410265,145684.33333333334,117803.25,False,팬데믹 구간
2021,구암,12,1117,73825,73328,대전교통공사_역별 수송실적_20211231.csv,2021-12-01,False,147153,-4.541562333770122,47.809273172887615,150525.33333333334,121769.66666666667,False,팬데믹 구간
2022,구암,1,1117,70217,69921,대전교통공사_역별 수송실적_20221231.csv,2022-01-01,False,140138,-4.7671471189850045,45.095927854798454,147148.33333333334,125399.25,False,팬데믹 구간
2022,구암,2,1117,56789,56689,대전교통공사_역별 수송실적_20221231.csv,2022-02-01,False,113478,-19.02410481097204,20.614776314530793,133589.66666666666,127015.5,False,팬데믹 구간
2022,구암,3,1117,69733,69419,대전교통공사_역별 수송실적_20221231.csv,2022-03-01,False,139152,22.62464971183842,12.893071556060365,130922.66666666667,128339.83333333333,False,팬데믹 구간
2022,구암,4,1117,77778,77702,대전교통공사_역별 수송실적_20221231.csv,2022-04-01,False,155480,11.733931240657691,29.38445023258911,136036.66666666666,131282.41666666666,False,팬데믹 구간
2022,구암,5,1117,86465,87158,대전교통공사_역별 수송실적_20221231.csv,2022-05-01,False,173623,11.669024954978124,49.6659684329394,156085.0,136083.75,False,일반 구간
2022,구암,6,1117,80620,80197,대전교통공사_역별 수송실적_20221231.csv,2022-06-01,False,160817,-7.375750908577783,37.78960175474673,163306.66666666666,139759.16666666666,False,일반 구간
2022,구암,7,1117,77351,77024,대전교통공사_역별 수송실적_20221231.csv,2022-07-01,False,154375,-4.005795407201973,48.97179306551382,162938.33333333334,143988.16666666666,False,일반 구간
2022,구암,8,1117,73625,73879,대전교통공사_역별 수송실적_20221231.csv,2022-08-01,False,147504,-4.450850202429146,38.385762133053134,154232.0,147397.75,False,일반 구간
2022,구암,9,1117,79816,79441,대전교통공사_역별 수송실적_20221231.csv,2022-09-01,False,159257,7.967919514047073,20.07615170021866,153712.0,149616.66666666666,False,일반 구간
2022,구암,10,1117,84472,84234,대전교통공사_역별 수송실적_20221231.csv,2022-10-01,False,168706,5.933177191583416,12.269330334267202,158489.0,151153.08333333334,False,일반 구간
2022,구암,11,1117,83950,83608,대전교통공사_역별 수송실적_20221231.csv,2022-11-01,False,167558,-0.6804737235190261,8.695200902993117,165173.66666666666,152270.08333333334,False,일반 구간
2022,구암,12,1117,84837,83654,대전교통공사_역별 수송실적_20221231.csv,2022-12-01,False,168491,0.5568221153272379,14.500553845317455,168251.66666666666,154048.25,False,일반 구간
2023,구암,1,1117,76323,76377,대전교통공사_역별 수송실적_20231231.csv,2023-01-01,False,152700,-9.37201393546243,8.964021179123428,162916.33333333334,155095.08333333334,False,일반 구간
2023,구암,2,1117,77932,77610,대전교통공사_역별 수송실적_20231231.csv,2023-02-01,False,155542,1.8611656843483981,37.0679779340489,158911.0,158600.41666666666,False,일반 구간
2023,구암,3,1117,91540,91258,대전교통공사_역별 수송실적_20231231.csv,2023-03-01,False,182798,17.523241311028535,31.365700816373465,163680.0,162237.58333333334,True,일반 구간
2023,구암,4,1117,87416,87722,대전교통공사_역별 수송실적_20231231.csv,2023-04-01,False,175138,-4.190417838269567,12.643426807306412,171159.33333333334,163875.75,False,일반 구간
2023,구암,5,1117,89957,90203,대전교통공사_역별 수송실적_20231231.csv,2023-05-01,False,180160,2.867453094131478,3.765054169090498,179365.33333333334,164420.5,False,일반 구간
2023,구암,6,1117,86397,85980,대전교통공사_역별 수송실적_20231231.csv,2023-06-01,False,172377,-4.3200488454706925,7.188294769831538,175891.66666666666,165383.83333333334,False,일반 구간
2023,구암,7,1117,80248,79745,대전교통공사_역별 수송실적_20231231.csv,2023-07-01,False,159993,-7.184253119615724,3.639190283400806,170843.33333333334,165852.0,False,일반 구간
2023,구암,8,1117,80432,79833,대전교통공사_역별 수송실적_20231231.csv,2023-08-01,False,160265,0.1700074378254035,8.651290812452551,164211.66666666666,166915.41666666666,False,일반 구간
2023,구암,9,1117,83491,83049,대전교통공사_역별 수송실적_20231231.csv,2023-09-01,False,166540,3.91539013508877,4.5731113859987405,162266.0,167522.33333333334,False,일반 구간
2023,구암,10,1117,87673,88220,대전교통공사_역별 수송실적_20231231.csv,2023-10-01,False,175893,5.616068211840997,4.260073737744952,167566.0,168121.25,False,일반 구간
2023,구암,11,1117,87073,86825,대전교통공사_역별 수송실적_20231231.csv,2023-11-01,False,173898,-1.1342122767819096,3.7837644278399196,172110.33333333334,168649.58333333334,False,일반 구간
2023,구암,12,1117,85740,85322,대전교통공사_역별 수송실적_20231231.csv,2023-12-01,False,171062,-1.6308410677523644,1.5258975256838614,173617.66666666666,168863.83333333334,False,일반 구간
2024,구암,1,1117,81995,82088,대전교통공사_역별 수송실적_20241231.csv,2024-01-01,False,164083,-4.079807321322093,7.454485920104781,169681.0,169812.41666666666,False,일반 구간
2024,구암,2,1117,75600,76355,대전교통공사_역별 수송실적_20241231.csv,2024-02-01,False,151955,-7.391381191226387,-2.3061295341451182,162366.66666666666,169513.5,False,일반 구간
2024,구암,3,1117,87400,87426,대전교통공사_역별 수송실적_20241231.csv,2024-03-01,False,174826,15.051166463755727,-4.3610980426481705,163621.33333333334,168849.16666666666,False,일반 구간
2024,구암,4,1117,88135,88065,대전교통공사_역별 수송실적_20241231.csv,2024-04-01,False,176200,0.7859242904373565,0.6063789697267286,167660.33333333334,168937.66666666666,False,일반 구간
2024,구암,5,1117,92296,92212,대전교통공사_역별 수송실적_20241231.csv,2024-05-01,False,184508,4.715096481271286,2.413410301953811,178511.33333333334,169300.0,False,일반 구간
2024,구암,6,1117,84699,84117,대전교통공사_역별 수송실적_20241231.csv,2024-06-01,False,168816,-8.504780280529845,-2.0658208461685756,176508.0,169003.25,False,일반 구간
2024,구암,7,1117,84039,83585,대전교통공사_역별 수송실적_20241231.csv,2024-07-01,False,167624,-0.7060942090797107,4.7695836692855265,173649.33333333334,169639.16666666666,False,일반 구간
2024,구암,8,1117,82558,82119,대전교통공사_역별 수송실적_20241231.csv,2024-08-01,False,164677,-1.758101465183981,2.752940442392293,167039.0,170006.83333333334,False,일반 구간
2024,구암,9,1117,81497,81616,대전교통공사_역별 수송실적_20241231.csv,2024-09-01,False,163113,-0.9497379719086485,-2.0577639005644244,165138.0,169721.25,False,일반 구간
2024,구암,10,1117,88498,88029,대전교통공사_역별 수송실적_20241231.csv,2024-10-01,False,176527,8.223746727728631,0.36044640775925174,168105.66666666666,169774.08333333334,False,일반 구간
2024,구암,11,1117,91103,90538,대전교통공사_역별 수송실적_20241231.csv,2024-11-01,False,181641,2.897007256680273,4.452610150778047,173760.33333333334,170419.33333333334,False,일반 구간
2024,구암,12,1117,90436,89457,대전교통공사_역별 수송실적_20241231.csv,2024-12-01,False,179893,-0.9623377981843317,5.162455717809911,179353.66666666666,171155.25,False,일반 구간
2026,구암,1,1117,83346,81992,대전교통공사_역별 수송실적_20260731.csv,2026-01-01,False,165338,-8.090920713979976,0.7648568102728515,175624.0,171259.83333333334,False,일반 구간
2026,구암,2,1117,82461,80335,대전교통공사_역별 수송실적_20260731.csv,2026-02-01,False,162796,-1.5374566040474713,7.134348984896843,169342.33333333334,172163.25,False,일반 구간
2026,구암,3,1117,102648,99137,대전교통공사_역별 수송실적_20260731.csv,2026-03-01,False,201785,23.949605641416262,15.420475215356987,176639.66666666666,174409.83333333334,True,일반 구간
2026,구암,4,1117,104041,100761,대전교통공사_역별 수송실적_20260731.csv,2026-04-01,False,204802,1.4951557350645572,16.232690124858106,189794.33333333334,176793.33333333334,False,일반 구간
2026,구암,5,1117,104398,101610,대전교통공사_역별 수송실적_20260731.csv,2026-05-01,False,206008,0.5888614369000233,11.65261126888808,204198.33333333334,178585.0,False,일반 구간
2026,구암,6,1117,96110,93397,대전교통공사_역별 수송실적_20260731.csv,2026-06-01,False,189507,-8.00988311133548,12.256539664486787,200105.66666666666,180309.25,False,일반 구간
2026,구암,7,1117,91410,88543,대전교통공사_역별 수송실적_20260731.csv,2026-07-01,False,179953,-5.04150242471254,7.355152006872534,191822.66666666666,181336.66666666666,False,일반 구간
2015,노은,1,1120,139300,145093,대전교통공사_역별 수송실적_20151231.csv,2015-01-01,False,284393,,,284393.0,284393.0,False,일반 구간
2015,노은,2,1120,118765,123372,대전교통공사_역별 수송실적_20151231.csv,2015-02-01,False,242137,-14.858312265069817,,263265.0,263265.0,False,일반 구간
2015,노은,3,1120,133836,140261,대전교통공사_역별 수송실적_20151231.csv,2015-03-01,False,274097,13.199139330213882,,266875.6666666667,266875.6666666667,False,일반 구간
2015,노은,4,1120,129738,136251,대전교통공사_역별 수송실적_20151231.csv,2015-04-01,False,265989,-2.958076885190275,,260741.0,266654.0,False,일반 구간
2015,노은,5,1120,136138,142291,대전교통공사_역별 수송실적_20151231.csv,2015-05-01,False,278429,4.6768851343476525,,272838.3333333333,269009.0,False,일반 구간
2015,노은,6,1120,109614,114438,대전교통공사_역별 수송실적_20151231.csv,2015-06-01,False,224052,-19.52993402267723,,256156.66666666666,261516.16666666666,False,일반 구간
2015,노은,7,1120,129751,135825,대전교통공사_역별 수송실적_20151231.csv,2015-07-01,False,265576,18.533197650545418,,256019.0,262096.14285714287,False,일반 구간
2015,노은,8,1120,129246,135905,대전교통공사_역별 수송실적_20151231.csv,2015-08-01,False,265151,-0.1600295207398239,,251593.0,262478.0,False,일반 구간
2015,노은,9,1120,124726,130955,대전교통공사_역별 수송실적_20151231.csv,2015-09-01,False,255681,-3.5715497961538945,,262136.0,261722.77777777778,False,일반 구간
2015,노은,10,1120,134109,141939,대전교통공사_역별 수송실적_20151231.csv,2015-10-01,False,276048,7.965785490513566,,265626.6666666667,263155.3,False,일반 구간
2015,노은,11,1120,127421,134325,대전교통공사_역별 수송실적_20151231.csv,2015-11-01,False,261746,-5.1809830174462395,,264491.6666666667,263027.1818181818,False,일반 구간
2015,노은,12,1120,138706,144122,대전교통공사_역별 수송실적_20151231.csv,2015-12-01,False,282828,8.054373323756625,,273540.6666666667,264677.25,False,일반 구간
2016,노은,1,1120,127953,134709,대전교통공사_역별 수송실적_20161231.csv,2016-01-01,False,262662,-7.1301285586999885,-7.641186667744981,269078.6666666667,262866.3333333333,False,일반 구간
2016,노은,2,1120,119110,125441,대전교통공사_역별 수송실적_20161231.csv,2016-02-01,False,244551,-6.895173264499621,0.996956268558713,263347.0,263067.5,False,일반 구간
2016,노은,3,1120,128608,136994,대전교통공사_역별 수송실적_20161231.csv,2016-03-01,False,265602,8.608020412920014,-3.099267777465642,257605.0,262359.5833333333,False,일반 구간
2016,노은,4,1120,124062,131425,대전교통공사_역별 수송실적_20161231.csv,2016-04-01,False,255487,-3.8083297565530416,-3.948283575636591,255213.33333333334,261484.41666666666,False,일반 구간
2016,노은,5,1120,130246,137779,대전교통공사_역별 수송실적_20161231.csv,2016-05-01,False,268025,4.907490400685743,-3.7366797280455666,263038.0,260617.41666666666,False,일반 구간
2016,노은,6,1120,123031,130953,대전교통공사_역별 수송실적_20161231.csv,2016-06-01,False,253984,-5.238690420669712,13.359398711013505,259165.33333333334,263111.75,False,일반 구간
2016,노은,7,1120,127107,135221,대전교통공사_역별 수송실적_20161231.csv,2016-07-01,False,262328,3.285246314728485,-1.2230020785010676,261445.66666666666,262841.0833333333,False,일반 구간
2016,노은,8,1120,125012,133849,대전교통공사_역별 수송실적_20161231.csv,2016-08-01,False,258861,-1.3216278857003494,-2.3722331803387453,258391.0,262316.9166666667,False,일반 구간
2016,노은,9,1120,116987,125091,대전교통공사_역별 수송실적_20161231.csv,2016-09-01,False,242078,-6.483402289259487,-5.32030146940915,254422.33333333334,261183.33333333334,False,일반 구간
2016,노은,10,1120,127276,135201,대전교통공사_역별 수송실적_20161231.csv,2016-10-01,False,262477,8.426622824048447,-4.91617399872486,254472.0,260052.41666666666,False,일반 구간
2016,노은,11,1120,127130,134949,대전교통공사_역별 수송실적_20161231.csv,2016-11-01,False,262079,-0.15163233349969607,0.1272225745570177,255544.66666666666,260080.16666666666,False,일반 구간
2016,노은,12,1120,136725,143515,대전교통공사_역별 수송실적_20161231.csv,2016-12-01,False,280240,6.929589932806524,-0.91504377218663,268265.3333333333,259864.5,False,일반 구간
2017,노은,1,1120,125467,132450,대전교통공사_역별 수송실적_20171231.csv,2017-01-01,False,257917,-7.965672280902081,-1.8065041764701362,266745.3333333333,259469.08333333334,False,일반 구간
2017,노은,2,1120,124290,131036,대전교통공사_역별 수송실적_20171231.csv,2017-02-01,False,255326,-1.0045867468991942,4.406033915216057,264494.3333333333,260367.0,False,일반 구간
2017,노은,3,1120,131111,138873,대전교통공사_역별 수송실적_20171231.csv,2017-03-01,False,269984,5.74089595262528,1.6498369741191787,261075.66666666666,260732.16666666666,False,일반 구간
2017,노은,4,1120,122093,128915,대전교통공사_역별 수송실적_20171231.csv,2017-04-01,False,251008,-7.028564655683301,-1.753122468070778,258772.66666666666,260358.91666666666,False,일반 구간
2017,노은,5,1120,129364,137072,대전교통공사_역별 수송실적_20171231.csv,2017-05-01,False,266436,6.146417644059143,-0.5928551441096941,262476.0,260226.5,False,일반 구간
2017,노은,6,1120,123013,130223,대전교통공사_역별 수송실적_20171231.csv,2017-06-01,False,253236,-4.954285456920237,-0.29450674058207893,256893.33333333334,260164.16666666666,False,일반 구간
2017,노은,7,1120,124045,131121,대전교통공사_역별 수송실적_20171231.csv,2017-07-01,False,255166,0.7621349255240162,-2.730169863682108,258279.33333333334,259567.33333333334,False,일반 구간
2017,노은,8,1120,124109,132101,대전교통공사_역별 수송실적_20171231.csv,2017-08-01,False,256210,0.40914541906054147,-1.024101737998384,254870.66666666666,259346.41666666666,False,일반 구간
2017,노은,9,1120,126289,133167,대전교통공사_역별 수송실적_20171231.csv,2017-09-01,False,259456,1.2669294719175772,7.17867794677749,256944.0,260794.58333333334,False,일반 구간
2017,노은,10,1120,114490,120364,대전교통공사_역별 수송실적_20171231.csv,2017-10-01,False,234854,-9.482147261963492,-10.52396971925159,250173.33333333334,258492.66666666666,True,일반 구간
2017,노은,11,1120,125764,130837,대전교통공사_역별 수송실적_20171231.csv,2017-11-01,False,256601,9.259795447384334,-2.0902094406648364,250303.66666666666,258036.16666666666,False,일반 구간
2017,노은,12,1120,131055,136155,대전교통공사_역별 수송실적_20171231.csv,2017-12-01,False,267210,4.134434394254116,-4.649586069083645,252888.33333333334,256950.33333333334,False,일반 구간
2018,노은,1,1120,128606,135406,대전교통공사_역별 수송실적_20181231.csv,2018-01-01,False,264012,-1.1968114965757226,2.3631633432460886,262607.6666666667,257458.25,False,일반 구간
2018,노은,2,1120,111877,117670,대전교통공사_역별 수송실적_20181231.csv,2018-02-01,False,229547,-13.05433086374862,-10.096504077140601,253589.66666666666,255310.0,True,일반 구간
2018,노은,3,1120,127802,134856,대전교통공사_역별 수송실적_20181231.csv,2018-03-01,False,262658,14.42449694398098,-2.713494132985661,252072.33333333334,254699.5,False,일반 구간
2018,노은,4,1120,120181,127575,대전교통공사_역별 수송실적_20181231.csv,2018-04-01,False,247756,-5.673537451743327,-1.2955762366139711,246653.66666666666,254428.5,False,일반 구간
2018,노은,5,1120,129386,135732,대전교통공사_역별 수송실적_20181231.csv,2018-05-01,False,265118,7.007701125300692,-0.49467789638036885,258510.66666666666,254318.66666666666,False,일반 구간
2018,노은,6,1120,120073,125757,대전교통공사_역별 수송실적_20181231.csv,2018-06-01,False,245830,-7.2752510203003995,-2.9245446934874963,252901.33333333334,253701.5,False,일반 구간
2018,노은,7,1120,122383,129096,대전교통공사_역별 수송실적_20181231.csv,2018-07-01,False,251479,2.2979294634503544,-1.444941724210902,254142.33333333334,253394.25,False,일반 구간
2018,노은,8,1120,120019,126755,대전교통공사_역별 수송실적_20181231.csv,2018-08-01,False,246774,-1.8709315688387518,-3.6829163576753476,248027.66666666666,252607.91666666666,False,일반 구간
2018,노은,9,1120,113052,118501,대전교통공사_역별 수송실적_20181231.csv,2018-09-01,False,231553,-6.167991765745173,-10.754424642328564,243268.66666666666,250282.66666666666,False,일반 구간
2018,노은,10,1120,126466,132532,대전교통공사_역별 수송실적_20181231.csv,2018-10-01,False,258998,11.852578027492623,10.280429543461045,245775.0,252294.66666666666,False,일반 구간
2018,노은,11,1120,126281,133016,대전교통공사_역별 수송실적_20181231.csv,2018-11-01,False,259297,0.11544490691048903,1.0506584152049303,249949.33333333334,252519.33333333334,False,일반 구간
2018,노은,12,1120,129055,134986,대전교통공사_역별 수송실적_20181231.csv,2018-12-01,False,264041,1.8295622394397082,-1.1859586093334817,260778.66666666666,252255.25,False,일반 구간
2019,노은,1,1120,128902,135136,대전교통공사_역별 수송실적_20191231.csv,2019-01-01,False,264038,-0.0011361871830484205,0.00984803721042482,262458.6666666667,252257.41666666666,False,일반 구간
2019,노은,2,1120,111573,117421,대전교통공사_역별 수송실적_20191231.csv,2019-02-01,False,228994,-13.272332012816335,-0.24090926912571087,252357.66666666666,252211.33333333334,False,일반 구간
2019,노은,3,1120,126439,133315,대전교통공사_역별 수송실적_20191231.csv,2019-03-01,False,259754,13.432666358070522,-1.1056202362006884,250928.66666666666,251969.33333333334,False,일반 구간
2019,노은,4,1120,124080,131414,대전교통공사_역별 수송실적_20191231.csv,2019-04-01,False,255494,-1.6400132432994319,3.123234149727949,248080.66666666666,252614.16666666666,False,일반 구간
2019,노은,5,1120,133088,140467,대전교통공사_역별 수송실적_20191231.csv,2019-05-01,False,273555,7.069050545218292,3.1823565355803884,262934.3333333333,253317.25,False,일반 구간
2019,노은,6,1120,122173,128478,대전교통공사_역별 수송실적_20191231.csv,2019-06-01,False,250651,-8.372722121693988,1.9611113371028832,259900.0,253719.0,False,일반 구간
2019,노은,7,1120,130238,136560,대전교통공사_역별 수송실적_20191231.csv,2019-07-01,False,266798,6.44202496698596,6.091562317330679,263668.0,254995.58333333334,False,일반 구간
2019,노은,8,1120,124048,130737,대전교통공사_역별 수송실적_20191231.csv,2019-08-01,False,254785,-4.5026574412102,3.2462901278092593,257411.33333333334,255663.16666666666,False,일반 구간
2019,노은,9,1120,115173,121197,대전교통공사_역별 수송실적_20191231.csv,2019-09-01,False,236370,-7.227662539003477,2.0803012701195778,252651.0,256064.58333333334,False,일반 구간
2019,노은,10,1120,129254,135879,대전교통공사_역별 수송실적_20191231.csv,2019-10-01,False,265133,12.168633921394424,2.3687441601865755,252096.0,256575.83333333334,False,일반 구간
2019,노은,11,1120,127312,133530,대전교통공사_역별 수송실적_20191231.csv,2019-11-01,False,260842,-1.618433012865239,0.5958418338816163,254115.0,256704.58333333334,False,일반 구간
2019,노은,12,1120,133392,139508,대전교통공사_역별 수송실적_20191231.csv,2019-12-01,False,272900,4.622721800936969,3.355160751549957,266291.6666666667,257442.83333333334,False,일반 구간
2020,노은,1,1120,121305,128308,대전교통공사_역별 수송실적_20200531.csv,2020-01-01,False,249613,-8.533162330524002,-5.463228777675944,261118.33333333334,256240.75,False,일반 구간
2020,노은,2,1120,93228,98464,대전교통공사_역별 수송실적_20200531.csv,2020-02-01,False,191692,-23.204320287805523,-16.289509768814902,238068.33333333334,253132.25,True,팬데믹 구간
2020,노은,3,1120,58535,62154,대전교통공사_역별 수송실적_20200531.csv,2020-03-01,False,120689,-37.04014773699477,-53.53719288249652,187331.33333333334,241543.5,True,팬데믹 구간
2020,노은,4,1120,70214,74442,대전교통공사_역별 수송실적_20200531.csv,2020-04-01,False,144656,19.858479231744397,-43.3818406694482,152345.66666666666,232307.0,False,팬데믹 구간
2020,노은,5,1120,86650,91685,대전교통공사_역별 수송실적_20200531.csv,2020-05-01,False,178335,23.282131401393656,-34.80835663760487,147893.33333333334,224372.0,False,팬데믹 구간
2020,노은,6,1120,86449,91449,대전교통공사_역별 수송실적_20211231.csv,2020-06-01,False,177898,-0.24504443883701654,-29.02561729257015,166963.0,218309.25,False,팬데믹 구간
2020,노은,7,1120,86887,92687,대전교통공사_역별 수송실적_20211231.csv,2020-07-01,False,179574,0.9421128961539793,-32.69289874736692,178602.33333333334,211040.58333333334,False,팬데믹 구간
2020,노은,8,1120,82112,87028,대전교통공사_역별 수송실적_20211231.csv,2020-08-01,False,169140,-5.810417989241201,-33.61461624506937,175537.33333333334,203903.5,False,팬데믹 구간
2020,노은,9,1120,77161,81229,대전교통공사_역별 수송실적_20211231.csv,2020-09-01,False,158390,-6.3556816838122305,-32.990650251724,169034.66666666666,197405.16666666666,False,팬데믹 구간
2020,노은,10,1120,84823,89325,대전교통공사_역별 수송실적_20211231.csv,2020-10-01,False,174148,9.948860407854031,-34.31673914601351,167226.0,189823.08333333334,False,팬데믹 구간
2020,노은,11,1120,90618,95673,대전교통공사_역별 수송실적_20211231.csv,2020-11-01,False,186291,6.97280474079518,-28.580903382124045,172943.0,183610.5,False,팬데믹 구간
2020,노은,12,1120,78943,83055,대전교통공사_역별 수송실적_20211231.csv,2020-12-01,False,161998,-13.04035084894064,-40.6383290582631,174145.66666666666,174368.66666666666,False,팬데믹 구간
2021,노은,1,1120,83630,88657,대전교통공사_역별 수송실적_20211231.csv,2021-01-01,False,172287,6.351312979172574,-30.97835449275479,173525.33333333334,167924.83333333334,False,팬데믹 구간
2021,노은,2,1120,81036,85500,대전교통공사_역별 수송실적_20211231.csv,2021-02-01,False,166536,-3.338034790785138,-13.1231350291092,166940.33333333334,165828.5,False,팬데믹 구간
2021,노은,3,1120,96430,101645,대전교통공사_역별 수송실적_20211231.csv,2021-03-01,False,198075,18.938247586107515,64.12017665238754,178966.0,172277.33333333334,False,팬데믹 구간
2021,노은,4,1120,91316,96938,대전교통공사_역별 수송실적_20211231.csv,2021-04-01,False,188254,-4.958222895367914,30.139088596394203,184288.33333333334,175910.5,False,팬데믹 구간
2021,노은,5,1120,92426,97747,대전교통공사_역별 수송실적_20211231.csv,2021-05-01,False,190173,1.0193674503596206,6.638068803095298,192167.33333333334,176897.0,False,팬데믹 구간
2021,노은,6,1120,93814,99408,대전교통공사_역별 수송실적_20211231.csv,2021-06-01,False,193222,1.6032770161905185,8.613924833331454,190549.66666666666,178174.0,False,팬데믹 구간
2021,노은,7,1120,90660,96050,대전교통공사_역별 수송실적_20211231.csv,2021-07-01,False,186710,-3.3702166419972923,3.973849220933978,190035.0,178768.66666666666,False,팬데믹 구간
2021,노은,8,1120,82610,87822,대전교통공사_역별 수송실적_20211231.csv,2021-08-01,False,170432,-8.718333244068344,0.7638642544637531,183454.66666666666,178876.33333333334,False,팬데믹 구간
2021,노은,9,1120,87111,92085,대전교통공사_역별 수송실적_20211231.csv,2021-09-01,False,179196,5.142226811866313,13.135930298629962,178779.33333333334,180610.16666666666,False,팬데믹 구간
2021,노은,10,1120,97342,101348,대전교통공사_역별 수송실적_20211231.csv,2021-10-01,False,198690,10.87859103997857,14.092610882697464,182772.66666666666,182655.33333333334,False,팬데믹 구간
2021,노은,11,1120,103158,107397,대전교통공사_역별 수송실적_20211231.csv,2021-11-01,False,210555,5.971614072172726,13.024783805980956,196147.0,184677.33333333334,False,팬데믹 구간
2021,노은,12,1120,102710,107282,대전교통공사_역별 수송실적_20211231.csv,2021-12-01,False,209992,-0.2673885683075694,29.62629168261337,206412.33333333334,188676.83333333334,False,팬데믹 구간
2022,노은,1,1120,99554,104403,대전교통공사_역별 수송실적_20221231.csv,2022-01-01,False,203957,-2.8739190064383413,18.382118209731434,208168.0,191316.0,False,팬데믹 구간
2022,노은,2,1120,82427,86827,대전교통공사_역별 수송실적_20221231.csv,2022-02-01,False,169254,-17.014860975597802,1.6320795503674823,194401.0,191542.5,False,팬데믹 구간
2022,노은,3,1120,94613,99474,대전교통공사_역별 수송실적_20221231.csv,2022-03-01,False,194087,14.672031384782635,-2.013378770667673,189099.33333333334,191210.16666666666,False,팬데믹 구간
2022,노은,4,1120,101518,106240,대전교통공사_역별 수송실적_20221231.csv,2022-04-01,False,207758,7.043748422099361,10.36047042825119,190366.33333333334,192835.5,False,팬데믹 구간
2022,노은,5,1120,114637,120193,대전교통공사_역별 수송실적_20221231.csv,2022-05-01,False,234830,13.030545153495886,23.48230295572977,212225.0,196556.91666666666,True,일반 구간
2022,노은,6,1120,110633,115932,대전교통공사_역별 수송실적_20221231.csv,2022-06-01,False,226565,-3.519567346591146,17.2563165685067,223051.0,199335.5,False,일반 구간
2022,노은,7,1120,111928,117483,대전교통공사_역별 수송실적_20221231.csv,2022-07-01,False,229411,1.256151656257587,22.870226554549845,230268.66666666666,202893.91666666666,False,일반 구간
2022,노은,8,1120,104626,109482,대전교통공사_역별 수송실적_20221231.csv,2022-08-01,False,214108,-6.670560696740779,25.626642883965456,223361.33333333334,206533.58333333334,False,일반 구간
2022,노은,9,1120,104580,109863,대전교통공사_역별 수송실적_20221231.csv,2022-09-01,False,214443,0.15646309339212294,19.669523873300744,219320.66666666666,209470.83333333334,False,일반 구간
2022,노은,10,1120,110846,116077,대전교통공사_역별 수송실적_20221231.csv,2022-10-01,False,226923,5.819728319413553,14.209572701192808,218491.33333333334,211823.58333333334,False,일반 구간
2022,노은,11,1120,110474,116443,대전교통공사_역별 수송실적_20221231.csv,2022-11-01,False,226917,-0.002644068692903012,7.770891216071818,222761.0,213187.08333333334,False,일반 구간
2022,노은,12,1120,119568,124697,대전교통공사_역별 수송실적_20221231.csv,2022-12-01,False,244265,7.6450860887461,16.32109794658845,232701.66666666666,216043.16666666666,False,일반 구간
2023,노은,1,1120,108647,113951,대전교통공사_역별 수송실적_20231231.csv,2023-01-01,False,222598,-8.870284322354816,9.139671597444554,231260.0,217596.58333333334,False,일반 구간
2023,노은,2,1120,109726,114532,대전교통공사_역별 수송실적_20231231.csv,2023-02-01,False,224258,0.7457389554263782,32.497902560648484,230373.66666666666,222180.25,False,일반 구간
2023,노은,3,1120,118980,124568,대전교통공사_역별 수송실적_20231231.csv,2023-03-01,False,243548,8.601699827876818,25.48393246327678,230134.66666666666,226302.0,False,일반 구간
2023,노은,4,1120,113153,117969,대전교통공사_역별 수송실적_20231231.csv,2023-04-01,False,231122,-5.102074334422779,11.245776335929293,232976.0,228249.0,False,일반 구간
2023,노은,5,1120,118672,123760,대전교통공사_역별 수송실적_20231231.csv,2023-05-01,False,242432,4.8935194399494675,3.237235446919051,239034.0,228882.5,False,일반 구간
2023,노은,6,1120,118236,122358,대전교통공사_역별 수송실적_20231231.csv,2023-06-01,False,240594,-0.7581507391763442,6.1920420188466885,238049.33333333334,230051.58333333334,False,일반 구간
2023,노은,7,1120,116002,121453,대전교통공사_역별 수송실적_20231231.csv,2023-07-01,False,237455,-1.3046875649434297,3.5063706622611823,240160.33333333334,230721.91666666666,False,일반 구간
2023,노은,8,1120,115888,121577,대전교통공사_역별 수송실적_20231231.csv,2023-08-01,False,237465,0.004211324250902315,10.908980514506705,238504.66666666666,232668.33333333334,False,일반 구간
2023,노은,9,1120,109092,114878,대전교통공사_역별 수송실적_20231231.csv,2023-09-01,False,223970,-5.68294274945782,4.4426724117830885,232963.33333333334,233462.25,False,일반 구간
2023,노은,10,1120,115847,121097,대전교통공사_역별 수송실적_20231231.csv,2023-10-01,False,236944,5.792740099120408,4.416035395266227,232793.0,234297.33333333334,False,일반 구간
2023,노은,11,1120,117551,123067,대전교통공사_역별 수송실적_20231231.csv,2023-11-01,False,240618,1.5505773516105048,6.037890506220345,233844.0,235439.08333333334,False,일반 구간
2023,노은,12,1120,121086,126536,대전교통공사_역별 수송실적_20231231.csv,2023-12-01,False,247622,2.910837925674725,1.3743270628211235,241728.0,235718.83333333334,False,일반 구간
2024,노은,1,1120,119508,125728,대전교통공사_역별 수송실적_20241231.csv,2024-01-01,False,245236,-0.963565434412128,10.16990269454352,244492.0,237605.33333333334,False,일반 구간
2024,노은,2,1120,109680,115027,대전교통공사_역별 수송실적_20241231.csv,2024-02-01,False,224707,-8.37112006393841,0.2002158228469053,239188.33333333334,237642.75,False,일반 구간
2024,노은,3,1120,120023,125351,대전교통공사_역별 수송실적_20241231.csv,2024-03-01,False,245374,9.19731027515831,0.7497495360257567,238439.0,237794.91666666666,False,일반 구간
2024,노은,4,1120,116427,122499,대전교통공사_역별 수송실적_20241231.csv,2024-04-01,False,238926,-2.627825278961915,3.3765716807573565,236335.66666666666,238445.25,False,일반 구간
2024,노은,5,1120,123790,129829,대전교통공사_역별 수송실적_20241231.csv,2024-05-01,False,253619,6.149602805889698,4.614489836325242,245973.0,239377.5,False,일반 구간
2024,노은,6,1120,114306,120281,대전교통공사_역별 수송실적_20241231.csv,2024-06-01,False,234587,-7.504169640287206,-2.4967372419927303,242377.33333333334,238876.91666666666,False,일반 구간
2024,노은,7,1120,120423,126769,대전교통공사_역별 수송실적_20241231.csv,2024-07-01,False,247192,5.3732730287697095,4.10056642311174,245132.66666666666,239688.33333333334,False,일반 구간
2024,노은,8,1120,112768,119023,대전교통공사_역별 수송실적_20241231.csv,2024-08-01,False,231791,-6.230379623936044,-2.3894047543848607,237856.66666666666,239215.5,False,일반 구간
2024,노은,9,1120,106151,112121,대전교통공사_역별 수송실적_20241231.csv,2024-09-01,False,218272,-5.832409368784807,-2.5440907264365764,232418.33333333334,238740.66666666666,True,일반 구간
2024,노은,10,1120,118702,124647,대전교통공사_역별 수송실적_20241231.csv,2024-10-01,False,243349,11.488876264477344,2.7031703693699782,231137.33333333334,239274.41666666666,False,일반 구간
2024,노은,11,1120,120136,127093,대전교통공사_역별 수송실적_20241231.csv,2024-11-01,False,247229,1.5944178936424747,2.7475084989485365,236283.33333333334,239825.33333333334,False,일반 구간
2024,노은,12,1120,125994,130808,대전교통공사_역별 수송실적_20241231.csv,2024-12-01,False,256802,3.872118562142801,3.707263490319934,249126.66666666666,240590.33333333334,False,일반 구간
2026,노은,1,1120,120010,126015,대전교통공사_역별 수송실적_20260731.csv,2026-01-01,False,246025,-4.1966184063987,0.32173090410869687,250018.66666666666,240656.08333333334,False,일반 구간
2026,노은,2,1120,105717,111618,대전교통공사_역별 수송실적_20260731.csv,2026-02-01,False,217335,-11.66141652271111,-3.280716666592498,240054.0,240041.75,False,일반 구간
2026,노은,3,1120,124680,131227,대전교통공사_역별 수송실적_20260731.csv,2026-03-01,False,255907,17.747716658614586,4.2926308410834,239755.66666666666,240919.5,False,일반 구간
2026,노은,4,1120,126848,133389,대전교통공사_역별 수송실적_20260731.csv,2026-04-01,False,260237,1.6920209294782884,8.91949808727388,244493.0,242695.41666666666,False,일반 구간
2026,노은,5,1120,124865,131358,대전교통공사_역별 수송실적_20260731.csv,2026-05-01,False,256223,-1.5424401603154059,1.0267369558274453,257455.66666666666,242912.41666666666,False,일반 구간
2026,노은,6,1120,121220,128243,대전교통공사_역별 수송실적_20260731.csv,2026-06-01,False,249463,-2.638326770040156,6.341357364218814,255307.66666666666,244152.08333333334,False,일반 구간
2026,노은,7,1120,121471,128241,대전교통공사_역별 수송실적_20260731.csv,2026-07-01,False,249712,0.09981440133406405,1.0194504676526828,251799.33333333334,244362.08333333334,False,일반 구간
2015,대동,1,1103,167893,142951,대전교통공사_역별 수송실적_20151231.csv,2015-01-01,False,310844,,,310844.0,310844.0,False,일반 구간
2015,대동,2,1103,137027,117956,대전교통공사_역별 수송실적_20151231.csv,2015-02-01,False,254983,-17.970750601587937,,282913.5,282913.5,False,일반 구간
2015,대동,3,1103,204259,177490,대전교통공사_역별 수송실적_20151231.csv,2015-03-01,False,381749,49.7154712274936,,315858.6666666667,315858.6666666667,False,일반 구간
2015,대동,4,1103,195244,168862,대전교통공사_역별 수송실적_20151231.csv,2015-04-01,False,364106,-4.621623108377493,,333612.6666666667,327920.5,False,일반 구간
2015,대동,5,1103,198391,169467,대전교통공사_역별 수송실적_20151231.csv,2015-05-01,False,367858,1.0304691490939488,,371237.6666666667,335908.0,False,일반 구간
2015,대동,6,1103,157615,133686,대전교통공사_역별 수송실적_20151231.csv,2015-06-01,False,291301,-20.811563157522738,,341088.3333333333,328473.5,False,일반 구간
2015,대동,7,1103,162400,139061,대전교통공사_역별 수송실적_20151231.csv,2015-07-01,False,301461,3.4878012777161738,,320206.6666666667,324614.5714285714,False,일반 구간
2015,대동,8,1103,163618,142629,대전교통공사_역별 수송실적_20151231.csv,2015-08-01,False,306247,1.5876017129910602,,299669.6666666667,322318.625,False,일반 구간
2015,대동,9,1103,179646,152905,대전교통공사_역별 수송실적_20151231.csv,2015-09-01,False,332551,8.589145363056616,,313419.6666666667,323455.55555555556,False,일반 구간
2015,대동,10,1103,189045,163507,대전교통공사_역별 수송실적_20151231.csv,2015-10-01,False,352552,6.014415833962317,,330450.0,326365.2,False,일반 구간
2015,대동,11,1103,179900,156705,대전교통공사_역별 수송실적_20151231.csv,2015-11-01,False,336605,-4.523304363611613,,340569.3333333333,327296.0909090909,False,일반 구간
2015,대동,12,1103,179237,155185,대전교통공사_역별 수송실적_20151231.csv,2015-12-01,False,334422,-0.6485346325812102,,341193.0,327889.9166666667,False,일반 구간
2016,대동,1,1103,151686,133984,대전교통공사_역별 수송실적_20161231.csv,2016-01-01,False,285670,-14.57798829024406,-8.098596080348985,318899.0,325792.0833333333,False,일반 구간
2016,대동,2,1103,133190,117564,대전교통공사_역별 수송실적_20161231.csv,2016-02-01,False,250754,-12.22249448664543,-1.6585419420118153,290282.0,325439.6666666667,False,일반 구간
2016,대동,3,1103,195302,173850,대전교통공사_역별 수송실적_20161231.csv,2016-03-01,False,369152,47.21679414884707,-3.299812180254569,301858.6666666667,324389.9166666667,False,일반 구간
2016,대동,4,1103,182516,160803,대전교통공사_역별 수송실적_20161231.csv,2016-04-01,False,343319,-6.9979303918169204,-5.7090517596524055,321075.0,322657.6666666667,False,일반 구간
2016,대동,5,1103,185901,164273,대전교통공사_역별 수송실적_20161231.csv,2016-05-01,False,350174,1.9966852985124683,-4.807289769421896,354215.0,321184.0,False,일반 구간
2016,대동,6,1103,169102,149492,대전교통공사_역별 수송실적_20161231.csv,2016-06-01,False,318594,-9.018373722777817,9.369346483534224,337362.3333333333,323458.4166666667,False,일반 구간
2016,대동,7,1103,153404,134763,대전교통공사_역별 수송실적_20161231.csv,2016-07-01,False,288167,-9.550399568102353,-4.409857328145261,318978.3333333333,322350.5833333333,False,일반 구간
2016,대동,8,1103,145201,127231,대전교통공사_역별 수송실적_20161231.csv,2016-08-01,False,272432,-5.460375407315898,-11.041740817052903,293064.3333333333,319532.6666666667,False,일반 구간
2016,대동,9,1103,162208,141896,대전교통공사_역별 수송실적_20161231.csv,2016-09-01,False,304104,11.62565337405297,-8.554176652603662,288234.3333333333,317162.0833333333,False,일반 구간
2016,대동,10,1103,172147,152321,대전교통공사_역별 수송실적_20161231.csv,2016-10-01,False,324468,6.696393339120821,-7.965917084571917,300334.6666666667,314821.75,False,일반 구간
2016,대동,11,1103,170794,152653,대전교통공사_역별 수송실적_20161231.csv,2016-11-01,False,323447,-0.3146689349951326,-3.909032842649396,317339.6666666667,313725.25,False,일반 구간
2016,대동,12,1103,166440,146178,대전교통공사_역별 수송실적_20161231.csv,2016-12-01,False,312618,-3.347998281016673,-6.519905987046304,320177.6666666667,311908.25,False,일반 구간
2017,대동,1,1103,135065,120158,대전교통공사_역별 수송실적_20171231.csv,2017-01-01,False,255223,-18.35946746508519,-10.6581020058109,297096.0,309371.0,False,일반 구간
2017,대동,2,1103,130851,116529,대전교통공사_역별 수송실적_20171231.csv,2017-02-01,False,247380,-3.072998906838331,-1.3455418457930857,271740.3333333333,309089.8333333333,False,일반 구간
2017,대동,3,1103,182487,161603,대전교통공사_역별 수송실적_20171231.csv,2017-03-01,False,344090,39.09370199692781,-6.789073335644935,282231.0,307001.3333333333,False,일반 구간
2017,대동,4,1103,170144,150746,대전교통공사_역별 수송실적_20171231.csv,2017-04-01,False,320890,-6.742422040745155,-6.5329911831270575,304120.0,305132.25,False,일반 구간
2017,대동,5,1103,174540,155036,대전교통공사_역별 수송실적_20171231.csv,2017-05-01,False,329576,2.7068465829412025,-5.882218554204477,331518.6666666667,303415.75,False,일반 구간
2017,대동,6,1103,159592,141446,대전교통공사_역별 수송실적_20171231.csv,2017-06-01,False,301038,-8.659004296429352,-5.510461590613758,317168.0,301952.75,False,일반 구간
2017,대동,7,1103,144740,127382,대전교통공사_역별 수송실적_20171231.csv,2017-07-01,False,272122,-9.605431872388204,-5.567951916770486,300912.0,300615.6666666667,False,일반 구간
2017,대동,8,1103,139787,123649,대전교통공사_역별 수송실적_20171231.csv,2017-08-01,False,263436,-3.1919506691851396,-3.302108416045102,278865.3333333333,299866.0,False,일반 구간
2017,대동,9,1103,167024,145569,대전교통공사_역별 수송실적_20171231.csv,2017-09-01,False,312593,18.659940175222832,2.791479230789462,282717.0,300573.4166666667,False,일반 구간
2017,대동,10,1103,145892,128040,대전교통공사_역별 수송실적_20171231.csv,2017-10-01,False,273932,-12.367839331015084,-15.575033593451437,283320.3333333333,296362.0833333333,False,일반 구간
2017,대동,11,1103,164762,143266,대전교통공사_역별 수송실적_20171231.csv,2017-11-01,False,308028,12.446884628301923,-4.767087034351847,298184.3333333333,295077.1666666667,False,일반 구간
2017,대동,12,1103,159648,137577,대전교통공사_역별 수송실적_20171231.csv,2017-12-01,False,297225,-3.5071487007674595,-4.923900735082432,293061.6666666667,293794.4166666667,False,일반 구간
2018,대동,1,1103,142370,124856,대전교통공사_역별 수송실적_20181231.csv,2018-01-01,False,267226,-10.093027167970392,4.702946051100421,290826.3333333333,294794.6666666667,False,일반 구간
2018,대동,2,1103,118222,103734,대전교통공사_역별 수송실적_20181231.csv,2018-02-01,False,221956,-16.94071684641465,-10.277306168647426,262135.66666666666,292676.0,True,일반 구간
2018,대동,3,1103,171351,151238,대전교통공사_역별 수송실적_20181231.csv,2018-03-01,False,322589,45.339166321252854,-6.248655874916443,270590.3333333333,290884.25,False,일반 구간
2018,대동,4,1103,164067,145909,대전교통공사_역별 수송실적_20181231.csv,2018-04-01,False,309976,-3.9099287328458243,-3.401165508429682,284840.3333333333,289974.75,False,일반 구간
2018,대동,5,1103,169886,149926,대전교통공사_역별 수송실적_20181231.csv,2018-05-01,False,319812,3.1731488889462423,-2.962594363667259,317459.0,289161.0833333333,False,일반 구간
2018,대동,6,1103,156326,138307,대전교통공사_역별 수송실적_20181231.csv,2018-06-01,False,294633,-7.873062924468122,-2.1276383712355296,308140.3333333333,288627.3333333333,False,일반 구간
2018,대동,7,1103,145856,127785,대전교통공사_역별 수송실적_20181231.csv,2018-07-01,False,273641,-7.124795932566952,0.5582055107635542,296028.6666666667,288753.9166666667,False,일반 구간
2018,대동,8,1103,134986,118943,대전교통공사_역별 수송실적_20181231.csv,2018-08-01,False,253929,-7.203598875899441,-3.608846171366098,274067.6666666667,287961.6666666667,False,일반 구간
2018,대동,9,1103,142690,124733,대전교통공사_역별 수송실적_20181231.csv,2018-09-01,False,267423,5.314083858086316,-14.450099650344061,264997.6666666667,284197.5,False,일반 구간
2018,대동,10,1103,162567,143799,대전교통공사_역별 수송실적_20181231.csv,2018-10-01,False,306366,14.56232261249033,11.840164712410385,275906.0,286900.3333333333,False,일반 구간
2018,대동,11,1103,161696,142068,대전교통공사_역별 수송실적_20181231.csv,2018-11-01,False,303764,-0.8493109548709743,-1.3842897398937737,292517.6666666667,286545.0,False,일반 구간
2018,대동,12,1103,153311,133177,대전교통공사_역별 수송실적_20181231.csv,2018-12-01,False,286488,-5.6873098853057025,-3.6124148372445153,298872.6666666667,285650.25,False,일반 구간
2019,대동,1,1103,141242,124447,대전교통공사_역별 수송실적_20191231.csv,2019-01-01,False,265689,-7.259989947222922,-0.5751685838952802,285313.6666666667,285522.1666666667,False,일반 구간
2019,대동,2,1103,117689,102957,대전교통공사_역별 수송실적_20191231.csv,2019-02-01,False,220646,-16.953279962663114,-0.5902070680675497,257607.66666666666,285413.0,True,일반 구간
2019,대동,3,1103,169480,148441,대전교통공사_역별 수송실적_20191231.csv,2019-03-01,False,317921,44.086455226924585,-1.447042521598696,268085.3333333333,285024.0,False,일반 구간
2019,대동,4,1103,169262,148213,대전교통공사_역별 수송실적_20191231.csv,2019-04-01,False,317475,-0.14028642335675023,2.4192195524814775,285347.3333333333,285648.9166666667,False,일반 구간
2019,대동,5,1103,175932,151781,대전교통공사_역별 수송실적_20191231.csv,2019-05-01,False,327713,3.2248208520355925,2.470513926932072,321036.3333333333,286307.3333333333,False,일반 구간
2019,대동,6,1103,149218,129219,대전교통공사_역별 수송실적_20191231.csv,2019-06-01,False,278437,-15.03632751828582,-5.497008142333004,307875.0,284957.6666666667,False,일반 구간
2019,대동,7,1103,148657,128504,대전교통공사_역별 수송실적_20191231.csv,2019-07-01,False,277161,-0.45827242787417344,1.286356942124911,294437.0,285251.0,False,일반 구간
2019,대동,8,1103,136819,118646,대전교통공사_역별 수송실적_20191231.csv,2019-08-01,False,255465,-7.8279411605528875,0.6048934938506445,270354.3333333333,285379.0,False,일반 구간
2019,대동,9,1103,147343,127911,대전교통공사_역별 수송실적_20191231.csv,2019-09-01,False,275254,7.746266611864638,2.9283195536659257,269293.3333333333,286031.5833333333,False,일반 구간
2019,대동,10,1103,163116,141654,대전교통공사_역별 수송실적_20191231.csv,2019-10-01,False,304770,10.723186584027843,-0.520945535731776,278496.3333333333,285898.5833333333,False,일반 구간
2019,대동,11,1103,159864,138835,대전교통공사_역별 수송실적_20191231.csv,2019-11-01,False,298699,-1.9919939626603655,-1.6674128599834082,292907.6666666667,285476.5,False,일반 구간
2019,대동,12,1103,153038,131431,대전교통공사_역별 수송실적_20191231.csv,2019-12-01,False,284469,-4.763993183773629,-0.7047415598559148,295979.3333333333,285308.25,False,일반 구간
2020,대동,1,1103,128125,111533,대전교통공사_역별 수송실적_20200531.csv,2020-01-01,False,239658,-15.752507303080476,-9.79754525027382,274275.3333333333,283139.0,False,일반 구간
2020,대동,2,1103,98494,86686,대전교통공사_역별 수송실적_20200531.csv,2020-02-01,False,185180,-22.73155913843894,-16.073710830923737,236435.66666666666,280183.5,True,팬데믹 구간
2020,대동,3,1103,65793,58454,대전교통공사_역별 수송실적_20200531.csv,2020-03-01,False,124247,-32.90474133275731,-60.9189075273417,183028.33333333334,264044.0,True,팬데믹 구간
2020,대동,4,1103,78283,69118,대전교통공사_역별 수송실적_20200531.csv,2020-04-01,False,147401,18.635460011106918,-53.57083234900386,152276.0,249871.16666666666,False,팬데믹 구간
2020,대동,5,1103,97264,84747,대전교통공사_역별 수송실적_20200531.csv,2020-05-01,False,182011,23.480166348939278,-44.460244177069576,151219.66666666666,237729.33333333334,False,팬데믹 구간
2020,대동,6,1103,99876,86847,대전교통공사_역별 수송실적_20211231.csv,2020-06-01,False,186723,2.588854519781769,-32.93886947496202,172045.0,230086.5,False,팬데믹 구간
2020,대동,7,1103,95668,83088,대전교통공사_역별 수송실적_20211231.csv,2020-07-01,False,178756,-4.266748070671533,-35.50463449042254,182496.66666666666,221886.08333333334,False,팬데믹 구간
2020,대동,8,1103,90384,77689,대전교통공사_역별 수송실적_20211231.csv,2020-08-01,False,168073,-5.976302893329455,-34.20899144696925,177850.66666666666,214603.41666666666,False,팬데믹 구간
2020,대동,9,1103,88661,76719,대전교통공사_역별 수송실적_20211231.csv,2020-09-01,False,165380,-1.6022799616833172,-39.917312736599655,170736.33333333334,205447.25,False,팬데믹 구간
2020,대동,10,1103,101497,88127,대전교통공사_역별 수송실적_20211231.csv,2020-10-01,False,189624,14.659571895029622,-37.7812776848115,174359.0,195851.75,False,팬데믹 구간
2020,대동,11,1103,109822,95699,대전교통공사_역별 수송실적_20211231.csv,2020-11-01,False,205521,8.383432476901653,-31.19461397594233,186841.66666666666,188086.91666666666,False,팬데믹 구간
2020,대동,12,1103,91064,80634,대전교통공사_역별 수송실적_20211231.csv,2020-12-01,False,171698,-16.457199021024614,-39.64263241337369,188947.66666666666,178689.33333333334,False,팬데믹 구간
2021,대동,1,1103,85414,76590,대전교통공사_역별 수송실적_20211231.csv,2021-01-01,False,162004,-5.645959766566877,-32.40200619215716,179741.0,172218.16666666666,False,팬데믹 구간
2021,대동,2,1103,80623,72030,대전교통공사_역별 수송실적_20211231.csv,2021-02-01,False,152653,-5.7720797017357555,-17.565071822011014,162118.33333333334,169507.58333333334,False,팬데믹 구간
2021,대동,3,1103,111367,99084,대전교통공사_역별 수송실적_20211231.csv,2021-03-01,False,210451,37.8623413886396,69.3811520600095,175036.0,176691.25,False,팬데믹 구간
2021,대동,4,1103,99606,90263,대전교통공사_역별 수송실적_20211231.csv,2021-04-01,False,189869,-9.779948776674852,28.811202094965438,184324.33333333334,180230.25,False,팬데믹 구간
2021,대동,5,1103,103230,92037,대전교통공사_역별 수송실적_20211231.csv,2021-05-01,False,195267,2.8430128140981337,7.283076297586399,198529.0,181334.91666666666,False,팬데믹 구간
2021,대동,6,1103,102656,91243,대전교통공사_역별 수송실적_20211231.csv,2021-06-01,False,193899,-0.7005792069320504,3.843125913786727,193011.66666666666,181932.91666666666,False,팬데믹 구간
2021,대동,7,1103,94541,83546,대전교통공사_역별 수송실적_20211231.csv,2021-07-01,False,178087,-8.15476098381116,-0.3742531719215014,189084.33333333334,181877.16666666666,False,팬데믹 구간
2021,대동,8,1103,84242,75804,대전교통공사_역별 수송실적_20211231.csv,2021-08-01,False,160046,-10.13044186268509,-4.775900947802447,177344.0,181208.25,False,팬데믹 구간
2021,대동,9,1103,93545,83210,대전교통공사_역별 수송실적_20211231.csv,2021-09-01,False,176755,10.440123464503959,6.87809892369089,171629.33333333334,182156.16666666666,False,팬데믹 구간
2021,대동,10,1103,103450,91473,대전교통공사_역별 수송실적_20211231.csv,2021-10-01,False,194923,10.27863426777178,2.794477492300551,177241.33333333334,182597.75,False,팬데믹 구간
2021,대동,11,1103,113013,99659,대전교통공사_역별 수송실적_20211231.csv,2021-11-01,False,212672,9.105646845164506,3.4794497885860753,194783.33333333334,183193.66666666666,False,팬데믹 구간
2021,대동,12,1103,106692,94436,대전교통공사_역별 수송실적_20211231.csv,2021-12-01,False,201128,-5.428077038820344,17.140560752018086,202907.66666666666,185646.16666666666,False,팬데믹 구간
2022,대동,1,1103,93910,84772,대전교통공사_역별 수송실적_20221231.csv,2022-01-01,False,178682,-11.160057276957957,10.294807535616401,197494.0,187036.0,False,팬데믹 구간
2022,대동,2,1103,76316,68735,대전교통공사_역별 수송실적_20221231.csv,2022-02-01,False,145051,-18.821705599892546,-4.979921783391095,174953.66666666666,186402.5,True,팬데믹 구간
2022,대동,3,1103,103530,93059,대전교통공사_역별 수송실적_20221231.csv,2022-03-01,False,196589,35.530951182687474,-6.586806430000336,173440.66666666666,185247.33333333334,False,팬데믹 구간
2022,대동,4,1103,115048,101971,대전교통공사_역별 수송실적_20221231.csv,2022-04-01,False,217019,10.392239647182699,14.299332697807433,186219.66666666666,187509.83333333334,False,팬데믹 구간
2022,대동,5,1103,128966,113473,대전교통공사_역별 수송실적_20221231.csv,2022-05-01,False,242439,11.713260129297431,24.1576917758761,218682.33333333334,191440.83333333334,False,일반 구간
2022,대동,6,1103,117544,102838,대전교통공사_역별 수송실적_20221231.csv,2022-06-01,False,220382,-9.09795866176647,13.658141609807162,226613.33333333334,193647.75,False,일반 구간
2022,대동,7,1103,110664,95832,대전교통공사_역별 수송실적_20221231.csv,2022-07-01,False,206496,-6.300877567133433,15.952315441329246,223105.66666666666,196015.16666666666,False,일반 구간
2022,대동,8,1103,104130,91069,대전교통공사_역별 수송실적_20221231.csv,2022-08-01,False,195199,-5.4708081512474855,21.964310260800012,207359.0,198944.58333333334,False,일반 구간
2022,대동,9,1103,120350,104306,대전교통공사_역별 수송실적_20221231.csv,2022-09-01,False,224656,15.0907535386964,27.100223473169073,208783.66666666666,202936.33333333334,False,일반 구간
2022,대동,10,1103,125778,109656,대전교통공사_역별 수송실적_20221231.csv,2022-10-01,False,235434,4.797557154048859,20.783078446360868,218429.66666666666,206312.25,False,일반 구간
2022,대동,11,1103,127292,111489,대전교통공사_역별 수송실적_20221231.csv,2022-11-01,False,238781,1.4216298410594908,12.27665136924465,232957.0,208488.0,False,일반 구간
2022,대동,12,1103,121882,105861,대전교통공사_역별 수송실적_20221231.csv,2022-12-01,False,227743,-4.622645855407259,13.23286663219443,233986.0,210705.91666666666,False,일반 구간
2023,대동,1,1103,101194,88671,대전교통공사_역별 수송실적_20231231.csv,2023-01-01,False,189865,-16.631905261632628,6.258604671987111,218796.33333333334,211637.83333333334,False,일반 구간
2023,대동,2,1103,101158,88720,대전교통공사_역별 수송실적_20231231.csv,2023-02-01,False,189878,0.006846970215690362,30.904302624594116,202495.33333333334,215373.41666666666,False,일반 구간
2023,대동,3,1103,136844,119410,대전교통공사_역별 수송실적_20231231.csv,2023-03-01,False,256254,34.95718303331612,30.3501213190972,211999.0,220345.5,False,일반 구간
2023,대동,4,1103,127058,111056,대전교통공사_역별 수송실적_20231231.csv,2023-04-01,False,238114,-7.078913890124639,9.720347066385893,228082.0,222103.41666666666,False,일반 구간
2023,대동,5,1103,133579,116612,대전교통공사_역별 수송실적_20231231.csv,2023-05-01,False,250191,5.0719403311018985,3.197505351861696,248186.33333333334,222749.41666666666,False,일반 구간
2023,대동,6,1103,125428,108209,대전교통공사_역별 수송실적_20231231.csv,2023-06-01,False,233637,-6.6165449596508275,6.014556542730354,240647.33333333334,223854.0,False,일반 구간
2023,대동,7,1103,114473,99747,대전교통공사_역별 수송실적_20231231.csv,2023-07-01,False,214220,-8.310755573817508,3.7405082907175036,232682.66666666666,224497.66666666666,False,일반 구간
2023,대동,8,1103,122244,107956,대전교통공사_역별 수송실적_20231231.csv,2023-08-01,False,230200,7.459620950424806,17.930932023217338,226019.0,227414.41666666666,False,일반 구간
2023,대동,9,1103,123596,107683,대전교통공사_역별 수송실적_20231231.csv,2023-09-01,False,231279,0.4687228496959239,2.9480628160387434,225233.0,227966.33333333334,False,일반 구간
2023,대동,10,1103,128182,111603,대전교통공사_역별 수송실적_20231231.csv,2023-10-01,False,239785,3.6778090531349505,1.8480763186285776,233754.66666666666,228328.91666666666,False,일반 구간
2023,대동,11,1103,130210,112688,대전교통공사_역별 수송실적_20231231.csv,2023-11-01,False,242898,1.2982463456846727,1.7241740339474232,237987.33333333334,228672.0,False,일반 구간
2023,대동,12,1103,123890,105946,대전교통공사_역별 수송실적_20231231.csv,2023-12-01,False,229836,-5.3775658918558396,0.9190183671945906,237506.33333333334,228846.41666666666,False,일반 구간
2024,대동,1,1103,110149,97332,대전교통공사_역별 수송실적_20241231.csv,2024-01-01,False,207481,-9.726500635235558,9.278171332262385,226738.33333333334,230314.41666666666,False,일반 구간
2024,대동,2,1103,98032,86716,대전교통공사_역별 수송실적_20241231.csv,2024-02-01,False,184748,-10.956665911577446,-2.701734798133537,207355.0,229886.91666666666,True,일반 구간
2024,대동,3,1103,128973,112104,대전교통공사_역별 수송실적_20241231.csv,2024-03-01,False,241077,30.48963994197502,-5.922639256362827,211102.0,228622.16666666666,False,일반 구간
2024,대동,4,1103,128169,111865,대전교통공사_역별 수송실적_20241231.csv,2024-04-01,False,240034,-0.43264185301791214,0.8063364606869072,221953.0,228782.16666666666,False,일반 구간
2024,대동,5,1103,130916,114349,대전교통공사_역별 수송실적_20241231.csv,2024-05-01,False,245265,2.1792746027646137,-1.96889576363658,242125.33333333334,228371.66666666666,False,일반 구간
2024,대동,6,1103,117079,102006,대전교통공사_역별 수송실적_20241231.csv,2024-06-01,False,219085,-10.674168756243251,-6.228465525580285,234794.66666666666,227159.0,False,일반 구간
2024,대동,7,1103,115435,101115,대전교통공사_역별 수송실적_20241231.csv,2024-07-01,False,216550,-1.1570851495994683,1.0876668845112514,226966.66666666666,227353.16666666666,False,일반 구간
2024,대동,8,1103,117607,104889,대전교통공사_역별 수송실적_20241231.csv,2024-08-01,False,222496,2.745786192565225,-3.34665508253692,219377.0,226711.16666666666,False,일반 구간
2024,대동,9,1103,112845,98458,대전교통공사_역별 수송실적_20241231.csv,2024-09-01,False,211303,-5.030652236444699,-8.63718712031788,216783.0,225046.5,False,일반 구간
2024,대동,10,1103,124357,108164,대전교통공사_역별 수송실적_20241231.csv,2024-10-01,False,232521,10.041504379966204,-3.029380486685984,222106.66666666666,224441.16666666666,False,일반 구간
2024,대동,11,1103,124644,107719,대전교통공사_역별 수송실적_20241231.csv,2024-11-01,False,232363,-0.06795085175101967,-4.337211504417493,225395.66666666666,223563.25,False,일반 구간
2024,대동,12,1103,121002,103774,대전교통공사_역별 수송실적_20241231.csv,2024-12-01,False,224776,-3.2651497871864277,-2.2015698149985163,229886.66666666666,223141.58333333334,False,일반 구간
2026,대동,1,1103,107778,96847,대전교통공사_역별 수송실적_20260731.csv,2026-01-01,False,204625,-8.964925080969499,-1.3765115841932518,220588.0,222903.58333333334,False,일반 구간
2026,대동,2,1103,92760,83323,대전교통공사_역별 수송실적_20260731.csv,2026-02-01,False,176083,-13.9484422724496,-4.690172559378181,201828.0,222181.5,True,일반 구간
2026,대동,3,1103,135679,119911,대전교통공사_역별 수송실적_20260731.csv,2026-03-01,False,255590,45.15313800877996,6.020068276940571,212099.33333333334,223390.91666666666,False,일반 구간
2026,대동,4,1103,138998,123428,대전교통공사_역별 수송실적_20260731.csv,2026-04-01,False,262426,2.6745960327086316,9.328678437221383,231366.33333333334,225256.91666666666,False,일반 구간
2026,대동,5,1103,133697,117896,대전교통공사_역별 수송실적_20260731.csv,2026-05-01,False,251593,-4.128020851592451,2.580066458728325,256536.33333333334,225784.25,False,일반 구간
2026,대동,6,1103,127353,112472,대전교통공사_역별 수송실적_20260731.csv,2026-06-01,False,239825,-4.677395635013692,9.466645365953852,251281.33333333334,227512.58333333334,False,일반 구간
2026,대동,7,1103,117940,104186,대전교통공사_역별 수송실적_20260731.csv,2026-07-01,False,222126,-7.379964557489838,2.5749249595936163,237848.0,227977.25,False,일반 구간
2015,대전,1,1104,338133,339420,대전교통공사_역별 수송실적_20151231.csv,2015-01-01,False,677553,,,677553.0,677553.0,False,일반 구간
2015,대전,2,1104,298998,299928,대전교통공사_역별 수송실적_20151231.csv,2015-02-01,False,598926,-11.604553444527587,,638239.5,638239.5,False,일반 구간
2015,대전,3,1104,346646,345775,대전교통공사_역별 수송실적_20151231.csv,2015-03-01,False,692421,15.610442692419424,,656300.0,656300.0,False,일반 구간
2015,대전,4,1104,344052,347941,대전교통공사_역별 수송실적_20151231.csv,2015-04-01,False,691993,-0.06181210564093487,,661113.3333333334,665223.25,False,일반 구간
2015,대전,5,1104,366612,368128,대전교통공사_역별 수송실적_20151231.csv,2015-05-01,False,734740,6.1773746266219565,,706384.6666666666,679126.6,False,일반 구간
2015,대전,6,1104,269224,274896,대전교통공사_역별 수송실적_20151231.csv,2015-06-01,False,544120,-25.943871301412745,,656951.0,656625.5,False,일반 구간
2015,대전,7,1104,324010,328129,대전교통공사_역별 수송실적_20151231.csv,2015-07-01,False,652139,19.852054693817543,,643666.3333333334,655984.5714285715,False,일반 구간
2015,대전,8,1104,332045,331019,대전교통공사_역별 수송실적_20151231.csv,2015-08-01,False,663064,1.6752563487232086,,619774.3333333334,656869.5,False,일반 구간
2015,대전,9,1104,332064,336562,대전교통공사_역별 수송실적_20151231.csv,2015-09-01,False,668626,0.8388330538228628,,661276.3333333334,658175.7777777778,False,일반 구간
2015,대전,10,1104,345785,350536,대전교통공사_역별 수송실적_20151231.csv,2015-10-01,False,696321,4.142076437350628,,676003.6666666666,661990.3,False,일반 구간
2015,대전,11,1104,334843,334716,대전교통공사_역별 수송실적_20151231.csv,2015-11-01,False,669559,-3.8433423665234834,,678168.6666666666,662678.3636363636,False,일반 구간
2015,대전,12,1104,346164,351834,대전교통공사_역별 수송실적_20151231.csv,2015-12-01,False,697998,4.247422557235425,,687959.3333333334,665621.6666666666,False,일반 구간
2016,대전,1,1104,323871,323051,대전교통공사_역별 수송실적_20161231.csv,2016-01-01,False,646922,-7.317499477075861,-4.520827153005003,671493.0,663069.0833333334,False,일반 구간
2016,대전,2,1104,302993,303494,대전교통공사_역별 수송실적_20161231.csv,2016-02-01,False,606487,-6.250367123084388,1.2624264099404536,650469.0,663699.1666666666,False,일반 구간
2016,대전,3,1104,340821,341984,대전교통공사_역별 수송실적_20161231.csv,2016-03-01,False,682805,12.583616796402897,-1.3887504856149646,645404.6666666666,662897.8333333334,False,일반 구간
2016,대전,4,1104,340586,345185,대전교통공사_역별 수송실적_20161231.csv,2016-04-01,False,685771,0.434384633973095,-0.8991420433443698,658354.3333333334,662379.3333333334,False,일반 구간
2016,대전,5,1104,354420,352518,대전교통공사_역별 수송실적_20161231.csv,2016-05-01,False,706938,3.0865988792176946,-3.7839235647984304,691838.0,660062.5,False,일반 구간
2016,대전,6,1104,328413,333245,대전교통공사_역별 수송실적_20161231.csv,2016-06-01,False,661658,-6.40508785777536,21.6014849665515,684789.0,669857.3333333334,False,일반 구간
2016,대전,7,1104,325161,329376,대전교통공사_역별 수송실적_20161231.csv,2016-07-01,False,654537,-1.0762357592593141,0.3677130182369037,674377.6666666666,670057.1666666666,False,일반 구간
2016,대전,8,1104,317179,320120,대전교통공사_역별 수송실적_20161231.csv,2016-08-01,False,637299,-2.6336173508907823,-3.8857485853552642,651164.6666666666,667910.0833333334,False,일반 구간
2016,대전,9,1104,316536,321658,대전교통공사_역별 수송실적_20161231.csv,2016-09-01,False,638194,0.14043643564480845,-4.551423366725194,643343.3333333334,665374.0833333334,False,일반 구간
2016,대전,10,1104,329039,331067,대전교통공사_역별 수송실적_20161231.csv,2016-10-01,False,660106,3.4334387349301387,-5.200905904029895,645199.6666666666,662356.1666666666,False,일반 구간
2016,대전,11,1104,315330,320176,대전교통공사_역별 수송실적_20161231.csv,2016-11-01,False,635506,-3.726674200810176,-5.085884888411629,644602.0,659518.4166666666,False,일반 구간
2016,대전,12,1104,332243,335499,대전교통공사_역별 수송실적_20161231.csv,2016-12-01,False,667742,5.072493414696311,-4.334682907400877,654451.3333333334,656997.0833333334,False,일반 구간
2017,대전,1,1104,323127,319575,대전교통공사_역별 수송실적_20171231.csv,2017-01-01,False,642702,-3.7499513285071173,-0.6523197541589254,648650.0,656645.4166666666,False,일반 구간
2017,대전,2,1104,311976,308512,대전교통공사_역별 수송실적_20171231.csv,2017-02-01,False,620488,-3.456345242429615,2.3085408261017903,643644.0,657812.1666666666,False,일반 구간
2017,대전,3,1104,344080,342915,대전교통공사_역별 수송실적_20171231.csv,2017-03-01,False,686995,10.71849898789341,0.613645184203393,650061.6666666666,658161.3333333334,False,일반 구간
2017,대전,4,1104,338455,337404,대전교통공사_역별 수송실적_20171231.csv,2017-04-01,False,675859,-1.6209724961608218,-1.4453804549915406,661114.0,657335.3333333334,False,일반 구간
2017,대전,5,1104,351677,348757,대전교통공사_역별 수송실적_20171231.csv,2017-05-01,False,700434,3.63611344969883,-0.9200241039525436,687762.6666666666,656793.3333333334,False,일반 구간
2017,대전,6,1104,338899,340400,대전교통공사_역별 수송실적_20171231.csv,2017-06-01,False,679299,-3.0174149170371534,2.666181017988145,685197.3333333334,658263.4166666666,False,일반 구간
2017,대전,7,1104,330967,328305,대전교통공사_역별 수송실적_20171231.csv,2017-07-01,False,659272,-2.948186292045185,0.7234121218510081,679668.3333333334,658658.0,False,일반 구간
2017,대전,8,1104,336725,333886,대전교통공사_역별 수송실적_20171231.csv,2017-08-01,False,670611,1.7199274351102467,5.227059825921576,669727.3333333334,661434.0,False,일반 구간
2017,대전,9,1104,355203,356856,대전교통공사_역별 수송실적_20171231.csv,2017-09-01,False,712059,6.18063228906176,11.57406681980715,680647.3333333334,667589.4166666666,False,일반 구간
2017,대전,10,1104,330738,325191,대전교통공사_역별 수송실적_20171231.csv,2017-10-01,False,655929,-7.88277375891604,-0.6327771600318721,679533.0,667241.3333333334,False,일반 구간
2017,대전,11,1104,345434,342501,대전교통공사_역별 수송실적_20171231.csv,2017-11-01,False,687935,4.879491530333313,8.249961448042974,685307.6666666666,671610.4166666666,False,일반 구간
2017,대전,12,1104,352825,351551,대전교통공사_역별 수송실적_20171231.csv,2017-12-01,False,704376,2.3899060230981206,5.486250677656934,682746.6666666666,674663.25,False,일반 구간
2018,대전,1,1104,333307,326833,대전교통공사_역별 수송실적_20181231.csv,2018-01-01,False,660140,-6.280168546344567,2.7132325712383,684150.3333333334,676116.4166666666,False,일반 구간
2018,대전,2,1104,302244,299060,대전교통공사_역별 수송실적_20181231.csv,2018-02-01,False,601304,-8.912654891386673,-3.091760034037727,655273.3333333334,674517.75,True,일반 구간
2018,대전,3,1104,357075,350760,대전교통공사_역별 수송실적_20181231.csv,2018-03-01,False,707835,17.71666245360084,3.0335009716227823,656426.3333333334,676254.4166666666,False,일반 구간
2018,대전,4,1104,351422,343433,대전교통공사_역별 수송실적_20181231.csv,2018-04-01,False,694855,-1.8337606928168326,2.8106454156858085,667998.0,677837.4166666666,False,일반 구간
2018,대전,5,1104,363006,357884,대전교통공사_역별 수송실적_20181231.csv,2018-05-01,False,720890,3.7468248771326484,2.920475019773461,707860.0,679542.0833333334,False,일반 구간
2018,대전,6,1104,349947,347683,대전교통공사_역별 수송실적_20181231.csv,2018-06-01,False,697630,-3.226567160038285,2.698517147824453,704458.3333333334,681069.6666666666,False,일반 구간
2018,대전,7,1104,336720,334250,대전교통공사_역별 수송실적_20181231.csv,2018-07-01,False,670970,-3.821509969468051,1.7743814389205026,696496.6666666666,682044.5,False,일반 구간
2018,대전,8,1104,338729,335495,대전교통공사_역별 수송실적_20181231.csv,2018-08-01,False,674224,0.48496952173717744,0.5387624121882872,680941.3333333334,682345.5833333334,False,일반 구간
2018,대전,9,1104,339962,337446,대전교통공사_역별 수송실적_20181231.csv,2018-09-01,False,677408,0.47224661240181653,-4.866310235528237,674200.6666666666,679458.0,False,일반 구간
2018,대전,10,1104,360313,360211,대전교통공사_역별 수송실적_20181231.csv,2018-10-01,False,720524,6.364849544144735,9.847864631690317,690718.6666666666,684840.9166666666,False,일반 구간
2018,대전,11,1104,358771,358243,대전교통공사_역별 수송실적_20181231.csv,2018-11-01,False,717014,-0.4871454663550434,4.226998190235998,704982.0,687264.1666666666,False,일반 구간
2018,대전,12,1104,358385,356479,대전교통공사_역별 수송실적_20181231.csv,2018-12-01,False,714864,-0.2998546750830555,1.488977477937925,717467.3333333334,688138.1666666666,False,일반 구간
2019,대전,1,1104,353469,349457,대전교통공사_역별 수송실적_20191231.csv,2019-01-01,False,702926,-1.6699679939121248,6.48135244039143,711601.3333333334,691703.6666666666,False,일반 구간
2019,대전,2,1104,309615,305782,대전교통공사_역별 수송실적_20191231.csv,2019-02-01,False,615397,-12.452093107951622,2.343739605923134,677729.0,692878.0833333334,True,일반 구간
2019,대전,3,1104,361099,355283,대전교통공사_역별 수송실적_20191231.csv,2019-03-01,False,716382,16.409732254138376,1.2074847951853096,678235.0,693590.3333333334,False,일반 구간
2019,대전,4,1104,353228,350193,대전교통공사_역별 수송실적_20191231.csv,2019-04-01,False,703421,-1.8092302710006725,1.2327751833116185,678400.0,694304.1666666666,False,일반 구간
2019,대전,5,1104,375565,373310,대전교통공사_역별 수송실적_20191231.csv,2019-05-01,False,748875,6.46184859422736,3.882006963614426,722892.6666666666,696636.25,False,일반 구간
2019,대전,6,1104,354608,349811,대전교통공사_역별 수송실적_20191231.csv,2019-06-01,False,704419,-5.936371223501924,0.9731519573412895,718905.0,697202.0,False,일반 구간
2019,대전,7,1104,352944,349847,대전교통공사_역별 수송실적_20191231.csv,2019-07-01,False,702791,-0.23111244869885583,4.742536924154583,718695.0,699853.75,False,일반 구간
2019,대전,8,1104,351415,347412,대전교통공사_역별 수송실적_20191231.csv,2019-08-01,False,698827,-0.5640368189120282,3.649083983957846,702012.3333333334,701904.0,False,일반 구간
2019,대전,9,1104,342005,336204,대전교통공사_역별 수송실적_20191231.csv,2019-09-01,False,678209,-2.9503725528635893,0.11824483915159334,693275.6666666666,701970.75,False,일반 구간
2019,대전,10,1104,363425,360107,대전교통공사_역별 수송실적_20191231.csv,2019-10-01,False,723532,6.6827482383748915,0.4174739495145241,700189.3333333334,702221.4166666666,False,일반 구간
2019,대전,11,1104,359044,354051,대전교통공사_역별 수송실적_20191231.csv,2019-11-01,False,713095,-1.4425070349341818,-0.5465723123955768,704945.3333333334,701894.8333333334,False,일반 구간
2019,대전,12,1104,369551,362042,대전교통공사_역별 수송실적_20191231.csv,2019-12-01,False,731593,2.594044271801099,2.340165402090477,722740.0,703288.9166666666,False,일반 구간
2020,대전,1,1104,334026,327258,대전교통공사_역별 수송실적_20200531.csv,2020-01-01,False,661284,-9.61039813120137,-5.924094428147486,701990.6666666666,699818.75,False,일반 구간
2020,대전,2,1104,227907,223965,대전교통공사_역별 수송실적_20200531.csv,2020-02-01,False,451872,-31.667483259839948,-26.57227773291062,614916.3333333334,686191.6666666666,True,팬데믹 구간
2020,대전,3,1104,145123,144227,대전교통공사_역별 수송실적_20200531.csv,2020-03-01,False,289350,-35.9663798597833,-59.60953792808865,467502.0,650605.6666666666,True,팬데믹 구간
2020,대전,4,1104,189409,188431,대전교통공사_역별 수송실적_20200531.csv,2020-04-01,False,377840,30.58233972697426,-46.285368221875665,373020.6666666667,623473.9166666666,False,팬데믹 구간
2020,대전,5,1104,250287,243862,대전교통공사_역별 수송실적_20200531.csv,2020-05-01,False,494149,30.78260639424095,-34.014488399265566,387113.0,602246.75,False,팬데믹 구간
2020,대전,6,1104,232225,230975,대전교통공사_역별 수송실적_20211231.csv,2020-06-01,False,463200,-6.263090687221872,-34.243681672413715,445063.0,582145.1666666666,False,팬데믹 구간
2020,대전,7,1104,230042,229271,대전교통공사_역별 수송실적_20211231.csv,2020-07-01,False,459313,-0.8391623488773758,-34.64443910067146,472220.6666666667,561855.3333333334,False,팬데믹 구간
2020,대전,8,1104,223264,219631,대전교통공사_역별 수송실적_20211231.csv,2020-08-01,False,442895,-3.574468826268795,-36.62308411094591,455136.0,540527.6666666666,False,팬데믹 구간
2020,대전,9,1104,206959,210561,대전교통공사_역별 수송실적_20211231.csv,2020-09-01,False,417520,-5.729348942751667,-38.43785617707815,439909.3333333333,518803.5833333333,False,팬데믹 구간
2020,대전,10,1104,239754,234936,대전교통공사_역별 수송실적_20211231.csv,2020-10-01,False,474690,13.692757233186438,-34.392673717264756,445035.0,498066.75,False,팬데믹 구간
2020,대전,11,1104,255096,249987,대전교통공사_역별 수송실적_20211231.csv,2020-11-01,False,505083,6.402704923213043,-29.17030690160498,465764.3333333333,480732.4166666667,False,팬데믹 구간
2020,대전,12,1104,192306,193443,대전교통공사_역별 수송실적_20211231.csv,2020-12-01,False,385749,-23.62661186379268,-47.2727322432008,455174.0,451912.0833333333,False,팬데믹 구간
2021,대전,1,1104,195580,192265,대전교통공사_역별 수송실적_20211231.csv,2021-01-01,False,387845,0.5433585051419554,-41.349707538667204,426225.6666666667,429125.5,False,팬데믹 구간
2021,대전,2,1104,201271,200097,대전교통공사_역별 수송실적_20211231.csv,2021-02-01,False,401368,3.4867021619461314,-11.17661638694143,391654.0,424916.8333333333,False,팬데믹 구간
2021,대전,3,1104,257136,249530,대전교통공사_역별 수송실적_20211231.csv,2021-03-01,False,506666,26.234777062446433,75.10489027129775,431959.6666666667,443026.5,False,팬데믹 구간
2021,대전,4,1104,244580,243421,대전교통공사_역별 수송실적_20211231.csv,2021-04-01,False,488001,-3.6838864261663495,29.155462629684514,465345.0,452206.5833333333,False,팬데믹 구간
2021,대전,5,1104,260989,252109,대전교통공사_역별 수송실적_20211231.csv,2021-05-01,False,513098,5.14281733029236,3.834673347512596,502588.3333333333,453785.6666666667,False,팬데믹 구간
2021,대전,6,1104,254750,249556,대전교통공사_역별 수송실적_20211231.csv,2021-06-01,False,504306,-1.713512818214069,8.874352331606229,501801.6666666667,457211.1666666667,False,팬데믹 구간
2021,대전,7,1104,234261,231492,대전교통공사_역별 수송실적_20211231.csv,2021-07-01,False,465753,-7.644763298473545,1.4020939969040747,494385.6666666667,457747.8333333333,False,팬데믹 구간
2021,대전,8,1104,217232,211401,대전교통공사_역별 수송실적_20211231.csv,2021-08-01,False,428633,-7.969889619605242,-3.2201763397645022,466230.6666666667,456559.3333333333,False,팬데믹 구간
2021,대전,9,1104,231818,227542,대전교통공사_역별 수송실적_20211231.csv,2021-09-01,False,459360,7.168603443971877,10.021076834642662,451248.6666666667,460046.0,False,팬데믹 구간
2021,대전,10,1104,268212,261149,대전교통공사_역별 수송실적_20211231.csv,2021-10-01,False,529361,15.238810518982927,11.51720069940383,472451.3333333333,464601.9166666667,False,팬데믹 구간
2021,대전,11,1104,282997,271496,대전교통공사_역별 수송실적_20211231.csv,2021-11-01,False,554493,4.747610798679913,9.782550590694994,514404.6666666667,468719.4166666667,False,팬데믹 구간
2021,대전,12,1104,264859,259641,대전교통공사_역별 수송실적_20211231.csv,2021-12-01,False,524500,-5.409085416768111,35.969244249499035,536118.0,480282.0,False,팬데믹 구간
2022,대전,1,1104,248642,244898,대전교통공사_역별 수송실적_20221231.csv,2022-01-01,False,493540,-5.902764537654914,27.251866080521857,524177.6666666667,489089.9166666667,False,팬데믹 구간
2022,대전,2,1104,210093,199105,대전교통공사_역별 수송실적_20221231.csv,2022-02-01,False,409198,-17.08919236536046,1.950828167666585,475746.0,489742.4166666667,False,팬데믹 구간
2022,대전,3,1104,242633,234299,대전교통공사_역별 수송실적_20221231.csv,2022-03-01,False,476932,16.5528668273061,-5.86856035336889,459890.0,487264.5833333333,False,팬데믹 구간
2022,대전,4,1104,277565,268557,대전교통공사_역별 수송실적_20221231.csv,2022-04-01,False,546122,14.507309218085606,11.910016577834881,477417.3333333333,492108.0,False,팬데믹 구간
2022,대전,5,1104,327836,308375,대전교통공사_역별 수송실적_20221231.csv,2022-05-01,False,636211,16.49613090115396,23.99405181856098,553088.3333333334,502367.4166666667,True,일반 구간
2022,대전,6,1104,308740,298212,대전교통공사_역별 수송실적_20221231.csv,2022-06-01,False,606952,-4.598945947177901,20.353912108917992,596428.3333333334,510921.25,False,일반 구간
2022,대전,7,1104,305375,295341,대전교통공사_역별 수송실적_20221231.csv,2022-07-01,False,600716,-1.0274288576361923,28.977376420549096,614626.3333333334,522168.1666666667,False,일반 구간
2022,대전,8,1104,289373,278540,대전교통공사_역별 수송실적_20221231.csv,2022-08-01,False,567913,-5.460650290653158,32.4939983622353,591860.3333333334,533774.8333333334,False,일반 구간
2022,대전,9,1104,301334,294640,대전교통공사_역별 수송실적_20221231.csv,2022-09-01,False,595974,4.941073720798794,29.74007314524556,588201.0,545159.3333333334,False,일반 구간
2022,대전,10,1104,324910,311818,대전교통공사_역별 수송실적_20221231.csv,2022-10-01,False,636728,6.8382177746008965,20.282378188041818,600205.0,554106.5833333334,False,일반 구간
2022,대전,11,1104,309643,301986,대전교통공사_역별 수송실적_20221231.csv,2022-11-01,False,611629,-3.941871568393407,10.30418778956632,614777.0,558867.9166666666,False,일반 구간
2022,대전,12,1104,322240,315534,대전교통공사_역별 수송실적_20221231.csv,2022-12-01,False,637774,4.27465015556816,21.59656816015252,628710.3333333334,568307.4166666666,False,일반 구간
2023,대전,1,1104,298707,284204,대전교통공사_역별 수송실적_20231231.csv,2023-01-01,False,582911,-8.602263497728035,18.108157393524337,610771.3333333334,575755.0,False,일반 구간
2023,대전,2,1104,303962,290629,대전교통공사_역별 수송실적_20231231.csv,2023-02-01,False,594591,2.0037364194533946,45.30642867267191,605092.0,591204.4166666666,False,일반 구간
2023,대전,3,1104,333709,323297,대전교통공사_역별 수송실적_20231231.csv,2023-03-01,False,657006,10.49713164175039,37.756745196380194,611502.6666666666,606210.5833333334,False,일반 구간
2023,대전,4,1104,323285,311340,대전교통공사_역별 수송실적_20231231.csv,2023-04-01,False,634625,-3.406513791350463,16.205719601114765,628740.6666666666,613585.8333333334,False,일반 구간
2023,대전,5,1104,336775,322998,대전교통공사_역별 수송실적_20231231.csv,2023-05-01,False,659773,3.962655111286195,3.703488308124192,650468.0,615549.3333333334,False,일반 구간
2023,대전,6,1104,327716,320920,대전교통공사_역별 수송실적_20231231.csv,2023-06-01,False,648636,-1.6880048137768555,6.867758900209564,647678.0,619023.0,False,일반 구간
2023,대전,7,1104,314277,304780,대전교통공사_역별 수송실적_20231231.csv,2023-07-01,False,619057,-4.560184756936092,3.0531898601002805,642488.6666666666,620551.4166666666,False,일반 구간
2023,대전,8,1104,355425,340160,대전교통공사_역별 수송실적_20231231.csv,2023-08-01,False,695585,12.36202805234412,22.480908167272105,654426.0,631190.75,False,일반 구간
2023,대전,9,1104,317537,313362,대전교통공사_역별 수송실적_20231231.csv,2023-09-01,False,630899,-9.299510483981111,5.860154973203535,648513.6666666666,634101.1666666666,False,일반 구간
2023,대전,10,1104,337726,316550,대전교통공사_역별 수송실적_20231231.csv,2023-10-01,False,654276,3.70534744864075,2.7559648703999295,660253.3333333334,635563.5,False,일반 구간
2023,대전,11,1104,327029,316603,대전교통공사_역별 수송실적_20231231.csv,2023-11-01,False,643632,-1.6268363809768371,5.232420307081576,642935.6666666666,638230.4166666666,False,일반 구간
2023,대전,12,1104,340880,330304,대전교통공사_역별 수송실적_20231231.csv,2023-12-01,False,671184,4.280706987843996,5.238532771796911,656364.0,641014.5833333334,False,일반 구간
2024,대전,1,1104,327420,308616,대전교통공사_역별 수송실적_20241231.csv,2024-01-01,False,636036,-5.236716012300646,9.113741205775838,650284.0,645441.6666666666,False,일반 구간
2024,대전,2,1104,310491,296785,대전교통공사_역별 수송실적_20241231.csv,2024-02-01,False,607276,-4.5217566301278485,2.1333992610046204,638165.3333333334,646498.75,False,일반 구간
2024,대전,3,1104,342050,323140,대전교통공사_역별 수송실적_20241231.csv,2024-03-01,False,665190,9.536685131637013,1.2456507246509263,636167.3333333334,647180.75,False,일반 구간
2024,대전,4,1104,335559,320996,대전교통공사_역별 수송실적_20241231.csv,2024-04-01,False,656555,-1.2981253476450294,3.4555840063029253,643007.0,649008.25,False,일반 구간
2024,대전,5,1104,360612,346656,대전교통공사_역별 수송실적_20241231.csv,2024-05-01,False,707268,7.724105368171741,7.198688033611567,676337.6666666666,652966.1666666666,False,일반 구간
2024,대전,6,1104,341432,324188,대전교통공사_역별 수송실적_20241231.csv,2024-06-01,False,665620,-5.888574062448749,2.6184177258123276,676481.0,654381.5,False,일반 구간
2024,대전,7,1104,346564,329594,대전교통공사_역별 수송실적_20241231.csv,2024-07-01,False,676158,1.583185601394188,9.223867915232354,683015.3333333334,659139.9166666666,False,일반 구간
2024,대전,8,1104,383411,359820,대전교통공사_역별 수송실적_20241231.csv,2024-08-01,False,743231,9.919722905001493,6.849773931295244,695003.0,663110.4166666666,True,일반 구간
2024,대전,9,1104,331439,315223,대전교통공사_역별 수송실적_20241231.csv,2024-09-01,False,646662,-12.993134032353337,2.4984981748267243,688683.6666666666,664424.0,False,일반 구간
2024,대전,10,1104,350532,337832,대전교통공사_역별 수송실적_20241231.csv,2024-10-01,False,688364,6.448809424397917,5.210033686089655,692752.3333333334,667264.6666666666,False,일반 구간
2024,대전,11,1104,350554,337480,대전교통공사_역별 수송실적_20241231.csv,2024-11-01,False,688034,-0.047939752805203906,6.898662589802873,674353.3333333334,670964.8333333334,False,일반 구간
2024,대전,12,1104,345768,327367,대전교통공사_역별 수송실적_20241231.csv,2024-12-01,False,673135,-2.1654453122956108,0.2906803499487465,683177.6666666666,671127.4166666666,False,일반 구간
2026,대전,1,1104,361691,337623,대전교통공사_역별 수송실적_20260731.csv,2026-01-01,False,699314,3.889115853432079,9.948807929110925,686827.6666666666,676400.5833333334,False,일반 구간
2026,대전,2,1104,322203,304714,대전교통공사_역별 수송실적_20260731.csv,2026-02-01,False,626917,-10.352574094040733,3.234278976939642,666455.3333333334,678037.3333333334,False,일반 구간
2026,대전,3,1104,374452,353225,대전교통공사_역별 수송실적_20260731.csv,2026-03-01,False,727677,16.07230303213982,9.393857394127991,684636.0,683244.5833333334,False,일반 구간
2026,대전,4,1104,364896,352973,대전교통공사_역별 수송실적_20260731.csv,2026-04-01,False,717869,-1.3478507634568593,9.338745421175677,690821.0,688354.0833333334,False,일반 구간
2026,대전,5,1104,382847,364492,대전교통공사_역별 수송실적_20260731.csv,2026-05-01,False,747339,4.105205824461011,5.665603420485588,730961.6666666666,691693.3333333334,False,일반 구간
2026,대전,6,1104,363334,346937,대전교통공사_역별 수송실적_20260731.csv,2026-06-01,False,710271,-4.959998073163585,6.708181845497441,725159.6666666666,695414.25,False,일반 구간
2026,대전,7,1104,370414,351706,대전교통공사_역별 수송실적_20260731.csv,2026-07-01,False,722120,1.6682364900157731,6.7975236557136,726576.6666666666,699244.4166666666,False,일반 구간
2015,반석,1,1122,188248,171467,대전교통공사_역별 수송실적_20151231.csv,2015-01-01,False,359715,,,359715.0,359715.0,False,일반 구간
2015,반석,2,1122,162385,148008,대전교통공사_역별 수송실적_20151231.csv,2015-02-01,False,310393,-13.711410422139746,,335054.0,335054.0,False,일반 구간
2015,반석,3,1122,202418,185038,대전교통공사_역별 수송실적_20151231.csv,2015-03-01,False,387456,24.827557322491156,,352521.3333333333,352521.3333333333,False,일반 구간
2015,반석,4,1122,198873,179643,대전교통공사_역별 수송실적_20151231.csv,2015-04-01,False,378516,-2.3073587710604526,,358788.3333333333,359020.0,False,일반 구간
2015,반석,5,1122,203437,185556,대전교통공사_역별 수송실적_20151231.csv,2015-05-01,False,388993,2.767914698453966,,384988.3333333333,365014.6,False,일반 구간
2015,반석,6,1122,173466,158402,대전교통공사_역별 수송실적_20151231.csv,2015-06-01,False,331868,-14.685354235166182,,366459.0,359490.1666666667,False,일반 구간
2015,반석,7,1122,200996,184179,대전교통공사_역별 수송실적_20151231.csv,2015-07-01,False,385175,16.062711680547693,,368678.6666666667,363159.4285714286,False,일반 구간
2015,반석,8,1122,194137,177861,대전교통공사_역별 수송실적_20151231.csv,2015-08-01,False,371998,-3.421042383332251,,363013.6666666667,364264.25,False,일반 구간
2015,반석,9,1122,201158,180577,대전교통공사_역별 수송실적_20151231.csv,2015-09-01,False,381735,2.6174871907913566,,379636.0,366205.44444444444,False,일반 구간
2015,반석,10,1122,217352,196466,대전교통공사_역별 수송실적_20151231.csv,2015-10-01,False,413818,8.404521461223101,,389183.6666666667,370966.7,False,일반 구간
2015,반석,11,1122,208215,188606,대전교통공사_역별 수송실적_20151231.csv,2015-11-01,False,396821,-4.107361207100702,,397458.0,373317.0909090909,False,일반 구간
2015,반석,12,1122,222730,199870,대전교통공사_역별 수송실적_20151231.csv,2015-12-01,False,422600,6.496379979890188,,411079.6666666667,377424.0,False,일반 구간
2016,반석,1,1122,203257,184471,대전교통공사_역별 수송실적_20161231.csv,2016-01-01,False,387728,-8.25177472787506,7.787554035833932,402383.0,379758.4166666667,False,일반 구간
2016,반석,2,1122,189136,170139,대전교통공사_역별 수송실적_20161231.csv,2016-02-01,False,359275,-7.338391862336479,15.748422161582255,389867.6666666667,383831.9166666667,False,일반 구간
2016,반석,3,1122,220725,199394,대전교통공사_역별 수송실적_20161231.csv,2016-03-01,False,420119,16.935216755966877,8.430118516683184,389040.6666666667,386553.8333333333,False,일반 구간
2016,반석,4,1122,212596,192462,대전교통공사_역별 수송실적_20161231.csv,2016-04-01,False,405058,-3.5849366489018597,7.012121019983297,394817.3333333333,388765.6666666667,False,일반 구간
2016,반석,5,1122,218184,199229,대전교통공사_역별 수송실적_20161231.csv,2016-05-01,False,417413,3.050180467982355,7.306044067631046,414196.6666666667,391134.0,False,일반 구간
2016,반석,6,1122,210145,192331,대전교통공사_역별 수송실적_20161231.csv,2016-06-01,False,402476,-3.578470244098775,21.275928983812832,408315.6666666667,397018.0,False,일반 구간
2016,반석,7,1122,207691,189449,대전교통공사_역별 수송실적_20161231.csv,2016-07-01,False,397140,-1.3257933392301635,3.1063802167845767,405676.3333333333,398015.0833333333,False,일반 구간
2016,반석,8,1122,199126,180176,대전교통공사_역별 수송실적_20161231.csv,2016-08-01,False,379302,-4.491615047590269,1.9634514164054595,392972.6666666667,398623.75,False,일반 구간
2016,반석,9,1122,191222,170959,대전교통공사_역별 수송실적_20161231.csv,2016-09-01,False,362181,-4.513817485802873,-5.122401666077248,379541.0,396994.25,False,일반 구간
2016,반석,10,1122,208291,185564,대전교통공사_역별 수송실적_20161231.csv,2016-10-01,False,393855,8.745351081365405,-4.824101416564774,378446.0,395330.6666666667,False,일반 구간
2016,반석,11,1122,207593,184560,대전교통공사_역별 수송실적_20161231.csv,2016-11-01,False,392153,-0.4321387312589686,-1.1763490339472993,382729.6666666667,394941.6666666667,False,일반 구간
2016,반석,12,1122,217312,192647,대전교통공사_역별 수송실적_20161231.csv,2016-12-01,False,409959,4.540574724661028,-2.9912446758163735,398655.6666666667,393888.25,False,일반 구간
2017,반석,1,1122,195505,174367,대전교통공사_역별 수송실적_20171231.csv,2017-01-01,False,369872,-9.778294902660999,-4.60529030660669,390661.3333333333,392400.25,False,일반 구간
2017,반석,2,1122,195565,174313,대전교통공사_역별 수송실적_20171231.csv,2017-02-01,False,369878,0.0016221828091911306,2.951221209380006,383236.3333333333,393283.8333333333,False,일반 구간
2017,반석,3,1122,213888,192526,대전교통공사_역별 수송실적_20171231.csv,2017-03-01,False,406414,9.877851615938237,-3.262170956324284,382054.6666666667,392141.75,False,일반 구간
2017,반석,4,1122,202562,183881,대전교통공사_역별 수송실적_20171231.csv,2017-04-01,False,386443,-4.913954735811266,-4.595638155523407,387578.3333333333,390590.5,False,일반 구간
2017,반석,5,1122,209797,191174,대전교통공사_역별 수송실적_20171231.csv,2017-05-01,False,400971,3.7594160070178573,-3.939024419459869,397942.6666666667,389220.3333333333,False,일반 구간
2017,반석,6,1122,208450,189474,대전교통공사_역별 수송실적_20171231.csv,2017-06-01,False,397924,-0.759905329811883,-1.1309991154752064,395112.6666666667,388841.0,False,일반 구간
2017,반석,7,1122,205787,189003,대전교통공사_역별 수송실적_20171231.csv,2017-07-01,False,394790,-0.7875875795377962,-0.5917308757616979,397895.0,388645.1666666667,False,일반 구간
2017,반석,8,1122,205294,188399,대전교통공사_역별 수송실적_20171231.csv,2017-08-01,False,393693,-0.277869246941409,3.79407437872723,395469.0,389844.4166666667,False,일반 구간
2017,반석,9,1122,217318,197542,대전교통공사_역별 수송실적_20171231.csv,2017-09-01,False,414860,5.37652434765159,14.544937476013375,401114.3333333333,394234.3333333333,False,일반 구간
2017,반석,10,1122,195292,180100,대전교통공사_역별 수송실적_20171231.csv,2017-10-01,False,375392,-9.513570843176012,-4.687765802135302,394648.3333333333,392695.75,False,일반 구간
2017,반석,11,1122,215677,198018,대전교통공사_역별 수송실적_20171231.csv,2017-11-01,False,413695,10.20346730883983,5.493264108651474,401315.6666666667,394490.9166666667,False,일반 구간
2017,반석,12,1122,224854,204822,대전교통공사_역별 수송실적_20171231.csv,2017-12-01,False,429676,3.8629908507475275,4.809505340777975,406254.3333333333,396134.0,False,일반 구간
2018,반석,1,1122,222149,203137,대전교통공사_역별 수송실적_20181231.csv,2018-01-01,False,425286,-1.0217000716819191,14.981939698057701,422885.6666666667,400751.8333333333,False,일반 구간
2018,반석,2,1122,193386,175364,대전교통공사_역별 수송실적_20181231.csv,2018-02-01,False,368750,-13.29364239594062,-0.3049654210307229,407904.0,400657.8333333333,False,일반 구간
2018,반석,3,1122,230281,212055,대전교통공사_역별 수송실적_20181231.csv,2018-03-01,False,442336,19.955525423728805,8.838770317951639,412124.0,403651.3333333333,False,일반 구간
2018,반석,4,1122,227258,209113,대전교통공사_역별 수송실적_20181231.csv,2018-04-01,False,436371,-1.3485223902191978,12.919887279624675,415819.0,407812.0,False,일반 구간
2018,반석,5,1122,234873,216215,대전교통공사_역별 수송실적_20181231.csv,2018-05-01,False,451088,3.372588920895292,12.49890889864853,443265.0,411988.4166666667,False,일반 구간
2018,반석,6,1122,218000,202274,대전교통공사_역별 수송실적_20181231.csv,2018-06-01,False,420274,-6.831039619763768,5.616650415657265,435911.0,413850.9166666667,False,일반 구간
2018,반석,7,1122,222899,205597,대전교통공사_역별 수송실적_20181231.csv,2018-07-01,False,428496,1.9563427668616296,8.53770358924999,433286.0,416659.75,False,일반 구간
2018,반석,8,1122,216459,199823,대전교통공사_역별 수송실적_20181231.csv,2018-08-01,False,416282,-2.8504350098950804,5.737719492091564,421684.0,418542.1666666667,False,일반 구간
2018,반석,9,1122,206938,190700,대전교통공사_역별 수송실적_20181231.csv,2018-09-01,False,397638,-4.478694730975641,-4.151279949862607,414138.6666666667,417107.0,False,일반 구간
2018,반석,10,1122,235554,216721,대전교통공사_역별 수송실적_20181231.csv,2018-10-01,False,452275,13.740386985147302,20.480724149688868,422065.0,423513.9166666667,False,일반 구간
2018,반석,11,1122,234035,213742,대전교통공사_역별 수송실적_20181231.csv,2018-11-01,False,447777,-0.9945276656901259,8.238436529327164,432563.3333333333,426354.0833333333,False,일반 구간
2018,반석,12,1122,231495,211056,대전교통공사_역별 수송실적_20181231.csv,2018-12-01,False,442551,-1.167098801412314,2.99644383209674,447534.3333333333,427427.0,False,일반 구간
2019,반석,1,1122,232617,211936,대전교통공사_역별 수송실적_20191231.csv,2019-01-01,False,444553,0.45237724013729164,4.530363096833656,444960.3333333333,429032.5833333333,False,일반 구간
2019,반석,2,1122,199242,182203,대전교통공사_역별 수송실적_20191231.csv,2019-02-01,False,381445,-14.195832667870878,3.442711864406789,422849.6666666667,430090.5,True,일반 구간
2019,반석,3,1122,232393,215569,대전교통공사_역별 수송실적_20191231.csv,2019-03-01,False,447962,17.438162775760603,1.2718838168270352,424653.3333333333,430559.3333333333,False,일반 구간
2019,반석,4,1122,233054,214893,대전교통공사_역별 수송실적_20191231.csv,2019-04-01,False,447947,-0.0033484983101295107,2.6527885675262652,425784.6666666667,431524.0,False,일반 구간
2019,반석,5,1122,244195,224725,대전교통공사_역별 수송실적_20191231.csv,2019-05-01,False,468920,4.682027114814913,3.953108927748028,454943.0,433010.0,False,일반 구간
2019,반석,6,1122,221701,205476,대전교통공사_역별 수송실적_20191231.csv,2019-06-01,False,427177,-8.901944894651537,1.6424998929269963,448014.6666666667,433585.25,False,일반 구간
2019,반석,7,1122,234966,215946,대전교통공사_역별 수송실적_20191231.csv,2019-07-01,False,450912,5.556244835279056,5.231320712445386,449003.0,435453.25,False,일반 구간
2019,반석,8,1122,221157,202666,대전교통공사_역별 수송실적_20191231.csv,2019-08-01,False,423823,-6.007602370307286,1.8115123882368245,433970.6666666667,436081.6666666667,False,일반 구간
2019,반석,9,1122,213540,194350,대전교통공사_역별 수송실적_20191231.csv,2019-09-01,False,407890,-3.759352371154945,2.5782244151715927,427541.6666666667,436936.0,False,일반 구간
2019,반석,10,1122,240377,219956,대전교통공사_역별 수송실적_20191231.csv,2019-10-01,False,460333,12.857142857142856,1.781659388646295,430682.0,437607.5,False,일반 구간
2019,반석,11,1122,237282,215378,대전교통공사_역별 수송실적_20191231.csv,2019-11-01,False,452660,-1.6668368333358718,1.0904981720812001,440294.3333333333,438014.4166666667,False,일반 구간
2019,반석,12,1122,245331,222655,대전교통공사_역별 수송실적_20191231.csv,2019-12-01,False,467986,3.385764149692916,5.747360191254791,460326.3333333333,440134.0,False,일반 구간
2020,반석,1,1122,219270,199901,대전교통공사_역별 수송실적_20200531.csv,2020-01-01,False,419171,-10.430867590056113,-5.709555441083514,446605.6666666667,438018.8333333333,False,일반 구간
2020,반석,2,1122,173934,159166,대전교통공사_역별 수송실적_20200531.csv,2020-02-01,False,333100,-20.53362470209056,-12.674173209768114,406752.3333333333,433990.0833333333,True,팬데믹 구간
2020,반석,3,1122,112692,103645,대전교통공사_역별 수송실적_20200531.csv,2020-03-01,False,216337,-35.05343740618433,-51.70639473883946,322869.3333333333,414688.0,True,팬데믹 구간
2020,반석,4,1122,134244,123919,대전교통공사_역별 수송실적_20200531.csv,2020-04-01,False,258163,19.333724698040555,-42.36751222800912,269200.0,398872.6666666667,False,팬데믹 구간
2020,반석,5,1122,165163,152487,대전교통공사_역별 수송실적_20200531.csv,2020-05-01,False,317650,23.042418936873222,-32.25923398447497,264050.0,386266.8333333333,False,팬데믹 구간
2020,반석,6,1122,164402,152707,대전교통공사_역별 수송실적_20211231.csv,2020-06-01,False,317109,-0.17031323784039154,-25.76636850766778,297640.6666666667,377094.5,False,팬데믹 구간
2020,반석,7,1122,163719,151397,대전교통공사_역별 수송실적_20211231.csv,2020-07-01,False,315116,-0.6284905190328871,-30.115854091263927,316625.0,365778.1666666667,False,팬데믹 구간
2020,반석,8,1122,150538,140154,대전교통공사_역별 수송실적_20211231.csv,2020-08-01,False,290692,-7.750796532070725,-31.411933755364863,307639.0,354683.9166666667,False,팬데믹 구간
2020,반석,9,1122,146050,136112,대전교통공사_역별 수송실적_20211231.csv,2020-09-01,False,282162,-2.9343772790444866,-30.823996665767726,295990.0,344206.5833333333,False,팬데믹 구간
2020,반석,10,1122,165914,152882,대전교통공사_역별 수송실적_20211231.csv,2020-10-01,False,318796,12.983321637924305,-30.746655138779964,297216.6666666667,332411.8333333333,False,팬데믹 구간
2020,반석,11,1122,174927,160535,대전교통공사_역별 수송실적_20211231.csv,2020-11-01,False,335462,5.227794577096323,-25.890955684177975,312140.0,322645.3333333333,False,팬데믹 구간
2020,반석,12,1122,150959,139894,대전교통공사_역별 수송실적_20211231.csv,2020-12-01,False,290853,-13.297780374528267,-37.85006389080016,315037.0,307884.25,False,팬데믹 구간
2021,반석,1,1122,153266,142114,대전교통공사_역별 수송실적_20211231.csv,2021-01-01,False,295380,1.5564563542407983,-29.532338830692005,307231.6666666667,297568.3333333333,False,팬데믹 구간
2021,반석,2,1122,149550,138191,대전교통공사_역별 수송실적_20211231.csv,2021-02-01,False,287741,-2.586160200419796,-13.617232062443707,291324.6666666667,293788.4166666667,False,팬데믹 구간
2021,반석,3,1122,181972,168026,대전교통공사_역별 수송실적_20211231.csv,2021-03-01,False,349998,21.636471688080604,61.78369858137997,311039.6666666667,304926.8333333333,False,팬데믹 구간
2021,반석,4,1122,173272,162312,대전교통공사_역별 수송실적_20211231.csv,2021-04-01,False,335584,-4.118309247481411,29.989192874269357,324441.0,311378.5833333333,False,팬데믹 구간
2021,반석,5,1122,171659,160469,대전교통공사_역별 수송실적_20211231.csv,2021-05-01,False,332128,-1.0298464765900683,4.55784668660475,339236.6666666667,312585.0833333333,False,팬데믹 구간
2021,반석,6,1122,175370,164831,대전교통공사_역별 수송실적_20211231.csv,2021-06-01,False,340201,2.4306893727719325,7.28203866809205,335971.0,314509.4166666667,False,팬데믹 구간
2021,반석,7,1122,165378,157004,대전교통공사_역별 수송실적_20211231.csv,2021-07-01,False,322382,-5.237785897160796,2.305817540207422,331570.3333333333,315114.9166666667,False,팬데믹 구간
2021,반석,8,1122,148328,142024,대전교통공사_역별 수송실적_20211231.csv,2021-08-01,False,290352,-9.935418230546366,-0.11696228310376089,317645.0,315086.5833333333,False,팬데믹 구간
2021,반석,9,1122,157723,148190,대전교통공사_역별 수송실적_20211231.csv,2021-09-01,False,305913,5.3593569184989365,8.417504837646451,306215.6666666667,317065.8333333333,False,팬데믹 구간
2021,반석,10,1122,178311,167822,대전교통공사_역별 수송실적_20211231.csv,2021-10-01,False,346133,13.147528872587966,8.575076224293898,314132.6666666667,319343.9166666667,False,팬데믹 구간
2021,반석,11,1122,193718,180494,대전교통공사_역별 수송실적_20211231.csv,2021-11-01,False,374212,8.1121996458009,11.55123382082024,342086.0,322573.0833333333,False,팬데믹 구간
2021,반석,12,1122,191597,178372,대전교통공사_역별 수송실적_20211231.csv,2021-12-01,False,369969,-1.1338492619157092,27.201369764107653,363438.0,329166.0833333333,False,팬데믹 구간
2022,반석,1,1122,178206,167560,대전교통공사_역별 수송실적_20221231.csv,2022-01-01,False,345766,-6.541899456440947,17.058026948337734,363315.6666666667,333364.9166666667,False,팬데믹 구간
2022,반석,2,1122,147500,138399,대전교통공사_역별 수송실적_20221231.csv,2022-02-01,False,285899,-17.314310834495007,-0.6401590319071615,333878.0,333211.4166666667,False,팬데믹 구간
2022,반석,3,1122,171193,164262,대전교통공사_역별 수송실적_20221231.csv,2022-03-01,False,335455,17.333393960804333,-4.155166600952009,322373.3333333333,331999.5,False,팬데믹 구간
2022,반석,4,1122,187035,177820,대전교통공사_역별 수송실적_20221231.csv,2022-04-01,False,364855,8.7642157666453,8.72240631257748,328736.3333333333,334438.75,False,팬데믹 구간
2022,반석,5,1122,209756,198710,대전교통공사_역별 수송실적_20221231.csv,2022-05-01,False,408466,11.952967617272625,22.98451199537528,369592.0,340800.25,False,일반 구간
2022,반석,6,1122,200736,188921,대전교통공사_역별 수송실적_20221231.csv,2022-06-01,False,389657,-4.604789627533257,14.5372882501815,387659.3333333333,344921.5833333333,False,일반 구간
2022,반석,7,1122,201401,189238,대전교통공사_역별 수송실적_20221231.csv,2022-07-01,False,390639,0.25201651709068074,21.172708153681043,396254.0,350609.6666666667,False,일반 구간
2022,반석,8,1122,189331,177960,대전교통공사_역별 수송실적_20221231.csv,2022-08-01,False,367291,-5.976873788843406,26.498525927150496,382529.0,357021.25,False,일반 구간
2022,반석,9,1122,196503,184454,대전교통공사_역별 수송실적_20221231.csv,2022-09-01,False,380957,3.7207554772646256,24.53115755132995,379629.0,363274.9166666667,False,일반 구간
2022,반석,10,1122,209651,197324,대전교통공사_역별 수송실적_20221231.csv,2022-10-01,False,406975,6.829642190588436,17.577636342099723,385074.3333333333,368345.0833333333,False,일반 구간
2022,반석,11,1122,213327,199217,대전교통공사_역별 수송실적_20221231.csv,2022-11-01,False,412544,1.3683887216659585,10.243391446559702,400158.6666666667,371539.4166666667,False,일반 구간
2022,반석,12,1122,222674,206836,대전교통공사_역별 수송실적_20221231.csv,2022-12-01,False,429510,4.112531026993493,16.093510537369337,416343.0,376501.1666666667,False,일반 구간
2023,반석,1,1122,198225,182587,대전교통공사_역별 수송실적_20231231.csv,2023-01-01,False,380812,-11.338036367022886,10.13575655211907,407622.0,379421.6666666667,False,일반 구간
2023,반석,2,1122,203029,187003,대전교통공사_역별 수송실적_20231231.csv,2023-02-01,False,390032,2.421142190897352,36.42300252886508,400118.0,388099.4166666667,False,일반 구간
2023,반석,3,1122,228426,213792,대전교통공사_역별 수송실적_20231231.csv,2023-03-01,False,442218,13.379927800795821,31.826325438583414,404354.0,396996.3333333333,False,일반 구간
2023,반석,4,1122,215365,201880,대전교통공사_역별 수송실적_20231231.csv,2023-04-01,False,417245,-5.6472147221506175,14.359128969042501,416498.3333333333,401362.1666666667,False,일반 구간
2023,반석,5,1122,221793,207400,대전교통공사_역별 수송실적_20231231.csv,2023-05-01,False,429193,2.8635453989862114,5.0743513536010365,429552.0,403089.4166666667,False,일반 구간
2023,반석,6,1122,216058,201369,대전교통공사_역별 수송실적_20231231.csv,2023-06-01,False,417427,-2.7414240213610164,7.126780732798332,421288.3333333333,405403.5833333333,False,일반 구간
2023,반석,7,1122,208136,193463,대전교통공사_역별 수송실적_20231231.csv,2023-07-01,False,401599,-3.7918007220424155,2.805659445165487,416073.0,406316.9166666667,False,일반 구간
2023,반석,8,1122,208391,192543,대전교통공사_역별 수송실적_20231231.csv,2023-08-01,False,400934,-0.16558806172326523,9.159767051193747,406653.3333333333,409120.5,False,일반 구간
2023,반석,9,1122,204940,190280,대전교통공사_역별 수송실적_20231231.csv,2023-09-01,False,395220,-1.4251722228596275,3.743992104095728,399251.0,410309.0833333333,False,일반 구간
2023,반석,10,1122,218269,203401,대전교통공사_역별 수송실적_20231231.csv,2023-10-01,False,421670,6.692475077172211,3.6107869033724427,405941.3333333333,411533.6666666667,False,일반 구간
2023,반석,11,1122,220433,204229,대전교통공사_역별 수송실적_20231231.csv,2023-11-01,False,424662,0.7095596082244304,2.9373836487744276,413850.6666666667,412543.5,False,일반 구간
2023,반석,12,1122,221790,203818,대전교통공사_역별 수송실적_20231231.csv,2023-12-01,False,425608,0.22276539930579098,-0.9084771018136983,423980.0,412218.3333333333,False,일반 구간
2024,반석,1,1122,216097,199948,대전교통공사_역별 수송실적_20241231.csv,2024-01-01,False,416045,-2.2469032536982403,9.25207188849091,422105.0,415154.4166666667,False,일반 구간
2024,반석,2,1122,195728,180187,대전교통공사_역별 수송실적_20241231.csv,2024-02-01,False,375915,-9.645591222103377,-3.6194466095089584,405856.0,413978.0,True,일반 구간
2024,반석,3,1122,220989,207942,대전교통공사_역별 수송실적_20241231.csv,2024-03-01,False,428931,14.10318822074139,-3.0046266773401387,406963.6666666667,412870.75,False,일반 구간
2024,반석,4,1122,221540,208214,대전교통공사_역별 수송실적_20241231.csv,2024-04-01,False,429754,0.19187235242963396,2.9979987776965533,411533.3333333333,413913.1666666667,False,일반 구간
2024,반석,5,1122,226516,213458,대전교통공사_역별 수송실적_20241231.csv,2024-05-01,False,439974,2.3781046831443,2.5119235402254914,432886.3333333333,414811.5833333333,False,일반 구간
2024,반석,6,1122,209893,196691,대전교통공사_역별 수송실적_20241231.csv,2024-06-01,False,406584,-7.5890848095569226,-2.5975799361325436,425437.3333333333,413908.0,False,일반 구간
2024,반석,7,1122,218004,202985,대전교통공사_역별 수송실적_20241231.csv,2024-07-01,False,420989,3.542933317592434,4.828199273404565,422515.6666666667,415523.8333333333,False,일반 구간
2024,반석,8,1122,205816,191789,대전교통공사_역별 수송실적_20241231.csv,2024-08-01,False,397605,-5.554539429771321,-0.8303112232936116,408392.6666666667,415246.4166666667,False,일반 구간
2024,반석,9,1122,195515,183326,대전교통공사_역별 수송실적_20241231.csv,2024-09-01,False,378841,-4.719256548584649,-4.144274075198629,399145.0,413881.5,False,일반 구간
2024,반석,10,1122,214806,201580,대전교통공사_역별 수송실적_20241231.csv,2024-10-01,False,416386,9.910490152860962,-1.2531126236156265,397610.6666666667,413441.1666666667,False,일반 구간
2024,반석,11,1122,215506,201405,대전교통공사_역별 수송실적_20241231.csv,2024-11-01,False,416911,0.1260849308093892,-1.825216289660958,404046.0,412795.25,False,일반 구간
2024,반석,12,1122,221834,204746,대전교통공사_역별 수송실적_20241231.csv,2024-12-01,False,426580,2.3192000211076147,0.22837916580515927,419959.0,412876.25,False,일반 구간
2026,반석,1,1122,203030,186320,대전교통공사_역별 수송실적_20260731.csv,2026-01-01,False,389350,-8.727554034413243,-6.416373228857452,410947.0,410651.6666666667,False,일반 구간
2026,반석,2,1122,176567,160484,대전교통공사_역별 수송실적_20260731.csv,2026-02-01,False,337051,-13.432387312186977,-10.338507375337514,384327.0,407413.0,True,일반 구간
2026,반석,3,1122,215113,198966,대전교통공사_역별 수송실적_20260731.csv,2026-03-01,False,414079,22.85351474999333,-3.4625615775031426,380160.0,406175.3333333333,False,일반 구간
2026,반석,4,1122,226816,210325,대전교통공사_역별 수송실적_20260731.csv,2026-04-01,False,437141,5.569468627967122,1.7188903419165458,396090.3333333333,406790.9166666667,False,일반 구간
2026,반석,5,1122,214451,197123,대전교통공사_역별 수송실적_20260731.csv,2026-05-01,False,411574,-5.848684978073438,-6.454926882043033,420931.3333333333,404424.25,False,일반 구간
2026,반석,6,1122,209881,193562,대전교통공사_역별 수송실적_20260731.csv,2026-06-01,False,403443,-1.9755864073046414,-0.7725340888967591,417386.0,404162.5,False,일반 구간
2026,반석,7,1122,207361,190248,대전교통공사_역별 수송실적_20260731.csv,2026-07-01,False,397609,-1.44605309795931,-5.5535892861808716,404208.6666666667,402214.1666666667,False,일반 구간
2015,서대전네거리,1,1107,241658,251065,대전교통공사_역별 수송실적_20151231.csv,2015-01-01,False,492723,,,492723.0,492723.0,False,일반 구간
2015,서대전네거리,2,1107,206798,214537,대전교통공사_역별 수송실적_20151231.csv,2015-02-01,False,421335,-14.488465121376514,,457029.0,457029.0,False,일반 구간
2015,서대전네거리,3,1107,250215,257789,대전교통공사_역별 수송실적_20151231.csv,2015-03-01,False,508004,20.570092681595398,,474020.6666666667,474020.6666666667,False,일반 구간
2015,서대전네거리,4,1107,247105,253860,대전교통공사_역별 수송실적_20151231.csv,2015-04-01,False,500965,-1.3856190108739286,,476768.0,480756.75,False,일반 구간
2015,서대전네거리,5,1107,254575,263593,대전교통공사_역별 수송실적_20151231.csv,2015-05-01,False,518168,3.4339724332039134,,509045.6666666667,488239.0,False,일반 구간
2015,서대전네거리,6,1107,195355,201891,대전교통공사_역별 수송실적_20151231.csv,2015-06-01,False,397246,-23.336446866653283,,472126.3333333333,473073.5,False,일반 구간
2015,서대전네거리,7,1107,227927,234691,대전교통공사_역별 수송실적_20151231.csv,2015-07-01,False,462618,16.456301636769165,,459344.0,471579.85714285716,False,일반 구간
2015,서대전네거리,8,1107,221211,229828,대전교통공사_역별 수송실적_20151231.csv,2015-08-01,False,451039,-2.5029289824433976,,436967.6666666667,469012.25,False,일반 구간
2015,서대전네거리,9,1107,224660,232312,대전교통공사_역별 수송실적_20151231.csv,2015-09-01,False,456972,1.3154073151102175,,456876.3333333333,467674.44444444444,False,일반 구간
2015,서대전네거리,10,1107,242013,250473,대전교통공사_역별 수송실적_20151231.csv,2015-10-01,False,492486,7.771592132559535,,466832.3333333333,470155.6,False,일반 구간
2015,서대전네거리,11,1107,231019,238989,대전교통공사_역별 수송실적_20151231.csv,2015-11-01,False,470008,-4.5641906571963435,,473155.3333333333,470142.1818181818,False,일반 구간
2015,서대전네거리,12,1107,247523,255631,대전교통공사_역별 수송실적_20151231.csv,2015-12-01,False,503154,7.052220387738073,,488549.3333333333,472893.1666666667,False,일반 구간
2016,서대전네거리,1,1107,223121,230534,대전교통공사_역별 수송실적_20161231.csv,2016-01-01,False,453655,-9.837743513914232,-7.928998646298224,475605.6666666667,469637.5,False,일반 구간
2016,서대전네거리,2,1107,208868,217055,대전교통공사_역별 수송실적_20161231.csv,2016-02-01,False,425923,-6.113015397163046,1.0889197431972253,460910.6666666667,470019.8333333333,False,일반 구간
2016,서대전네거리,3,1107,242285,248202,대전교통공사_역별 수송실적_20161231.csv,2016-03-01,False,490487,15.158608480875646,-3.448201195266176,456688.3333333333,468560.0833333333,False,일반 구간
2016,서대전네거리,4,1107,235884,244620,대전교통공사_역별 수송실적_20161231.csv,2016-04-01,False,480504,-2.0353240758674507,-4.084317267673388,465638.0,466855.0,False,일반 구간
2016,서대전네거리,5,1107,242038,249518,대전교통공사_역별 수송실적_20161231.csv,2016-05-01,False,491556,2.300084910843614,-5.135786077102411,487515.6666666667,464637.3333333333,False,일반 구간
2016,서대전네거리,6,1107,224105,231177,대전교통공사_역별 수송실적_20161231.csv,2016-06-01,False,455282,-7.379423707573496,14.609587006540025,475780.6666666667,469473.6666666667,False,일반 구간
2016,서대전네거리,7,1107,219778,228489,대전교통공사_역별 수송실적_20161231.csv,2016-07-01,False,448267,-1.5408032823612583,-3.1021274572109125,465035.0,468277.75,False,일반 구간
2016,서대전네거리,8,1107,209897,216775,대전교통공사_역별 수송실적_20161231.csv,2016-08-01,False,426672,-4.817441390956734,-5.402415312201381,443407.0,466247.1666666667,False,일반 구간
2016,서대전네거리,9,1107,204699,210890,대전교통공사_역별 수송실적_20161231.csv,2016-09-01,False,415589,-2.597545655679301,-9.05591589856709,430176.0,462798.5833333333,False,일반 구간
2016,서대전네거리,10,1107,225936,232207,대전교통공사_역별 수송실적_20161231.csv,2016-10-01,False,458143,10.239443296141149,-6.973396198064519,433468.0,459936.6666666667,False,일반 구간
2016,서대전네거리,11,1107,223629,229471,대전교통공사_역별 수송실적_20161231.csv,2016-11-01,False,453100,-1.1007480197230968,-3.5973855764157237,442277.3333333333,458527.6666666667,False,일반 구간
2016,서대전네거리,12,1107,233030,240739,대전교통공사_역별 수송실적_20161231.csv,2016-12-01,False,473769,4.561686161995149,-5.840160269022999,461670.6666666667,456078.9166666667,False,일반 구간
2017,서대전네거리,1,1107,209386,217184,대전교통공사_역별 수송실적_20171231.csv,2017-01-01,False,426570,-9.96245005477353,-5.970396005775314,451146.3333333333,453821.8333333333,False,일반 구간
2017,서대전네거리,2,1107,212866,219666,대전교통공사_역별 수송실적_20171231.csv,2017-02-01,False,432532,1.3976604074360521,1.5516889202978001,444290.3333333333,454372.5833333333,False,일반 구간
2017,서대전네거리,3,1107,234088,241255,대전교통공사_역별 수송실적_20171231.csv,2017-03-01,False,475343,9.897764789657181,-3.0875436046215343,444815.0,453110.5833333333,False,일반 구간
2017,서대전네거리,4,1107,224595,231391,대전교통공사_역별 수송실적_20171231.csv,2017-04-01,False,455986,-4.072217325173611,-5.102558979737937,454620.3333333333,451067.4166666667,False,일반 구간
2017,서대전네거리,5,1107,230276,236949,대전교통공사_역별 수송실적_20171231.csv,2017-05-01,False,467225,2.464768655178018,-4.949792088795579,466184.6666666667,449039.8333333333,False,일반 구간
2017,서대전네거리,6,1107,219001,226128,대전교통공사_역별 수송실적_20171231.csv,2017-06-01,False,445129,-4.729198994060679,-2.2300464327603575,456113.3333333333,448193.75,False,일반 구간
2017,서대전네거리,7,1107,208930,217865,대전교통공사_역별 수송실적_20171231.csv,2017-07-01,False,426795,-4.118806009044573,-4.79000238697026,446383.0,446404.4166666667,False,일반 구간
2017,서대전네거리,8,1107,207559,216172,대전교통공사_역별 수송실적_20171231.csv,2017-08-01,False,423731,-0.7179090664136134,-0.6892882588967586,431885.0,446159.3333333333,False,일반 구간
2017,서대전네거리,9,1107,221915,230675,대전교통공사_역별 수송실적_20171231.csv,2017-09-01,False,452590,6.810688856845504,8.903267410831383,434372.0,449242.75,False,일반 구간
2017,서대전네거리,10,1107,200010,207861,대전교통공사_역별 수송실적_20171231.csv,2017-10-01,False,407871,-9.88068671424468,-10.972993148427456,428064.0,445053.4166666667,False,일반 구간
2017,서대전네거리,11,1107,218600,227587,대전교통공사_역별 수송실적_20171231.csv,2017-11-01,False,446187,9.39414667872931,-1.5257117634076334,435549.3333333333,444477.3333333333,False,일반 구간
2017,서대전네거리,12,1107,223750,233616,대전교통공사_역별 수송실적_20171231.csv,2017-12-01,False,457366,2.505451750050991,-3.4622358153446053,437141.3333333333,443110.4166666667,False,일반 구간
2018,서대전네거리,1,1107,213500,223797,대전교통공사_역별 수송실적_20181231.csv,2018-01-01,False,437297,-4.387951880988094,2.514710364066852,446950.0,444004.3333333333,False,일반 구간
2018,서대전네거리,2,1107,186621,195742,대전교통공사_역별 수송실적_20181231.csv,2018-02-01,False,382363,-12.562171704813895,-11.598910600834156,425675.3333333333,439823.5833333333,True,일반 구간
2018,서대전네거리,3,1107,226266,235406,대전교통공사_역별 수송실적_20181231.csv,2018-03-01,False,461672,20.74180817704643,-2.8760284678642556,427110.6666666667,438684.3333333333,False,일반 구간
2018,서대전네거리,4,1107,217652,226224,대전교통공사_역별 수송실적_20181231.csv,2018-04-01,False,443876,-3.854684711223555,-2.655783291592284,429303.6666666667,437675.1666666667,False,일반 구간
2018,서대전네거리,5,1107,224499,234741,대전교통공사_역별 수송실적_20181231.csv,2018-05-01,False,459240,3.4613270372806815,-1.7090267001979798,454929.3333333333,437009.75,False,일반 구간
2018,서대전네거리,6,1107,210478,220094,대전교통공사_역별 수송실적_20181231.csv,2018-06-01,False,430572,-6.242487588189183,-3.270287939001948,444562.6666666667,435796.6666666667,False,일반 구간
2018,서대전네거리,7,1107,203450,214006,대전교통공사_역별 수송실적_20181231.csv,2018-07-01,False,417456,-3.0461804297539086,-2.188169964502862,435756.0,435018.4166666667,False,일반 구간
2018,서대전네거리,8,1107,194064,205985,대전교통공사_역별 수송실적_20181231.csv,2018-08-01,False,400049,-4.169780767314402,-5.588923161156489,416025.6666666667,433044.9166666667,False,일반 구간
2018,서대전네거리,9,1107,193358,201971,대전교통공사_역별 수송실적_20181231.csv,2018-09-01,False,395329,-1.1798554677052042,-12.651848251176556,404278.0,428273.1666666667,False,일반 구간
2018,서대전네거리,10,1107,226266,235518,대전교통공사_역별 수송실적_20181231.csv,2018-10-01,False,461784,16.810049351299796,13.21814985620453,419054.0,432765.9166666667,False,일반 구간
2018,서대전네거리,11,1107,219461,229773,대전교통공사_역별 수송실적_20181231.csv,2018-11-01,False,449234,-2.7177208391802266,0.6828975295111617,435449.0,433019.8333333333,False,일반 구간
2018,서대전네거리,12,1107,219438,229957,대전교통공사_역별 수송실적_20181231.csv,2018-12-01,False,449395,0.03583878335120527,-1.7428055430443012,453471.0,432355.5833333333,False,일반 구간
2019,서대전네거리,1,1107,219280,230368,대전교통공사_역별 수송실적_20191231.csv,2019-01-01,False,449648,0.05629791163674902,2.824396234138349,449425.6666666667,433384.8333333333,False,일반 구간
2019,서대전네거리,2,1107,188636,199106,대전교통공사_역별 수송실적_20191231.csv,2019-02-01,False,387742,-13.76765825712557,1.4067783755227437,428928.3333333333,433833.0833333333,False,일반 구간
2019,서대전네거리,3,1107,222990,233306,대전교통공사_역별 수송실적_20191231.csv,2019-03-01,False,456296,17.680313197951225,-1.1644630820149326,431228.6666666667,433385.0833333333,False,일반 구간
2019,서대전네거리,4,1107,220341,230838,대전교통공사_역별 수송실적_20191231.csv,2019-04-01,False,451179,-1.1214211827410225,1.6452793122403664,431739.0,433993.6666666667,False,일반 구간
2019,서대전네거리,5,1107,231140,241612,대전교통공사_역별 수송실적_20191231.csv,2019-05-01,False,472752,4.781472541940124,2.9422524170368503,460075.6666666667,435119.6666666667,False,일반 구간
2019,서대전네거리,6,1107,210150,220323,대전교통공사_역별 수송실적_20191231.csv,2019-06-01,False,430473,-8.943166818966397,-0.02299267021543816,451468.0,435111.4166666667,False,일반 구간
2019,서대전네거리,7,1107,215949,227753,대전교통공사_역별 수송실적_20191231.csv,2019-07-01,False,443702,3.0731311836050157,6.287129661569124,448975.6666666667,437298.5833333333,False,일반 구간
2019,서대전네거리,8,1107,198494,210066,대전교통공사_역별 수송실적_20191231.csv,2019-08-01,False,408560,-7.920180661795529,2.127489382550629,427578.3333333333,438007.8333333333,False,일반 구간
2019,서대전네거리,9,1107,193147,203671,대전교통공사_역별 수송실적_20191231.csv,2019-09-01,False,396818,-2.8739964754258884,0.3766483106475871,416360.0,438131.9166666667,False,일반 구간
2019,서대전네거리,10,1107,216937,229140,대전교통공사_역별 수송실적_20191231.csv,2019-10-01,False,446077,12.41349938762859,-3.40137380247042,417151.6666666667,436823.0,False,일반 구간
2019,서대전네거리,11,1107,215955,226872,대전교통공사_역별 수송실적_20191231.csv,2019-11-01,False,442827,-0.7285737664125214,-1.4262054964673254,428574.0,436289.0833333333,False,일반 구간
2019,서대전네거리,12,1107,222532,233291,대전교통공사_역별 수송실적_20191231.csv,2019-12-01,False,455823,2.934780399569137,1.4303674940753686,448242.3333333333,436824.75,False,일반 구간
2020,서대전네거리,1,1107,195727,206843,대전교통공사_역별 수송실적_20200531.csv,2020-01-01,False,402570,-11.682824254151281,-10.469967619115394,433740.0,432901.5833333333,False,일반 구간
2020,서대전네거리,2,1107,150934,157877,대전교통공사_역별 수송실적_20200531.csv,2020-02-01,False,308811,-23.290111036589913,-20.356577311717583,389068.0,426324.0,True,팬데믹 구간
2020,서대전네거리,3,1107,97774,102279,대전교통공사_역별 수송실적_20200531.csv,2020-03-01,False,200053,-35.218305047423826,-56.157187439732105,303811.3333333333,404970.4166666667,True,팬데믹 구간
2020,서대전네거리,4,1107,115110,119196,대전교통공사_역별 수송실적_20200531.csv,2020-04-01,False,234306,17.121962679889833,-48.068061678402586,247723.33333333334,386897.6666666667,False,팬데믹 구간
2020,서대전네거리,5,1107,138647,145223,대전교통공사_역별 수송실적_20200531.csv,2020-05-01,False,283870,21.153534267154917,-39.953717805530175,239409.66666666666,371157.5,False,팬데믹 구간
2020,서대전네거리,6,1107,133822,140139,대전교통공사_역별 수송실적_20211231.csv,2020-06-01,False,273961,-3.4906823545989396,-36.3581455747515,264045.6666666667,358114.8333333333,False,팬데믹 구간
2020,서대전네거리,7,1107,127685,134182,대전교통공사_역별 수송실적_20211231.csv,2020-07-01,False,261867,-4.414496953946001,-40.981334318979854,273232.6666666667,342961.9166666667,False,팬데믹 구간
2020,서대전네거리,8,1107,122358,128436,대전교통공사_역별 수송실적_20211231.csv,2020-08-01,False,250794,-4.228482397552957,-38.61513608772273,262207.3333333333,329814.75,False,팬데믹 구간
2020,서대전네거리,9,1107,117795,123864,대전교통공사_역별 수송실적_20211231.csv,2020-09-01,False,241659,-3.6424316371205023,-39.10079683885308,251440.0,316884.8333333333,False,팬데믹 구간
2020,서대전네거리,10,1107,134263,140348,대전교통공사_역별 수송실적_20211231.csv,2020-10-01,False,274611,13.635742927016992,-38.438655209750785,255688.0,302596.0,False,팬데믹 구간
2020,서대전네거리,11,1107,143538,150105,대전교통공사_역별 수송실적_20211231.csv,2020-11-01,False,293643,6.930530823601377,-33.68900270308721,269971.0,290164.0,False,팬데믹 구간
2020,서대전네거리,12,1107,124825,130660,대전교통공사_역별 수송실적_20211231.csv,2020-12-01,False,255485,-12.994690832064782,-43.95083179216495,274579.6666666667,273469.1666666667,False,팬데믹 구간
2021,서대전네거리,1,1107,124872,130630,대전교통공사_역별 수송실적_20211231.csv,2021-01-01,False,255502,0.006654010998685678,-36.532280100355216,268210.0,261213.5,False,팬데믹 구간
2021,서대전네거리,2,1107,120089,125156,대전교통공사_역별 수송실적_20211231.csv,2021-02-01,False,245245,-4.0144499847359345,-20.584111317278207,252077.33333333334,255916.33333333334,False,팬데믹 구간
2021,서대전네거리,3,1107,147869,154017,대전교통공사_역별 수송실적_20211231.csv,2021-03-01,False,301886,23.095679830373705,50.90301070216392,267544.3333333333,264402.4166666667,False,팬데믹 구간
2021,서대전네거리,4,1107,139943,146969,대전교통공사_역별 수송실적_20211231.csv,2021-04-01,False,286912,-4.960150520395112,22.451836487328535,278014.3333333333,268786.25,False,팬데믹 구간
2021,서대전네거리,5,1107,138604,145812,대전교통공사_역별 수송실적_20211231.csv,2021-05-01,False,284416,-0.8699531563685081,0.1923415648007909,291071.3333333333,268831.75,False,팬데믹 구간
2021,서대전네거리,6,1107,141641,149938,대전교통공사_역별 수송실적_20211231.csv,2021-06-01,False,291579,2.5184940369036957,6.430842346173371,287635.6666666667,270299.9166666667,False,팬데믹 구간
2021,서대전네거리,7,1107,132928,140811,대전교통공사_역별 수송실적_20211231.csv,2021-07-01,False,273739,-6.118410447940348,4.533599117109066,283244.6666666667,271289.25,False,팬데믹 구간
2021,서대전네거리,8,1107,116692,123806,대전교통공사_역별 수송실적_20211231.csv,2021-08-01,False,240498,-12.143319000946162,-4.105361372281635,268605.3333333333,270431.25,False,팬데믹 구간
2021,서대전네거리,9,1107,126306,132423,대전교통공사_역별 수송실적_20211231.csv,2021-09-01,False,258729,7.580520420128245,7.063672364778473,257655.33333333334,271853.75,False,팬데믹 구간
2021,서대전네거리,10,1107,142096,149730,대전교통공사_역별 수송실적_20211231.csv,2021-10-01,False,291826,12.792149314533741,6.268867598166139,263684.3333333333,273288.3333333333,False,팬데믹 구간
2021,서대전네거리,11,1107,152659,161111,대전교통공사_역별 수송실적_20211231.csv,2021-11-01,False,313770,7.519549320485486,6.854241374730541,288108.3333333333,274965.5833333333,False,팬데믹 구간
2021,서대전네거리,12,1107,147891,156995,대전교통공사_역별 수송실적_20211231.csv,2021-12-01,False,304886,-2.83137329891322,19.33616454977787,303494.0,279082.3333333333,False,팬데믹 구간
2022,서대전네거리,1,1107,139057,147598,대전교통공사_역별 수송실적_20221231.csv,2022-01-01,False,286655,-5.9796120517176865,12.192859547087686,301770.3333333333,281678.4166666667,False,팬데믹 구간
2022,서대전네거리,2,1107,115906,122535,대전교통공사_역별 수송실적_20221231.csv,2022-02-01,False,238441,-16.819521724721355,-2.7743684886541997,276660.6666666667,281111.4166666667,False,팬데믹 구간
2022,서대전네거리,3,1107,133457,141680,대전교통공사_역별 수송실적_20221231.csv,2022-03-01,False,275137,15.389970684571864,-8.860629509152462,266744.3333333333,278882.3333333333,False,팬데믹 구간
2022,서대전네거리,4,1107,145075,154529,대전교통공사_역별 수송실적_20221231.csv,2022-04-01,False,299604,8.892660747191394,4.423656033905865,271060.6666666667,279940.0,False,팬데믹 구간
2022,서대전네거리,5,1107,167143,176389,대전교통공사_역별 수송실적_20221231.csv,2022-05-01,False,343532,14.662020533771237,20.785047254725477,306091.0,284866.3333333333,False,일반 구간
2022,서대전네거리,6,1107,157843,166343,대전교통공사_역별 수송실적_20221231.csv,2022-06-01,False,324186,-5.631498666790868,11.182904118609361,322440.6666666667,287583.5833333333,False,일반 구간
2022,서대전네거리,7,1107,157560,166988,대전교통공사_역별 수송실적_20221231.csv,2022-07-01,False,324548,0.11166429148699031,18.561111131406193,330755.3333333333,291817.6666666667,False,일반 구간
2022,서대전네거리,8,1107,145229,154128,대전교통공사_역별 수송실적_20221231.csv,2022-08-01,False,299357,-7.761871895682615,24.473800197922646,316030.3333333333,296722.5833333333,False,일반 구간
2022,서대전네거리,9,1107,152472,161525,대전교통공사_역별 수송실적_20221231.csv,2022-09-01,False,313997,4.890481932942947,21.361347201125504,312634.0,301328.25,False,일반 구간
2022,서대전네거리,10,1107,170192,179891,대전교통공사_역별 수송실적_20221231.csv,2022-10-01,False,350083,11.492466488533326,19.962923111717256,321145.6666666667,306183.0,False,일반 구간
2022,서대전네거리,11,1107,166232,175476,대전교통공사_역별 수송실적_20221231.csv,2022-11-01,False,341708,-2.3922898284121197,8.90397424865348,335262.6666666667,308511.1666666667,False,일반 구간
2022,서대전네거리,12,1107,170642,180281,대전교통공사_역별 수송실적_20221231.csv,2022-12-01,False,350923,2.6967469301274694,15.099742198723455,347571.3333333333,312347.5833333333,False,일반 구간
2023,서대전네거리,1,1107,152154,160278,대전교통공사_역별 수송실적_20231231.csv,2023-01-01,False,312432,-10.968503061925261,8.992342711621992,335021.0,314495.6666666667,False,일반 구간
2023,서대전네거리,2,1107,156241,163510,대전교통공사_역별 수송실적_20231231.csv,2023-02-01,False,319751,2.342589747529056,34.10067899396496,327702.0,321271.5,False,일반 구간
2023,서대전네거리,3,1107,178736,186235,대전교통공사_역별 수송실적_20231231.csv,2023-03-01,False,364971,14.142254441737467,32.650643134147714,332384.6666666667,328757.6666666667,False,일반 구간
2023,서대전네거리,4,1107,164385,173417,대전교통공사_역별 수송실적_20231231.csv,2023-04-01,False,337802,-7.444153097095385,12.749496001388504,340841.3333333333,331940.8333333333,False,일반 구간
2023,서대전네거리,5,1107,169373,178087,대전교통공사_역별 수송실적_20231231.csv,2023-05-01,False,347460,2.8590712902824666,1.1434160427558515,350077.6666666667,332268.1666666667,False,일반 구간
2023,서대전네거리,6,1107,165616,173704,대전교통공사_역별 수송실적_20231231.csv,2023-06-01,False,339320,-2.342715708282972,4.668307699900676,341527.3333333333,333529.3333333333,False,일반 구간
2023,서대전네거리,7,1107,157439,164952,대전교통공사_역별 수송실적_20231231.csv,2023-07-01,False,322391,-4.989095838736302,-0.6646166360600003,336390.3333333333,333349.5833333333,False,일반 구간
2023,서대전네거리,8,1107,170421,180813,대전교통공사_역별 수송실적_20231231.csv,2023-08-01,False,351234,8.946589700084683,17.329476177273296,337648.3333333333,337672.6666666667,False,일반 구간
2023,서대전네거리,9,1107,155981,163049,대전교통공사_역별 수송실적_20231231.csv,2023-09-01,False,319030,-9.168816230774922,1.6028815561932142,330885.0,338092.0833333333,False,일반 구간
2023,서대전네거리,10,1107,180946,187916,대전교통공사_역별 수송실적_20231231.csv,2023-10-01,False,368862,15.61984766322917,5.364156500029993,346375.3333333333,339657.0,False,일반 구간
2023,서대전네거리,11,1107,166149,173788,대전교통공사_역별 수송실적_20231231.csv,2023-11-01,False,339937,-7.841686050609709,-0.5182787643250975,342609.6666666667,339509.4166666667,False,일반 구간
2023,서대전네거리,12,1107,167043,173552,대전교통공사_역별 수송실적_20231231.csv,2023-12-01,False,340595,0.1935652782721453,-2.943095778846072,349798.0,338648.75,False,일반 구간
2024,서대전네거리,1,1107,161491,167977,대전교통공사_역별 수송실적_20241231.csv,2024-01-01,False,329468,-3.2669299314435074,5.452706508936345,336666.6666666667,340068.4166666667,False,일반 구간
2024,서대전네거리,2,1107,147962,154298,대전교통공사_역별 수송실적_20241231.csv,2024-02-01,False,302260,-8.258161642405337,-5.470193994702132,324107.6666666667,338610.8333333333,False,일반 구간
2024,서대전네거리,3,1107,167686,174824,대전교통공사_역별 수송실적_20241231.csv,2024-03-01,False,342510,13.316350162112078,-6.154187592986837,324746.0,336739.0833333333,False,일반 구간
2024,서대전네거리,4,1107,168123,175698,대전교통공사_역별 수송실적_20241231.csv,2024-04-01,False,343821,0.38276254707891866,1.781813014724598,329530.3333333333,337240.6666666667,False,일반 구간
2024,서대전네거리,5,1107,171508,179441,대전교통공사_역별 수송실적_20241231.csv,2024-05-01,False,350949,2.073171795789097,1.0041443619409396,345760.0,337531.4166666667,False,일반 구간
2024,서대전네거리,6,1107,153742,161976,대전교통공사_역별 수송실적_20241231.csv,2024-06-01,False,315718,-10.038780563557669,-6.95567605799835,336829.3333333333,335564.5833333333,False,일반 구간
2024,서대전네거리,7,1107,157703,165646,대전교통공사_역별 수송실적_20241231.csv,2024-07-01,False,323349,2.4170303878777943,0.29715469724651555,330005.3333333333,335644.4166666667,False,일반 구간
2024,서대전네거리,8,1107,162517,176145,대전교통공사_역별 수송실적_20241231.csv,2024-08-01,False,338662,4.7357499172720585,-3.579380128347487,325909.6666666667,334596.75,False,일반 구간
2024,서대전네거리,9,1107,142096,151197,대전교통공사_역별 수송실적_20241231.csv,2024-09-01,False,293293,-13.39654286574815,-8.067266401278872,318434.6666666667,332452.0,False,일반 구간
2024,서대전네거리,10,1107,162990,171188,대전교통공사_역별 수송실적_20241231.csv,2024-10-01,False,334178,13.939984929746018,-9.402974554169308,322044.3333333333,329561.6666666667,False,일반 구간
2024,서대전네거리,11,1107,164387,172950,대전교통공사_역별 수송실적_20241231.csv,2024-11-01,False,337337,0.9453045981482999,-0.7648476041148822,321602.6666666667,329345.0,False,일반 구간
2024,서대전네거리,12,1107,166311,175019,대전교통공사_역별 수송실적_20241231.csv,2024-12-01,False,341330,1.1836827860566723,0.21579882264859407,337615.0,329406.25,False,일반 구간
2026,서대전네거리,1,1107,164439,170982,대전교통공사_역별 수송실적_20260731.csv,2026-01-01,False,335421,-1.7311692496997044,1.806852258792957,338029.3333333333,329902.3333333333,False,일반 구간
2026,서대전네거리,2,1107,143504,148741,대전교통공사_역별 수송실적_20260731.csv,2026-02-01,False,292245,-12.872181527095794,-3.313372593131736,322998.6666666667,329067.75,False,일반 구간
2026,서대전네거리,3,1107,175337,182381,대전교통공사_역별 수송실적_20260731.csv,2026-03-01,False,357718,22.403462847952916,4.440162331026842,328461.3333333333,330335.0833333333,False,일반 구간
2026,서대전네거리,4,1107,181381,188059,대전교통공사_역별 수송실적_20260731.csv,2026-04-01,False,369440,3.2768829077653328,7.451260975914797,339801.0,332470.0,False,일반 구간
2026,서대전네거리,5,1107,175371,184193,대전교통공사_역별 수송실적_20260731.csv,2026-05-01,False,359564,-2.673235166738852,2.45477263078111,362240.6666666667,333187.9166666667,False,일반 구간
2026,서대전네거리,6,1107,169431,178405,대전교통공사_역별 수송실적_20260731.csv,2026-06-01,False,347836,-3.2617280929125303,10.173002489563476,358946.6666666667,335864.4166666667,False,일반 구간
2026,서대전네거리,7,1107,163887,171773,대전교통공사_역별 수송실적_20260731.csv,2026-07-01,False,335660,-3.500500235743287,3.8073412937723594,347686.6666666667,336890.3333333333,False,일반 구간
2015,시청,1,1111,257499,279492,대전교통공사_역별 수송실적_20151231.csv,2015-01-01,False,536991,,,536991.0,536991.0,False,일반 구간
2015,시청,2,1111,212537,231948,대전교통공사_역별 수송실적_20151231.csv,2015-02-01,False,444485,-17.226731919156933,,490738.0,490738.0,False,일반 구간
2015,시청,3,1111,244560,267168,대전교통공사_역별 수송실적_20151231.csv,2015-03-01,False,511728,15.128294543122944,,497734.6666666667,497734.6666666667,False,일반 구간
2015,시청,4,1111,234969,256849,대전교통공사_역별 수송실적_20151231.csv,2015-04-01,False,491818,-3.8907388300034373,,482677.0,496255.5,False,일반 구간
2015,시청,5,1111,239125,259496,대전교통공사_역별 수송실적_20151231.csv,2015-05-01,False,498621,1.3832352618244892,,500722.3333333333,496728.6,False,일반 구간
2015,시청,6,1111,197407,216631,대전교통공사_역별 수송실적_20151231.csv,2015-06-01,False,414038,-16.963385015873776,,468159.0,482946.8333333333,False,일반 구간
2015,시청,7,1111,239081,261438,대전교통공사_역별 수송실적_20151231.csv,2015-07-01,False,500519,20.887213250957636,,471059.3333333333,485457.14285714284,False,일반 구간
2015,시청,8,1111,226607,246055,대전교통공사_역별 수송실적_20151231.csv,2015-08-01,False,472662,-5.565622883446986,,462406.3333333333,483857.75,False,일반 구간
2015,시청,9,1111,220134,240641,대전교통공사_역별 수송실적_20151231.csv,2015-09-01,False,460775,-2.514904942644003,,477985.3333333333,481293.0,False,일반 구간
2015,시청,10,1111,235137,255423,대전교통공사_역별 수송실적_20151231.csv,2015-10-01,False,490560,6.464109380934291,,474665.6666666667,482219.7,False,일반 구간
2015,시청,11,1111,229521,249634,대전교통공사_역별 수송실적_20151231.csv,2015-11-01,False,479155,-2.3248939986953654,,476830.0,481941.0909090909,False,일반 구간
2015,시청,12,1111,252730,278638,대전교통공사_역별 수송실적_20151231.csv,2015-12-01,False,531368,10.896891402573283,,500361.0,486060.0,False,일반 구간
2016,시청,1,1111,246792,264458,대전교통공사_역별 수송실적_20161231.csv,2016-01-01,False,511250,-3.7860766926122724,-4.793562648163563,507257.6666666667,483914.9166666667,False,일반 구간
2016,시청,2,1111,220653,239177,대전교통공사_역별 수송실적_20161231.csv,2016-02-01,False,459830,-10.05770171149144,3.452309976714618,500816.0,485193.6666666667,False,일반 구간
2016,시청,3,1111,243704,263443,대전교통공사_역별 수송실적_20161231.csv,2016-03-01,False,507147,10.290107213535427,-0.895202138636153,492742.3333333333,484811.9166666667,False,일반 구간
2016,시청,4,1111,229977,249952,대전교통공사_역별 수송실적_20161231.csv,2016-04-01,False,479929,-5.366885735299631,-2.417357640427964,482302.0,483821.1666666667,False,일반 구간
2016,시청,5,1111,236060,256405,대전교통공사_역별 수송실적_20161231.csv,2016-05-01,False,492465,2.6120530328444413,-1.2346050407022524,493180.3333333333,483308.1666666667,False,일반 구간
2016,시청,6,1111,227846,247507,대전교통공사_역별 수송실적_20161231.csv,2016-06-01,False,475353,-3.4747647040906493,14.809027190740952,482582.3333333333,488417.75,False,일반 구간
2016,시청,7,1111,239782,258378,대전교통공사_역별 수송실적_20161231.csv,2016-07-01,False,498160,4.797908080941959,-0.47131077941097166,488659.3333333333,488221.1666666667,False,일반 구간
2016,시청,8,1111,228994,246753,대전교통공사_역별 수송실적_20161231.csv,2016-08-01,False,475747,-4.499156897382372,0.6526862747587181,483086.6666666667,488478.25,False,일반 구간
2016,시청,9,1111,211172,230725,대전교통공사_역별 수송실적_20161231.csv,2016-09-01,False,441897,-7.115126317139153,-4.097010471488249,471934.6666666667,486905.0833333333,False,일반 구간
2016,시청,10,1111,227859,247749,대전교통공사_역별 수송실적_20161231.csv,2016-10-01,False,475608,7.628700805843902,-3.047945205479452,464417.3333333333,485659.0833333333,False,일반 구간
2016,시청,11,1111,231941,253458,대전교통공사_역별 수송실적_20161231.csv,2016-11-01,False,485399,2.0586281139089335,1.3031273804927412,467634.6666666667,486179.4166666667,False,일반 구간
2016,시청,12,1111,250892,276371,대전교통공사_역별 수송실적_20161231.csv,2016-12-01,False,527263,8.624657240744217,-0.7725342888544318,496090.0,485837.3333333333,False,일반 구간
2017,시청,1,1111,238379,258937,대전교통공사_역별 수송실적_20171231.csv,2017-01-01,False,497316,-5.679708229100089,-2.725476772616142,503326.0,484676.1666666667,False,일반 구간
2017,시청,2,1111,241025,261589,대전교통공사_역별 수송실적_20171231.csv,2017-02-01,False,502614,1.0653186304080409,9.304308113868176,509064.3333333333,488241.5,False,일반 구간
2017,시청,3,1111,243053,265507,대전교통공사_역별 수송실적_20171231.csv,2017-03-01,False,508560,1.1830151965524172,0.27861744228003804,502830.0,488359.25,False,일반 구간
2017,시청,4,1111,223137,242867,대전교통공사_역별 수송실적_20171231.csv,2017-04-01,False,466004,-8.367940852603429,-2.901470842562126,492392.6666666667,487198.8333333333,False,일반 구간
2017,시청,5,1111,232729,252252,대전교통공사_역별 수송실적_20171231.csv,2017-05-01,False,484981,4.072282641350711,-1.519701907749793,486515.0,486575.1666666667,False,일반 구간
2017,시청,6,1111,227366,246416,대전교통공사_역별 수송실적_20171231.csv,2017-06-01,False,473782,-2.309162626989514,-0.3304912349348821,474922.3333333333,486444.25,False,일반 구간
2017,시청,7,1111,234092,249596,대전교통공사_역별 수송실적_20171231.csv,2017-07-01,False,483688,2.0908350253914243,-2.9050907339007503,480817.0,485238.25,False,일반 구간
2017,시청,8,1111,228399,243645,대전교통공사_역별 수송실적_20171231.csv,2017-08-01,False,472044,-2.407336961016193,-0.7783548819015107,476504.6666666667,484929.6666666667,False,일반 구간
2017,시청,9,1111,231467,250435,대전교통공사_역별 수송실적_20171231.csv,2017-09-01,False,481902,2.0883646439738612,9.053014616528277,479211.3333333333,488263.4166666667,False,일반 구간
2017,시청,10,1111,202956,220118,대전교통공사_역별 수송실적_20171231.csv,2017-10-01,False,423074,-12.207461268058651,-11.045651040352556,459006.6666666667,483885.5833333333,True,일반 구간
2017,시청,11,1111,229787,247996,대전교통공사_역별 수송실적_20171231.csv,2017-11-01,False,477783,12.93130752539744,-1.5690184775823623,460919.6666666667,483250.9166666667,False,일반 구간
2017,시청,12,1111,238152,257458,대전교통공사_역별 수송실적_20171231.csv,2017-12-01,False,495610,3.7311917753457102,-6.003265922319601,465489.0,480613.1666666667,False,일반 구간
2018,시청,1,1111,251064,267065,대전교통공사_역별 수송실적_20181231.csv,2018-01-01,False,518129,4.543693630072032,4.185065431234869,497174.0,482347.5833333333,False,일반 구간
2018,시청,2,1111,210406,224643,대전교통공사_역별 수송실적_20181231.csv,2018-02-01,False,435049,-16.03461686182398,-13.442721452247653,482929.3333333333,476717.1666666667,False,일반 구간
2018,시청,3,1111,237603,255727,대전교통공사_역별 수송실적_20181231.csv,2018-03-01,False,493330,13.3964220122331,-2.994730218656594,482169.3333333333,475448.0,False,일반 구간
2018,시청,4,1111,222779,239059,대전교통공사_역별 수송실적_20181231.csv,2018-04-01,False,461838,-6.383556645653011,-0.8939837426288233,463405.6666666667,475100.8333333333,False,일반 구간
2018,시청,5,1111,235987,251878,대전교통공사_역별 수송실적_20181231.csv,2018-05-01,False,487865,5.635525877039127,0.5946624713133009,481011.0,475341.1666666667,False,일반 구간
2018,시청,6,1111,222799,237191,대전교통공사_역별 수송실적_20181231.csv,2018-06-01,False,459990,-5.7136707900751205,-2.911043475691355,469897.6666666667,474191.8333333333,False,일반 구간
2018,시청,7,1111,231981,244190,대전교통공사_역별 수송실적_20181231.csv,2018-07-01,False,476171,3.5176851670688514,-1.5541009907212966,474675.3333333333,473565.4166666667,False,일반 구간
2018,시청,8,1111,219836,231598,대전교통공사_역별 수송실적_20181231.csv,2018-08-01,False,451434,-5.194982474783217,-4.366118412690345,462531.6666666667,471847.9166666667,False,일반 구간
2018,시청,9,1111,205278,218308,대전교통공사_역별 수송실적_20181231.csv,2018-09-01,False,423586,-6.168786577882923,-12.101215599852255,450397.0,466988.25,False,일반 구간
2018,시청,10,1111,232173,246615,대전교통공사_역별 수송실적_20181231.csv,2018-10-01,False,478788,13.032064326960757,13.168854621177385,451269.3333333333,471631.0833333333,False,일반 구간
2018,시청,11,1111,231676,246104,대전교통공사_역별 수송실적_20181231.csv,2018-11-01,False,477780,-0.2105315922704798,-0.0006279001136477724,460051.3333333333,471630.8333333333,False,일반 구간
2018,시청,12,1111,235978,251070,대전교통공사_역별 수송실적_20181231.csv,2018-12-01,False,487048,1.9398049311398546,-1.7275680474566735,481205.3333333333,470917.3333333333,False,일반 구간
2019,시청,1,1111,249661,262497,대전교통공사_역별 수송실적_20191231.csv,2019-01-01,False,512158,5.155549350372035,-1.1524157111452937,492328.6666666667,470419.75,False,일반 구간
2019,시청,2,1111,207601,218843,대전교통공사_역별 수송실적_20191231.csv,2019-02-01,False,426444,-16.73585104596629,-1.9779381173155253,475216.6666666667,469702.6666666667,False,일반 구간
2019,시청,3,1111,230631,245325,대전교통공사_역별 수송실적_20191231.csv,2019-03-01,False,475956,11.610434195345686,-3.5217805525712964,471519.3333333333,468254.8333333333,False,일반 구간
2019,시청,4,1111,227035,241544,대전교통공사_역별 수송실적_20191231.csv,2019-04-01,False,468579,-1.5499331871013267,1.459602717836117,456993.0,468816.5833333333,False,일반 구간
2019,시청,5,1111,239782,257170,대전교통공사_역별 수송실적_20191231.csv,2019-05-01,False,496952,6.05511557282763,1.8626054338802822,480495.6666666667,469573.8333333333,False,일반 구간
2019,시청,6,1111,219821,232601,대전교통공사_역별 수송실적_20191231.csv,2019-06-01,False,452422,-8.960623963682613,-1.64525315767734,472651.0,468943.1666666667,False,일반 구간
2019,시청,7,1111,243356,256142,대전교통공사_역별 수송실적_20191231.csv,2019-07-01,False,499498,10.405329537467223,4.89887036379788,482957.3333333333,470887.0833333333,False,일반 구간
2019,시청,8,1111,226702,236938,대전교통공사_역별 수송실적_20191231.csv,2019-08-01,False,463640,-7.178807522752839,2.703828245103379,471853.3333333333,471904.25,False,일반 구간
2019,시청,9,1111,209190,223528,대전교통공사_역별 수송실적_20191231.csv,2019-09-01,False,432718,-6.6693986713829645,2.1558786173291766,465285.3333333333,472665.25,False,일반 구간
2019,시청,10,1111,232719,246186,대전교통공사_역별 수송실적_20191231.csv,2019-10-01,False,478905,10.673695108592662,0.02443670267424647,458421.0,472675.0,False,일반 구간
2019,시청,11,1111,228583,243687,대전교통공사_역별 수송실적_20191231.csv,2019-11-01,False,472270,-1.3854522295653648,-1.1532504499979113,461297.6666666667,472215.8333333333,False,일반 구간
2019,시청,12,1111,243570,258798,대전교통공사_역별 수송실적_20191231.csv,2019-12-01,False,502368,6.373049315010482,3.1454805275866082,484514.3333333333,473492.5,False,일반 구간
2020,시청,1,1111,229647,240866,대전교통공사_역별 수송실적_20200531.csv,2020-01-01,False,470513,-6.340969170010824,-8.131279800374102,481717.0,470022.0833333333,False,일반 구간
2020,시청,2,1111,182695,191688,대전교통공사_역별 수송실적_20200531.csv,2020-02-01,False,374383,-20.430891388760774,-12.20816801268162,449088.0,465683.6666666667,True,팬데믹 구간
2020,시청,3,1111,116903,121941,대전교통공사_역별 수송실적_20200531.csv,2020-03-01,False,238844,-36.20329982931917,-49.81805040802091,361246.6666666667,445924.3333333333,True,팬데믹 구간
2020,시청,4,1111,136378,142378,대전교통공사_역별 수송실적_20200531.csv,2020-04-01,False,278756,16.710488854649896,-40.510351509564025,297327.6666666667,430105.75,False,팬데믹 구간
2020,시청,5,1111,164595,173226,대전교통공사_역별 수송실적_20200531.csv,2020-05-01,False,337821,21.18878158676405,-32.02140246945378,285140.3333333333,416844.8333333333,False,팬데믹 구간
2020,시청,6,1111,156422,166285,대전교통공사_역별 수송실적_20211231.csv,2020-06-01,False,322707,-4.47396698251441,-28.67124056743483,313094.6666666667,406035.25,False,팬데믹 구간
2020,시청,7,1111,160643,171690,대전교통공사_역별 수송실적_20211231.csv,2020-07-01,False,332333,2.9828916013597384,-33.466600466868734,330953.6666666667,392104.8333333333,False,팬데믹 구간
2020,시청,8,1111,151145,158616,대전교통공사_역별 수송실적_20211231.csv,2020-08-01,False,309761,-6.79198274020335,-33.18932792683979,321600.3333333333,379281.5833333333,False,팬데믹 구간
2020,시청,9,1111,142980,150492,대전교통공사_역별 수송실적_20211231.csv,2020-09-01,False,293472,-5.258570317115452,-32.17938703728526,311855.3333333333,367677.75,False,팬데믹 구간
2020,시청,10,1111,154564,165243,대전교통공사_역별 수송실적_20211231.csv,2020-10-01,False,319807,8.973598844182739,-33.221202534949526,307680.0,354419.5833333333,False,팬데믹 구간
2020,시청,11,1111,167048,177872,대전교통공사_역별 수송실적_20211231.csv,2020-11-01,False,344920,7.852548568355289,-26.965507019289813,319399.6666666667,343807.0833333333,False,팬데믹 구간
2020,시청,12,1111,147267,153878,대전교통공사_역별 수송실적_20211231.csv,2020-12-01,False,301145,-12.691348718543427,-40.054899993630166,321957.3333333333,327038.5,False,팬데믹 구간
2021,시청,1,1111,161858,166260,대전교통공사_역별 수송실적_20211231.csv,2021-01-01,False,328118,8.956814823423942,-30.263775921175395,324727.6666666667,315172.25,False,팬데믹 구간
2021,시청,2,1111,154030,158525,대전교통공사_역별 수송실적_20211231.csv,2021-02-01,False,312555,-4.743110710171338,-16.514638752293777,313939.3333333333,310019.9166666667,False,팬데믹 구간
2021,시청,3,1111,176640,186177,대전교통공사_역별 수송실적_20211231.csv,2021-03-01,False,362817,16.081009742285367,51.90542781062115,334496.6666666667,320351.0,False,팬데믹 구간
2021,시청,4,1111,166701,172227,대전교통공사_역별 수송실적_20211231.csv,2021-04-01,False,338928,-6.584311098983786,21.58590308370043,338100.0,325365.3333333333,False,팬데믹 구간
2021,시청,5,1111,163721,170228,대전교통공사_역별 수송실적_20211231.csv,2021-05-01,False,333949,-1.4690435726761986,-1.1461691250691963,345231.3333333333,325042.6666666667,False,팬데믹 구간
2021,시청,6,1111,169202,174930,대전교통공사_역별 수송실적_20211231.csv,2021-06-01,False,344132,3.049268002000316,6.639149445162329,339003.0,326828.0833333333,False,팬데믹 구간
2021,시청,7,1111,167941,171294,대전교통공사_역별 수송실적_20211231.csv,2021-07-01,False,339235,-1.4230004765613202,2.076832574556242,339105.3333333333,327403.25,False,팬데믹 구간
2021,시청,8,1111,153430,154616,대전교통공사_역별 수송실적_20211231.csv,2021-08-01,False,308046,-9.193921617757606,-0.5536526547886944,330471.0,327260.3333333333,False,팬데믹 구간
2021,시청,9,1111,153159,157129,대전교통공사_역별 수송실적_20211231.csv,2021-09-01,False,310288,0.7278133785213914,5.73001853669175,319189.6666666667,328661.6666666667,False,팬데믹 구간
2021,시청,10,1111,168627,173263,대전교통공사_역별 수송실적_20211231.csv,2021-10-01,False,341890,10.18473160418707,6.905102139728014,320074.6666666667,330501.9166666667,False,팬데믹 구간
2021,시청,11,1111,184039,191019,대전교통공사_역별 수송실적_20211231.csv,2021-11-01,False,375058,9.701365936412287,8.737678302215013,342412.0,333013.4166666667,False,팬데믹 구간
2021,시청,12,1111,186248,190351,대전교통공사_역별 수송실적_20211231.csv,2021-12-01,False,376599,0.410869785473178,25.055704062826866,364515.6666666667,339301.25,False,팬데믹 구간
2022,시청,1,1111,189916,188655,대전교통공사_역별 수송실적_20221231.csv,2022-01-01,False,378571,0.5236338917522287,15.376480412534521,376742.6666666667,343505.6666666667,False,팬데믹 구간
2022,시청,2,1111,159807,159423,대전교통공사_역별 수송실적_20221231.csv,2022-02-01,False,319230,-15.674998877357215,2.135624130153091,358133.3333333333,344061.9166666667,False,팬데믹 구간
2022,시청,3,1111,168984,172442,대전교통공사_역별 수송실적_20221231.csv,2022-03-01,False,341426,6.952980609591841,-5.895809733281521,346409.0,342279.3333333333,False,팬데믹 구간
2022,시청,4,1111,178231,185020,대전교통공사_역별 수송실적_20221231.csv,2022-04-01,False,363251,6.392307557128052,7.176450455553973,341302.3333333333,344306.25,False,팬데믹 구간
2022,시청,5,1111,198586,207261,대전교통공사_역별 수송실적_20221231.csv,2022-05-01,False,405847,11.72632697501177,21.5296347645898,370174.6666666667,350297.75,False,일반 구간
2022,시청,6,1111,190946,198065,대전교통공사_역별 수송실적_20221231.csv,2022-06-01,False,389011,-4.148361328283812,13.041216742412786,386036.3333333333,354037.6666666667,False,일반 구간
2022,시청,7,1111,201043,205867,대전교통공사_역별 수송실적_20221231.csv,2022-07-01,False,406910,4.601155237255505,19.949297684496003,400589.3333333333,359677.25,False,일반 구간
2022,시청,8,1111,192033,194699,대전교통공사_역별 수송실적_20221231.csv,2022-08-01,False,386732,-4.958836106264286,25.54358764600093,394217.6666666667,366234.4166666667,False,일반 구간
2022,시청,9,1111,184989,193512,대전교통공사_역별 수송실적_20221231.csv,2022-09-01,False,378501,-2.128347279252818,21.983769916980343,390714.3333333333,371918.8333333333,False,일반 구간
2022,시청,10,1111,198501,206034,대전교통공사_역별 수송실적_20221231.csv,2022-10-01,False,404535,6.878185262390324,18.323144871157382,389922.6666666667,377139.25,False,일반 구간
2022,시청,11,1111,200322,208630,대전교통공사_역별 수송실적_20221231.csv,2022-11-01,False,408952,1.0918709135179894,9.037002276981166,397329.3333333333,379963.75,False,일반 구간
2022,시청,12,1111,209440,215740,대전교통공사_역별 수송실적_20221231.csv,2022-12-01,False,425180,3.9681918660380733,12.899928040170039,412889.0,384012.1666666667,False,일반 구간
2023,시청,1,1111,203042,206841,대전교통공사_역별 수송실적_20231231.csv,2023-01-01,False,409883,-3.5977703560844843,8.271103703136262,414671.6666666667,386621.5,False,일반 구간
2023,시청,2,1111,208782,212489,대전교통공사_역별 수송실적_20231231.csv,2023-02-01,False,421271,2.7783538229201987,31.964727625849697,418778.0,395124.9166666667,False,일반 구간
2023,시청,3,1111,215622,224443,대전교통공사_역별 수송실적_20231231.csv,2023-03-01,False,440065,4.461261278369499,28.89030126586727,423739.6666666667,403344.8333333333,False,일반 구간
2023,시청,4,1111,201171,209019,대전교통공사_역별 수송실적_20231231.csv,2023-04-01,False,410190,-6.788769840818965,12.92191900366413,423842.0,407256.4166666667,False,일반 구간
2023,시청,5,1111,211900,219794,대전교통공사_역별 수송실적_20231231.csv,2023-05-01,False,431694,5.242448621370577,6.368656168457565,427316.3333333333,409410.3333333333,False,일반 구간
2023,시청,6,1111,208804,216593,대전교통공사_역별 수송실적_20231231.csv,2023-06-01,False,425397,-1.4586721149703274,9.35346301261404,422427.0,412442.5,False,일반 구간
2023,시청,7,1111,215450,220428,대전교통공사_역별 수송실적_20231231.csv,2023-07-01,False,435878,2.463816152911291,7.119018947678857,430989.6666666667,414856.5,False,일반 구간
2023,시청,8,1111,220703,225275,대전교통공사_역별 수송실적_20231231.csv,2023-08-01,False,445978,2.317162141700191,15.319652886236469,435751.0,419793.6666666667,False,일반 구간
2023,시청,9,1111,200049,207642,대전교통공사_역별 수송실적_20231231.csv,2023-09-01,False,407691,-8.584952620981301,7.712000760896265,429849.0,422226.1666666667,False,일반 구간
2023,시청,10,1111,211646,222092,대전교통공사_역별 수송실적_20231231.csv,2023-10-01,False,433738,6.388907285174317,7.218905657112495,429135.6666666667,424659.75,False,일반 구간
2023,시청,11,1111,213078,223653,대전교통공사_역별 수송실적_20231231.csv,2023-11-01,False,436731,0.6900479091064282,6.792728731000208,426053.3333333333,426974.6666666667,False,일반 구간
2023,시청,12,1111,214266,224371,대전교통공사_역별 수송실적_20231231.csv,2023-12-01,False,438637,0.43642425199952317,3.165012465308803,436368.6666666667,428096.0833333333,False,일반 구간
2024,시청,1,1111,233114,239946,대전교통공사_역별 수송실적_20241231.csv,2024-01-01,False,473060,7.847719184656099,15.413422854814662,449476.0,433360.8333333333,True,일반 구간
2024,시청,2,1111,207447,214217,대전교통공사_역별 수송실적_20241231.csv,2024-02-01,False,421664,-10.864583773728487,0.09328911793120565,444453.6666666667,433393.5833333333,False,일반 구간
2024,시청,3,1111,215847,226228,대전교통공사_역별 수송실적_20241231.csv,2024-03-01,False,442075,4.840583972072543,0.4567507072818833,445599.6666666667,433561.0833333333,False,일반 구간
2024,시청,4,1111,212905,223439,대전교통공사_역별 수송실적_20241231.csv,2024-04-01,False,436344,-1.296386359780577,6.376069626270753,433361.0,435740.5833333333,False,일반 구간
2024,시청,5,1111,217657,228388,대전교통공사_역별 수송실적_20241231.csv,2024-05-01,False,446045,2.223245879397906,3.324345485459612,441488.0,436936.5,False,일반 구간
2024,시청,6,1111,204618,213265,대전교통공사_역별 수송실적_20241231.csv,2024-06-01,False,417883,-6.313712741987921,-1.7663500212742433,433424.0,436310.3333333333,False,일반 구간
2024,시청,7,1111,223942,232920,대전교통공사_역별 수송실적_20241231.csv,2024-07-01,False,456862,9.32773048915605,4.814191126874956,440263.3333333333,438059.0,False,일반 구간
2024,시청,8,1111,218857,224174,대전교통공사_역별 수송실적_20241231.csv,2024-08-01,False,443031,-3.0273912034706307,-0.6607949271040248,439258.6666666667,437813.4166666667,False,일반 구간
2024,시청,9,1111,191781,199420,대전교통공사_역별 수송실적_20241231.csv,2024-09-01,False,391201,-11.698955603558215,-4.044729954794191,430364.6666666667,436439.25,True,일반 구간
2024,시청,10,1111,214931,223704,대전교통공사_역별 수송실적_20241231.csv,2024-10-01,False,438635,12.125224628771392,1.1290225896739559,424289.0,436847.3333333333,False,일반 구간
2024,시청,11,1111,213283,223183,대전교통공사_역별 수송실적_20241231.csv,2024-11-01,False,436466,-0.4944885839023305,-0.06067808330528779,422100.6666666667,436825.25,False,일반 구간
2024,시청,12,1111,215508,225503,대전교통공사_역별 수송실적_20241231.csv,2024-12-01,False,441011,1.0413182240999408,0.5412220127348988,438704.0,437023.0833333333,False,일반 구간
2026,시청,1,1111,232169,238714,대전교통공사_역별 수송실적_20260731.csv,2026-01-01,False,470883,6.7735271909317385,-0.4601953240603751,449453.3333333333,436841.6666666667,False,일반 구간
2026,시청,2,1111,200079,207567,대전교통공사_역별 수송실적_20260731.csv,2026-02-01,False,407646,-13.429450627862972,-3.32444790164681,439846.6666666667,435673.5,False,일반 구간
2026,시청,3,1111,231426,244012,대전교통공사_역별 수송실적_20260731.csv,2026-03-01,False,475438,16.630115345176932,7.546909461064288,451322.3333333333,438453.75,False,일반 구간
2026,시청,4,1111,238145,251827,대전교통공사_역별 수송실적_20260731.csv,2026-04-01,False,489972,3.056970624981603,12.290303063637854,457685.3333333333,442922.75,False,일반 구간
2026,시청,5,1111,229448,240708,대전교통공사_역별 수송실적_20260731.csv,2026-05-01,False,470156,-4.044312736237988,5.405508412828297,478522.0,444932.0,False,일반 구간
2026,시청,6,1111,228784,240534,대전교통공사_역별 수송실적_20260731.csv,2026-06-01,False,469318,-0.178238712257206,12.30846911695378,476482.0,449218.25,False,일반 구간
2026,시청,7,1111,233268,242086,대전교통공사_역별 수송실적_20260731.csv,2026-07-01,False,475354,1.2861215636306378,4.047611751469815,471609.3333333333,450759.25,False,일반 구간
2015,신흥,1,1102,58101,48494,대전교통공사_역별 수송실적_20151231.csv,2015-01-01,False,106595,,,106595.0,106595.0,False,일반 구간
2015,신흥,2,1102,49917,42365,대전교통공사_역별 수송실적_20151231.csv,2015-02-01,False,92282,-13.427459074065384,,99438.5,99438.5,False,일반 구간
2015,신흥,3,1102,62109,52610,대전교통공사_역별 수송실적_20151231.csv,2015-03-01,False,114719,24.313517262304686,,104532.0,104532.0,False,일반 구간
2015,신흥,4,1102,61918,52701,대전교통공사_역별 수송실적_20151231.csv,2015-04-01,False,114619,-0.08716951856274635,,107206.66666666667,107053.75,False,일반 구간
2015,신흥,5,1102,64596,54745,대전교통공사_역별 수송실적_20151231.csv,2015-05-01,False,119341,4.119735820413717,,116226.33333333333,109511.2,False,일반 구간
2015,신흥,6,1102,54061,45753,대전교통공사_역별 수송실적_20151231.csv,2015-06-01,False,99814,-16.362356608374316,,111258.0,107895.0,False,일반 구간
2015,신흥,7,1102,59549,51486,대전교통공사_역별 수송실적_20151231.csv,2015-07-01,False,111035,11.241909952511664,,110063.33333333333,108343.57142857143,False,일반 구간
2015,신흥,8,1102,57959,50197,대전교통공사_역별 수송실적_20151231.csv,2015-08-01,False,108156,-2.5928761201422956,,106335.0,108320.125,False,일반 구간
2015,신흥,9,1102,60526,51938,대전교통공사_역별 수송실적_20151231.csv,2015-09-01,False,112464,3.983135470986343,,110551.66666666667,108780.55555555556,False,일반 구간
2015,신흥,10,1102,64591,55817,대전교통공사_역별 수송실적_20151231.csv,2015-10-01,False,120408,7.063593683311997,,113676.0,109943.3,False,일반 구간
2015,신흥,11,1102,60958,52360,대전교통공사_역별 수송실적_20151231.csv,2015-11-01,False,113318,-5.888313068899076,,115396.66666666667,110250.09090909091,False,일반 구간
2015,신흥,12,1102,65425,55359,대전교통공사_역별 수송실적_20151231.csv,2015-12-01,False,120784,6.588538449319614,,118170.0,111127.91666666667,False,일반 구간
2016,신흥,1,1102,59586,51283,대전교통공사_역별 수송실적_20161231.csv,2016-01-01,False,110869,-8.208868724334351,4.009568929124252,114990.33333333333,111484.08333333333,False,일반 구간
2016,신흥,2,1102,55094,46601,대전교통공사_역별 수송실적_20161231.csv,2016-02-01,False,101695,-8.274630419684492,10.20025573784704,111116.0,112268.5,False,일반 구간
2016,신흥,3,1102,65989,56187,대전교통공사_역별 수송실적_20161231.csv,2016-03-01,False,122176,20.13963321697232,6.500230999224188,111580.0,112889.91666666667,False,일반 구간
2016,신흥,4,1102,63771,54425,대전교통공사_역별 수송실적_20161231.csv,2016-04-01,False,118196,-3.2575955997904638,3.1207740426979713,114022.33333333333,113188.0,False,일반 구간
2016,신흥,5,1102,65706,56127,대전교통공사_역별 수송실적_20161231.csv,2016-05-01,False,121833,3.077092287387062,2.0881340025640904,120735.0,113395.66666666667,False,일반 구간
2016,신흥,6,1102,63041,54139,대전교통공사_역별 수송실적_20161231.csv,2016-06-01,False,117180,-3.819162295929679,17.39836095136955,119069.66666666667,114842.83333333333,False,일반 구간
2016,신흥,7,1102,60482,52666,대전교통공사_역별 수송실적_20161231.csv,2016-07-01,False,113148,-3.440860215053765,1.9030035574368442,117387.0,115018.91666666667,False,일반 구간
2016,신흥,8,1102,59989,51518,대전교통공사_역별 수송실적_20161231.csv,2016-08-01,False,111507,-1.4503128645667607,3.098302452013768,113945.0,115298.16666666667,False,일반 구간
2016,신흥,9,1102,59150,50455,대전교통공사_역별 수송실적_20161231.csv,2016-09-01,False,109605,-1.7057225106943963,-2.542146820315838,111420.0,115059.91666666667,False,일반 구간
2016,신흥,10,1102,63545,54843,대전교통공사_역별 수송실적_20161231.csv,2016-10-01,False,118388,8.013320560193415,-1.6776293933957853,113166.66666666667,114891.58333333333,False,일반 구간
2016,신흥,11,1102,62870,53849,대전교통공사_역별 수송실적_20161231.csv,2016-11-01,False,116719,-1.409771260600734,3.0012884096083603,114904.0,115175.0,False,일반 구간
2016,신흥,12,1102,65707,56109,대전교통공사_역별 수송실적_20161231.csv,2016-12-01,False,121816,4.366898277058584,0.8544178036826056,118974.33333333333,115261.0,False,일반 구간
2017,신흥,1,1102,59941,50550,대전교통공사_역별 수송실적_20171231.csv,2017-01-01,False,110491,-9.296808301044202,-0.34094291461094217,116342.0,115229.5,False,일반 구간
2017,신흥,2,1102,58175,49245,대전교통공사_역별 수송실적_20171231.csv,2017-02-01,False,107420,-2.7794118978016313,5.629578642017807,113242.33333333333,115706.58333333333,False,일반 구간
2017,신흥,3,1102,65252,56282,대전교통공사_역별 수송실적_20171231.csv,2017-03-01,False,121534,13.13908024576429,-0.5254714510214753,113148.33333333333,115653.08333333333,False,일반 구간
2017,신흥,4,1102,62937,54969,대전교통공사_역별 수송실적_20171231.csv,2017-04-01,False,117906,-2.985172873434594,-0.24535517276388363,115620.0,115628.91666666667,False,일반 구간
2017,신흥,5,1102,64392,56470,대전교통공사_역별 수송실적_20171231.csv,2017-05-01,False,120862,2.5070819127101185,-0.7969926046309306,120100.66666666667,115548.0,False,일반 구간
2017,신흥,6,1102,62965,54975,대전교통공사_역별 수송실적_20171231.csv,2017-06-01,False,117940,-2.4176333338849276,0.6485748421232396,118902.66666666667,115611.33333333333,False,일반 구간
2017,신흥,7,1102,60740,52998,대전교통공사_역별 수송실적_20171231.csv,2017-07-01,False,113738,-3.562828556893338,0.5214409446035351,117513.33333333333,115660.5,False,일반 구간
2017,신흥,8,1102,60507,52941,대전교통공사_역별 수송실적_20171231.csv,2017-08-01,False,113448,-0.2549719530851591,1.7406978934057848,115042.0,115822.25,False,일반 구간
2017,신흥,9,1102,64046,56009,대전교통공사_역별 수송실적_20171231.csv,2017-09-01,False,120055,5.8238135533460245,9.534236576798506,115747.0,116693.08333333333,False,일반 구간
2017,신흥,10,1102,58194,50567,대전교통공사_역별 수송실적_20171231.csv,2017-10-01,False,108761,-9.407354962308945,-8.131736324627493,114088.0,115890.83333333333,False,일반 구간
2017,신흥,11,1102,62434,54458,대전교통공사_역별 수송실적_20171231.csv,2017-11-01,False,116892,7.476025413521392,0.14821922737515703,115236.0,115905.25,False,일반 구간
2017,신흥,12,1102,63438,53820,대전교통공사_역별 수송실적_20171231.csv,2017-12-01,False,117258,0.31310953700851574,-3.741708806724897,114303.66666666667,115525.41666666667,False,일반 구간
2018,신흥,1,1102,61193,52844,대전교통공사_역별 수송실적_20181231.csv,2018-01-01,False,114037,-2.7469341111054257,3.2093111656152917,116062.33333333333,115820.91666666667,False,일반 구간
2018,신흥,2,1102,52700,45790,대전교통공사_역별 수송실적_20181231.csv,2018-02-01,False,98490,-13.633294457062185,-8.313163284304604,109928.33333333333,115076.75,True,일반 구간
2018,신흥,3,1102,63580,55355,대전교통공사_역별 수송실적_20181231.csv,2018-03-01,False,118935,20.758452634785264,-2.138496223279085,110487.33333333333,114860.16666666667,False,일반 구간
2018,신흥,4,1102,61863,53571,대전교통공사_역별 수송실적_20181231.csv,2018-04-01,False,115434,-2.9436246689368173,-2.096585415500485,110953.0,114654.16666666667,False,일반 구간
2018,신흥,5,1102,63519,56186,대전교통공사_역별 수송실적_20181231.csv,2018-05-01,False,119705,3.699949754838272,-0.9572901325478611,118024.66666666667,114557.75,False,일반 구간
2018,신흥,6,1102,61395,53926,대전교통공사_역별 수송실적_20181231.csv,2018-06-01,False,115321,-3.6623365774194894,-2.2206206545701157,116820.0,114339.5,False,일반 구간
2018,신흥,7,1102,60687,53942,대전교통공사_역별 수송실적_20181231.csv,2018-07-01,False,114629,-0.6000641687116781,0.7833793455133797,116551.66666666667,114413.75,False,일반 구간
2018,신흥,8,1102,59520,52382,대전교통공사_역별 수송실적_20181231.csv,2018-08-01,False,111902,-2.378979141404003,-1.3627388759607895,113950.66666666667,114284.91666666667,False,일반 구간
2018,신흥,9,1102,58092,51538,대전교통공사_역별 수송실적_20181231.csv,2018-09-01,False,109630,-2.030347983056602,-8.683520053308902,112053.66666666667,113416.16666666667,False,일반 구간
2018,신흥,10,1102,63444,56850,대전교통공사_역별 수송실적_20181231.csv,2018-10-01,False,120294,9.727264434917448,10.603984884287577,113942.0,114377.25,False,일반 구간
2018,신흥,11,1102,62274,54728,대전교통공사_역별 수송실적_20181231.csv,2018-11-01,False,117002,-2.7366285932797996,0.0941039592102122,115642.0,114386.41666666667,False,일반 구간
2018,신흥,12,1102,61780,53708,대전교통공사_역별 수송실적_20181231.csv,2018-12-01,False,115488,-1.2939949744448787,-1.509491889679171,117594.66666666667,114238.91666666667,False,일반 구간
2019,신흥,1,1102,61970,54172,대전교통공사_역별 수송실적_20191231.csv,2019-01-01,False,116142,0.5662926018287662,1.8458921227320957,116210.66666666667,114414.33333333333,False,일반 구간
2019,신흥,2,1102,52821,45688,대전교통공사_역별 수송실적_20191231.csv,2019-02-01,False,98509,-15.182276867971966,0.01929129860900325,110046.33333333333,114415.91666666667,True,일반 구간
2019,신흥,3,1102,61356,54543,대전교통공사_역별 수송실적_20191231.csv,2019-03-01,False,115899,17.653209351429823,-2.552654811451638,110183.33333333333,114162.91666666667,False,일반 구간
2019,신흥,4,1102,61330,54576,대전교통공사_역별 수송실적_20191231.csv,2019-04-01,False,115906,0.006039741499064277,0.4088916610357485,110104.66666666667,114202.25,False,일반 구간
2019,신흥,5,1102,64946,57973,대전교통공사_역별 수송실적_20191231.csv,2019-05-01,False,122919,6.050592721688264,2.684933795580813,118241.33333333333,114470.08333333333,False,일반 구간
2019,신흥,6,1102,59454,53510,대전교통공사_역별 수송실적_20191231.csv,2019-06-01,False,112964,-8.098829310358857,-2.043860181580115,117263.0,114273.66666666667,False,일반 구간
2019,신흥,7,1102,62775,55909,대전교통공사_역별 수송실적_20191231.csv,2019-07-01,False,118684,5.063560072235407,3.5374992366678626,118189.0,114611.58333333333,False,일반 구간
2019,신흥,8,1102,58684,52543,대전교통공사_역별 수송실적_20191231.csv,2019-08-01,False,111227,-6.283071012099361,-0.6032063770084584,114291.66666666667,114555.33333333333,False,일반 구간
2019,신흥,9,1102,56696,50430,대전교통공사_역별 수송실적_20191231.csv,2019-09-01,False,107126,-3.6870544022584495,-2.284046337681289,112345.66666666667,114346.66666666667,False,일반 구간
2019,신흥,10,1102,63130,56119,대전교통공사_역별 수송실적_20191231.csv,2019-10-01,False,119249,11.31658047532811,-0.8687050060684709,112534.0,114259.58333333333,False,일반 구간
2019,신흥,11,1102,60834,53977,대전교통공사_역별 수송실적_20191231.csv,2019-11-01,False,114811,-3.7216244999958126,-1.8726175620929597,113728.66666666667,114077.0,False,일반 구간
2019,신흥,12,1102,62698,54993,대전교통공사_역별 수송실적_20191231.csv,2019-12-01,False,117691,2.508470442727617,1.9075574951510132,117250.33333333333,114260.58333333333,False,일반 구간
2020,신흥,1,1102,56982,49665,대전교통공사_역별 수송실적_20200531.csv,2020-01-01,False,106647,-9.383895115174479,-8.175337087358582,113049.66666666667,113469.33333333333,False,일반 구간
2020,신흥,2,1102,45140,39334,대전교통공사_역별 수송실적_20200531.csv,2020-02-01,False,84474,-20.7910208444682,-14.247429168908422,102937.33333333333,112299.75,True,팬데믹 구간
2020,신흥,3,1102,32004,27875,대전교통공사_역별 수송실적_20200531.csv,2020-03-01,False,59879,-29.11546748111845,-48.33518839679376,83666.66666666667,107631.41666666667,True,팬데믹 구간
2020,신흥,4,1102,36001,31313,대전교통공사_역별 수송실적_20200531.csv,2020-04-01,False,67314,12.41670702583544,-41.923627767328696,70555.66666666667,103582.08333333333,False,팬데믹 구간
2020,신흥,5,1102,42183,37082,대전교통공사_역별 수송실적_20200531.csv,2020-05-01,False,79265,17.75410761505778,-35.51444447156258,68819.33333333333,99944.25,False,팬데믹 구간
2020,신흥,6,1102,40735,36610,대전교통공사_역별 수송실적_20211231.csv,2020-06-01,False,77345,-2.422254462877693,-31.53128430296378,74641.33333333333,96976.0,False,팬데믹 구간
2020,신흥,7,1102,39215,34641,대전교통공사_역별 수송실적_20211231.csv,2020-07-01,False,73856,-4.510957398668303,-37.77088739846989,76822.0,93240.33333333333,False,팬데믹 구간
2020,신흥,8,1102,38269,33873,대전교통공사_역별 수송실적_20211231.csv,2020-08-01,False,72142,-2.3207322357019056,-35.13984913734974,74447.66666666667,89983.25,False,팬데믹 구간
2020,신흥,9,1102,37124,33216,대전교통공사_역별 수송실적_20211231.csv,2020-09-01,False,70340,-2.497851459621303,-34.33900266975337,72112.66666666667,86917.75,False,팬데믹 구간
2020,신흥,10,1102,40214,35722,대전교통공사_역별 수송실적_20211231.csv,2020-10-01,False,75936,7.955644014785324,-36.32147858682253,72806.0,83308.33333333333,False,팬데믹 구간
2020,신흥,11,1102,42478,38159,대전교통공사_역별 수송실적_20211231.csv,2020-11-01,False,80637,6.190739570164339,-29.765440593671332,75637.66666666667,80460.5,False,팬데믹 구간
2020,신흥,12,1102,37774,34220,대전교통공사_역별 수송실적_20211231.csv,2020-12-01,False,71994,-10.718404702555894,-38.82794776151107,76189.0,76652.41666666667,False,팬데믹 구간
2021,신흥,1,1102,36850,32932,대전교통공사_역별 수송실적_20211231.csv,2021-01-01,False,69782,-3.072478262077394,-34.56731084793759,74137.66666666667,73580.33333333333,False,팬데믹 구간
2021,신흥,2,1102,35169,31175,대전교통공사_역별 수송실적_20211231.csv,2021-02-01,False,66344,-4.926771946920406,-21.462225063333097,69373.33333333333,72069.5,False,팬데믹 구간
2021,신흥,3,1102,42813,38717,대전교통공사_역별 수송실적_20211231.csv,2021-03-01,False,81530,22.889786566984192,36.1579184689123,72552.0,73873.75,False,팬데믹 구간
2021,신흥,4,1102,40405,36836,대전교통공사_역별 수송실적_20211231.csv,2021-04-01,False,77241,-5.260640255120819,14.747303681255008,75038.33333333333,74701.0,False,팬데믹 구간
2021,신흥,5,1102,40218,36482,대전교통공사_역별 수송실적_20211231.csv,2021-05-01,False,76700,-0.7004052252042259,-3.235980571500663,78490.33333333333,74487.25,False,팬데믹 구간
2021,신흥,6,1102,41548,37877,대전교통공사_역별 수송실적_20211231.csv,2021-06-01,False,79425,3.552803129074311,2.689249466675281,77788.66666666667,74660.58333333333,False,팬데믹 구간
2021,신흥,7,1102,40066,36366,대전교통공사_역별 수송실적_20211231.csv,2021-07-01,False,76432,-3.76833490714511,3.487868284228779,77519.0,74875.25,False,팬데믹 구간
2021,신흥,8,1102,36109,33081,대전교통공사_역별 수송실적_20211231.csv,2021-08-01,False,69190,-9.475088967971534,-4.091929805106598,75015.66666666667,74629.25,False,팬데믹 구간
2021,신흥,9,1102,37630,34563,대전교통공사_역별 수송실적_20211231.csv,2021-09-01,False,72193,4.3402225755166945,2.6343474552175117,72605.0,74783.66666666667,False,팬데믹 구간
2021,신흥,10,1102,41001,37992,대전교통공사_역별 수송실적_20211231.csv,2021-10-01,False,78993,9.4191957669026,4.025758533501889,73458.66666666667,75038.41666666667,False,팬데믹 구간
2021,신흥,11,1102,42989,39131,대전교통공사_역별 수송실적_20211231.csv,2021-11-01,False,82120,3.9585786082311003,1.8391061175391021,77768.66666666667,75162.0,False,팬데믹 구간
2021,신흥,12,1102,41527,38113,대전교통공사_역별 수송실적_20211231.csv,2021-12-01,False,79640,-3.019970774476377,10.620329471900437,80251.0,75799.16666666667,False,팬데믹 구간
2022,신흥,1,1102,39445,36617,대전교통공사_역별 수송실적_20221231.csv,2022-01-01,False,76062,-4.4927172275238565,8.999455446963411,79274.0,76322.5,False,팬데믹 구간
2022,신흥,2,1102,33392,30618,대전교통공사_역별 수송실적_20221231.csv,2022-02-01,False,64010,-15.844968578265096,-3.5180272518991917,73237.33333333333,76128.0,True,팬데믹 구간
2022,신흥,3,1102,38323,36179,대전교통공사_역별 수송실적_20221231.csv,2022-03-01,False,74502,16.391188876738006,-8.620139825830986,71524.66666666667,75542.33333333333,False,팬데믹 구간
2022,신흥,4,1102,41889,39030,대전교통공사_역별 수송실적_20221231.csv,2022-04-01,False,80919,8.61319159217202,4.76171981201694,73143.66666666667,75848.83333333333,False,팬데믹 구간
2022,신흥,5,1102,46521,42948,대전교통공사_역별 수송실적_20221231.csv,2022-05-01,False,89469,10.566121677232786,16.647979139504553,81630.0,76912.91666666667,False,일반 구간
2022,신흥,6,1102,44179,40385,대전교통공사_역별 수송실적_20221231.csv,2022-06-01,False,84564,-5.482345840458702,6.470254957507082,84984.0,77341.16666666667,False,일반 구간
2022,신흥,7,1102,43475,39866,대전교통공사_역별 수송실적_20221231.csv,2022-07-01,False,83341,-1.4462418996263215,9.039407577977808,85791.33333333333,77916.91666666667,False,일반 구간
2022,신흥,8,1102,41033,38152,대전교통공사_역별 수송실적_20221231.csv,2022-08-01,False,79185,-4.986741219807778,14.44572915161151,82363.33333333333,78749.83333333333,False,일반 구간
2022,신흥,9,1102,42467,39316,대전교통공사_역별 수송실적_20221231.csv,2022-09-01,False,81783,3.280924417503317,13.283836383028834,81436.33333333333,79549.0,False,일반 구간
2022,신흥,10,1102,45327,42218,대전교통공사_역별 수송실적_20221231.csv,2022-10-01,False,87545,7.045473998263696,10.826275745952163,82837.66666666667,80261.66666666667,False,일반 구간
2022,신흥,11,1102,45198,41319,대전교통공사_역별 수송실적_20221231.csv,2022-11-01,False,86517,-1.1742532411902484,5.354359473940584,85281.66666666667,80628.08333333333,False,일반 구간
2022,신흥,12,1102,46316,42010,대전교통공사_역별 수송실적_20221231.csv,2022-12-01,False,88326,2.090918547799858,10.906579608237067,87462.66666666667,81351.91666666667,False,일반 구간
2023,신흥,1,1102,42346,38462,대전교통공사_역별 수송실적_20231231.csv,2023-01-01,False,80808,-8.511650023775562,6.239646604086135,85217.0,81747.41666666667,False,일반 구간
2023,신흥,2,1102,42899,38531,대전교통공사_역별 수송실적_20231231.csv,2023-02-01,False,81430,0.7697257697257598,27.214497734728948,83521.33333333333,83199.08333333333,False,일반 구간
2023,신흥,3,1102,48647,44405,대전교통공사_역별 수송실적_20231231.csv,2023-03-01,False,93052,14.272381186294968,24.898660438645948,85096.66666666667,84744.91666666667,False,일반 구간
2023,신흥,4,1102,46330,42459,대전교통공사_역별 수송실적_20231231.csv,2023-04-01,False,88789,-4.581309375402998,9.725775157873917,87757.0,85400.75,False,일반 구간
2023,신흥,5,1102,48318,44344,대전교통공사_역별 수송실적_20231231.csv,2023-05-01,False,92662,4.362026827647569,3.568833897774648,91501.0,85666.83333333333,False,일반 구간
2023,신흥,6,1102,47023,42755,대전교통공사_역별 수송실적_20231231.csv,2023-06-01,False,89778,-3.112386954738733,6.165744288349662,90409.66666666667,86101.33333333333,False,일반 구간
2023,신흥,7,1102,45663,42181,대전교통공사_역별 수송실적_20231231.csv,2023-07-01,False,87844,-2.1542025886074567,5.403102914531854,90094.66666666667,86476.58333333333,False,일반 구간
2023,신흥,8,1102,49638,45905,대전교통공사_역별 수송실적_20231231.csv,2023-08-01,False,95543,8.764400528209105,20.657952895119024,91055.0,87839.75,False,일반 구간
2023,신흥,9,1102,45584,41945,대전교통공사_역별 수송실적_20231231.csv,2023-09-01,False,87529,-8.387846310038416,7.025910030201876,90305.33333333333,88318.58333333333,False,일반 구간
2023,신흥,10,1102,46904,42446,대전교통공사_역별 수송실적_20231231.csv,2023-10-01,False,89350,2.0804533354659593,2.061796790222181,90807.33333333333,88469.0,False,일반 구간
2023,신흥,11,1102,46173,43058,대전교통공사_역별 수송실적_20231231.csv,2023-11-01,False,89231,-0.13318410744264098,3.1369557428019945,88703.33333333333,88695.16666666667,False,일반 구간
2023,신흥,12,1102,46130,42528,대전교통공사_역별 수송실적_20231231.csv,2023-12-01,False,88658,-0.6421535116719501,0.3758802617575885,89079.66666666667,88722.83333333333,False,일반 구간
2024,신흥,1,1102,45098,41037,대전교통공사_역별 수송실적_20241231.csv,2024-01-01,False,86135,-2.8457668794694246,6.592169092169087,88008.0,89166.75,False,일반 구간
2024,신흥,2,1102,41407,37442,대전교통공사_역별 수송실적_20241231.csv,2024-02-01,False,78849,-8.458814651419289,-3.169593515903235,84547.33333333333,88951.66666666667,True,일반 구간
2024,신흥,3,1102,45729,42564,대전교통공사_역별 수송실적_20241231.csv,2024-03-01,False,88293,11.977323745386759,-5.114344667497739,84425.66666666667,88555.08333333333,False,일반 구간
2024,신흥,4,1102,46157,42373,대전교통공사_역별 수송실적_20241231.csv,2024-04-01,False,88530,0.2684244504094213,-0.291702801022653,85224.0,88533.5,False,일반 구간
2024,신흥,5,1102,47178,43715,대전교통공사_역별 수송실적_20241231.csv,2024-05-01,False,90893,2.6691516999887144,-1.9090889469253858,89238.66666666667,88386.08333333333,False,일반 구간
2024,신흥,6,1102,43502,40323,대전교통공사_역별 수송실적_20241231.csv,2024-06-01,False,83825,-7.776176383219835,-6.6308004188108445,87749.33333333333,87890.0,False,일반 구간
2024,신흥,7,1102,45722,42186,대전교통공사_역별 수송실적_20241231.csv,2024-07-01,False,87908,4.870861914703251,0.0728564273029475,87542.0,87895.33333333333,False,일반 구간
2024,신흥,8,1102,48879,45124,대전교통공사_역별 수송실적_20241231.csv,2024-08-01,False,94003,6.9333849023979655,-1.6118396952157665,88578.66666666667,87767.0,False,일반 구간
2024,신흥,9,1102,45148,41901,대전교통공사_역별 수송실적_20241231.csv,2024-09-01,False,87049,-7.397636245651739,-0.5483896765643426,89653.33333333333,87727.0,False,일반 구간
2024,신흥,10,1102,50509,47161,대전교통공사_역별 수송실적_20241231.csv,2024-10-01,False,97670,12.201174051396336,9.311695579182988,92907.33333333333,88420.33333333333,False,일반 구간
2024,신흥,11,1102,50490,47261,대전교통공사_역별 수송실적_20241231.csv,2024-11-01,False,97751,0.08293232312890364,9.548251168315947,94156.66666666667,89130.33333333333,False,일반 구간
2024,신흥,12,1102,50840,46939,대전교통공사_역별 수송실적_20241231.csv,2024-12-01,False,97779,0.028644208243400193,10.28784768436013,97733.33333333333,89890.41666666667,False,일반 구간
2026,신흥,1,1102,62805,57356,대전교통공사_역별 수송실적_20260731.csv,2026-01-01,False,120161,22.89039568823572,39.50310559006211,105230.33333333333,92725.91666666667,True,일반 구간
2026,신흥,2,1102,54812,49714,대전교통공사_역별 수송실적_20260731.csv,2026-02-01,False,104526,-13.011709290035867,32.56477571053533,107488.66666666667,94865.66666666667,False,일반 구간
2026,신흥,3,1102,65765,61607,대전교통공사_역별 수송실적_20260731.csv,2026-03-01,False,127372,21.856762910663385,44.26058690949453,117353.0,98122.25,True,일반 구간
2026,신흥,4,1102,67315,63714,대전교통공사_역별 수송실적_20260731.csv,2026-04-01,False,131029,2.8711176710737085,48.00519597876427,120975.66666666667,101663.83333333333,False,일반 구간
2026,신흥,5,1102,65483,61556,대전교통공사_역별 수송실적_20260731.csv,2026-05-01,False,127039,-3.045127414541815,39.76763887208037,128480.0,104676.0,False,일반 구간
2026,신흥,6,1102,63919,61090,대전교통공사_역별 수송실적_20260731.csv,2026-06-01,False,125009,-1.5979344925574068,49.13092752758723,127692.33333333333,108108.0,False,일반 구간
2026,신흥,7,1102,62800,59750,대전교통공사_역별 수송실적_20260731.csv,2026-07-01,False,122550,-1.9670583717972256,39.407107430495515,124866.0,110994.83333333333,False,일반 구간
2015,오룡,1,1108,142741,130328,대전교통공사_역별 수송실적_20151231.csv,2015-01-01,False,273069,,,273069.0,273069.0,False,일반 구간
2015,오룡,2,1108,121703,110466,대전교통공사_역별 수송실적_20151231.csv,2015-02-01,False,232169,-14.97789935877013,,252619.0,252619.0,False,일반 구간
2015,오룡,3,1108,151710,136124,대전교통공사_역별 수송실적_20151231.csv,2015-03-01,False,287834,23.976069156519596,,264357.3333333333,264357.3333333333,False,일반 구간
2015,오룡,4,1108,150410,135141,대전교통공사_역별 수송실적_20151231.csv,2015-04-01,False,285551,-0.7931655051175324,,268518.0,269655.75,False,일반 구간
2015,오룡,5,1108,146593,131859,대전교통공사_역별 수송실적_20151231.csv,2015-05-01,False,278452,-2.486070789456174,,283945.6666666667,271415.0,False,일반 구간
2015,오룡,6,1108,123715,111366,대전교통공사_역별 수송실적_20151231.csv,2015-06-01,False,235081,-15.575754528608165,,266361.3333333333,265359.3333333333,False,일반 구간
2015,오룡,7,1108,138421,123444,대전교통공사_역별 수송실적_20151231.csv,2015-07-01,False,261865,11.39351968045057,,258466.0,264860.14285714284,False,일반 구간
2015,오룡,8,1108,130275,116287,대전교통공사_역별 수송실적_20151231.csv,2015-08-01,False,246562,-5.843850839172859,,247836.0,262572.875,False,일반 구간
2015,오룡,9,1108,137059,121660,대전교통공사_역별 수송실적_20151231.csv,2015-09-01,False,258719,4.930605689441192,,255715.33333333334,262144.6666666667,False,일반 구간
2015,오룡,10,1108,147111,130669,대전교통공사_역별 수송실적_20151231.csv,2015-10-01,False,277780,7.3674527189731,,261020.33333333334,263708.2,False,일반 구간
2015,오룡,11,1108,145327,129596,대전교통공사_역별 수송실적_20151231.csv,2015-11-01,False,274923,-1.0285117719058268,,270474.0,264727.7272727273,False,일반 구간
2015,오룡,12,1108,149517,134366,대전교통공사_역별 수송실적_20151231.csv,2015-12-01,False,283883,3.2590943646038983,,278862.0,266324.0,False,일반 구간
2016,오룡,1,1108,134027,121172,대전교통공사_역별 수송실적_20161231.csv,2016-01-01,False,255199,-10.10416263037942,-6.544133534015217,271335.0,264834.8333333333,False,일반 구간
2016,오룡,2,1108,120153,109453,대전교통공사_역별 수송실적_20161231.csv,2016-02-01,False,229606,-10.028644312869561,-1.1039372181471219,256229.33333333334,264621.25,False,일반 구간
2016,오룡,3,1108,150280,134862,대전교통공사_역별 수송실적_20161231.csv,2016-03-01,False,285142,24.187521232023546,-0.9352612964417029,256649.0,264396.9166666667,False,일반 구간
2016,오룡,4,1108,142078,127689,대전교통공사_역별 수송실적_20161231.csv,2016-04-01,False,269767,-5.392050276704241,-5.527558999968485,261505.0,263081.5833333333,False,일반 구간
2016,오룡,5,1108,144658,130293,대전교통공사_역별 수송실적_20161231.csv,2016-05-01,False,274951,1.9216583199575865,-1.2573082613879571,276620.0,262789.8333333333,False,일반 구간
2016,오룡,6,1108,138058,123451,대전교통공사_역별 수송실적_20161231.csv,2016-06-01,False,261509,-4.8888711079428715,11.242082516239083,268742.3333333333,264992.1666666667,False,일반 구간
2016,오룡,7,1108,133207,118425,대전교통공사_역별 수송실적_20161231.csv,2016-07-01,False,251632,-3.7769254595444113,-3.9077387203329983,262697.3333333333,264139.4166666667,False,일반 구간
2016,오룡,8,1108,129128,115236,대전교통공사_역별 수송실적_20161231.csv,2016-08-01,False,244364,-2.8883448845933746,-0.8914593489669942,252501.66666666666,263956.25,False,일반 구간
2016,오룡,9,1108,127498,112814,대전교통공사_역별 수송실적_20161231.csv,2016-09-01,False,240312,-1.6581820562767025,-7.114668810562808,245436.0,262422.3333333333,False,일반 구간
2016,오룡,10,1108,138377,123346,대전교통공사_역별 수송실적_20161231.csv,2016-10-01,False,261723,8.909667432337965,-5.780473756209947,248799.66666666666,261084.25,False,일반 구간
2016,오룡,11,1108,142298,126383,대전교통공사_역별 수송실적_20161231.csv,2016-11-01,False,268681,2.6585359330284275,-2.270453908912673,256905.33333333334,260564.08333333334,False,일반 구간
2016,오룡,12,1108,144765,129777,대전교통공사_역별 수송실적_20161231.csv,2016-12-01,False,274542,2.1813972703689455,-3.29044007566498,268315.3333333333,259785.66666666666,False,일반 구간
2017,오룡,1,1108,129169,116866,대전교통공사_역별 수송실적_20171231.csv,2017-01-01,False,246035,-10.383475023857914,-3.5909231619246196,263086.0,259022.0,False,일반 구간
2017,오룡,2,1108,129219,117364,대전교통공사_역별 수송실적_20171231.csv,2017-02-01,False,246583,0.22273253805353832,7.393970540839523,255720.0,260436.75,False,일반 구간
2017,오룡,3,1108,149878,134948,대전교통공사_역별 수송실적_20171231.csv,2017-03-01,False,284826,15.509179464926625,-0.11082197641876235,259148.0,260410.41666666666,False,일반 구간
2017,오룡,4,1108,140987,125714,대전교통공사_역별 수송실적_20171231.csv,2017-04-01,False,266701,-6.363534227914592,-1.1365363443267662,266036.6666666667,260154.91666666666,False,일반 구간
2017,오룡,5,1108,143593,128545,대전교통공사_역별 수송실적_20171231.csv,2017-05-01,False,272138,2.0386125286369294,-1.0230913871926317,274555.0,259920.5,False,일반 구간
2017,오룡,6,1108,139887,124947,대전교통공사_역별 수송실적_20171231.csv,2017-06-01,False,264834,-2.6839324166415546,1.271466756402262,267891.0,260197.58333333334,False,일반 구간
2017,오룡,7,1108,131821,118864,대전교통공사_역별 수송실적_20171231.csv,2017-07-01,False,250685,-5.342591963267552,-0.37634323138551196,262552.3333333333,260118.66666666666,False,일반 구간
2017,오룡,8,1108,133209,120171,대전교통공사_역별 수송실적_20171231.csv,2017-08-01,False,253380,1.075054351078042,3.689577842890124,256299.66666666666,260870.0,False,일반 구간
2017,오룡,9,1108,143874,129363,대전교통공사_역별 수송실적_20171231.csv,2017-09-01,False,273237,7.836845844186602,13.700938779586536,259100.66666666666,263613.75,False,일반 구간
2017,오룡,10,1108,124738,112810,대전교통공사_역별 수송실적_20171231.csv,2017-10-01,False,237548,-13.061554621079875,-9.236864929715772,254721.66666666666,261599.16666666666,False,일반 구간
2017,오룡,11,1108,142841,129123,대전교통공사_역별 수송실적_20171231.csv,2017-11-01,False,271964,14.48801926347516,1.2218951098142306,260916.33333333334,261872.75,False,일반 구간
2017,오룡,12,1108,139588,127064,대전교통공사_역별 수송실적_20171231.csv,2017-12-01,False,266652,-1.9531996881940294,-2.8738772209716545,258721.33333333334,261215.25,False,일반 구간
2018,오룡,1,1108,134608,123976,대전교통공사_역별 수송실적_20181231.csv,2018-01-01,False,258584,-3.025666411652639,5.100493832178343,265733.3333333333,262261.0,False,일반 구간
2018,오룡,2,1108,115686,106426,대전교통공사_역별 수송실적_20181231.csv,2018-02-01,False,222112,-14.104507626148566,-9.924041803368445,249116.0,260221.75,True,일반 구간
2018,오룡,3,1108,142954,129793,대전교통공사_역별 수송실적_20181231.csv,2018-03-01,False,272747,22.797057340440862,-4.240834755254086,251147.66666666666,259215.16666666666,False,일반 구간
2018,오룡,4,1108,140305,127318,대전교통공사_역별 수송실적_20181231.csv,2018-04-01,False,267623,-1.8786641099627133,0.3457054904181023,254160.66666666666,259292.0,False,일반 구간
2018,오룡,5,1108,143179,129891,대전교통공사_역별 수송실적_20181231.csv,2018-05-01,False,273070,2.0353258128038343,0.3424733039854688,271146.6666666667,259369.66666666666,False,일반 구간
2018,오룡,6,1108,133230,121544,대전교통공사_역별 수송실적_20181231.csv,2018-06-01,False,254774,-6.700113524004836,-3.798605919179565,265155.6666666667,258531.33333333334,False,일반 구간
2018,오룡,7,1108,130369,117865,대전교통공사_역별 수송실적_20181231.csv,2018-07-01,False,248234,-2.566980932120233,-0.9777210443385087,258692.66666666666,258327.08333333334,False,일반 구간
2018,오룡,8,1108,126991,114393,대전교통공사_역별 수송실적_20181231.csv,2018-08-01,False,241384,-2.759493058968554,-4.734391033230723,248130.66666666666,257327.41666666666,False,일반 구간
2018,오룡,9,1108,123779,111467,대전교통공사_역별 수송실적_20181231.csv,2018-09-01,False,235246,-2.5428363106088203,-13.904046670106906,241621.33333333334,254161.5,False,일반 구간
2018,오룡,10,1108,140016,125518,대전교통공사_역별 수송실적_20181231.csv,2018-10-01,False,265534,12.875032944237086,11.781197905265461,247388.0,256493.66666666666,False,일반 구간
2018,오룡,11,1108,140506,126659,대전교통공사_역별 수송실적_20181231.csv,2018-11-01,False,267165,0.6142339587397405,-1.764571781559321,255981.66666666666,256093.75,False,일반 구간
2018,오룡,12,1108,136414,123659,대전교통공사_역별 수송실적_20181231.csv,2018-12-01,False,260073,-2.6545393296277586,-2.4672606993384583,264257.3333333333,255545.5,False,일반 구간
2019,오룡,1,1108,134908,122901,대전교통공사_역별 수송실적_20191231.csv,2019-01-01,False,257809,-0.8705248141867905,-0.2997091854097689,261682.33333333334,255480.91666666666,False,일반 구간
2019,오룡,2,1108,112600,102986,대전교통공사_역별 수송실적_20191231.csv,2019-02-01,False,215586,-16.377628399318876,-2.938157326033708,244489.33333333334,254937.08333333334,True,일반 구간
2019,오룡,3,1108,140071,126863,대전교통공사_역별 수송실적_20191231.csv,2019-03-01,False,266934,23.81787314575159,-2.1312791708066436,246776.33333333334,254452.66666666666,False,일반 구간
2019,오룡,4,1108,139636,126638,대전교통공사_역별 수송실적_20191231.csv,2019-04-01,False,266274,-0.24725212973993882,-0.5040672886859499,249598.0,254340.25,False,일반 구간
2019,오룡,5,1108,145868,131295,대전교통공사_역별 수송실적_20191231.csv,2019-05-01,False,277163,4.089396636547327,1.4988830702750144,270123.6666666667,254681.33333333334,False,일반 구간
2019,오룡,6,1108,130431,117745,대전교통공사_역별 수송실적_20191231.csv,2019-06-01,False,248176,-10.45846667845275,-2.5897462064417898,263871.0,254131.5,False,일반 구간
2019,오룡,7,1108,136299,123017,대전교통공사_역별 수송실적_20191231.csv,2019-07-01,False,259316,4.488749919412038,4.464336069998476,261551.66666666666,255055.0,False,일반 구간
2019,오룡,8,1108,126598,115365,대전교통공사_역별 수송실적_20191231.csv,2019-08-01,False,241963,-6.691835444014249,0.23986676830278775,249818.33333333334,255103.25,False,일반 구간
2019,오룡,9,1108,125222,113147,대전교통공사_역별 수송실적_20191231.csv,2019-09-01,False,238369,-1.4853510660720826,1.3275464832558148,246549.33333333334,255363.5,False,일반 구간
2019,오룡,10,1108,139431,126388,대전교통공사_역별 수송실적_20191231.csv,2019-10-01,False,265819,11.515759180094731,0.107330887946544,248717.0,255387.25,False,일반 구간
2019,오룡,11,1108,140445,128176,대전교통공사_역별 수송실적_20191231.csv,2019-11-01,False,268621,1.0541007226722021,0.5449815656991097,257603.0,255508.58333333334,False,일반 구간
2019,오룡,12,1108,141533,128435,대전교통공사_역별 수송실적_20191231.csv,2019-12-01,False,269968,0.5014499983247767,3.8047009877995697,268136.0,256333.16666666666,False,일반 구간
2020,오룡,1,1108,124935,114486,대전교통공사_역별 수송실적_20200531.csv,2020-01-01,False,239421,-11.315044746043979,-7.132411979411113,259336.66666666666,254800.83333333334,False,일반 구간
2020,오룡,2,1108,99297,92407,대전교통공사_역별 수송실적_20200531.csv,2020-02-01,False,191704,-19.93016485604855,-11.077713766200038,233697.66666666666,252810.66666666666,True,팬데믹 구간
2020,오룡,3,1108,69316,63824,대전교통공사_역별 수송실적_20200531.csv,2020-03-01,False,133140,-30.54917998581146,-50.12250219155297,188088.33333333334,241661.16666666666,True,팬데믹 구간
2020,오룡,4,1108,78203,72503,대전교통공사_역별 수송실적_20200531.csv,2020-04-01,False,150706,13.193630764608688,-43.401909311461125,158516.66666666666,232030.5,False,팬데믹 구간
2020,오룡,5,1108,94757,87063,대전교통공사_역별 수송실적_20200531.csv,2020-05-01,False,181820,20.645495202579855,-34.39961322398732,155222.0,224085.25,False,팬데믹 구간
2020,오룡,6,1108,96178,87532,대전교통공사_역별 수송실적_20211231.csv,2020-06-01,False,183710,1.0394896051039382,-25.97592031461543,172078.66666666666,218713.08333333334,False,팬데믹 구간
2020,오룡,7,1108,92427,84049,대전교통공사_역별 수송실적_20211231.csv,2020-07-01,False,176476,-3.9377279407762256,-31.945579910225362,180668.66666666666,211809.75,False,팬데믹 구간
2020,오룡,8,1108,85224,77808,대전교통공사_역별 수송실적_20211231.csv,2020-08-01,False,163032,-7.618033046986561,-32.62110322652637,174406.0,205232.16666666666,False,팬데믹 구간
2020,오룡,9,1108,84949,76711,대전교통공사_역별 수송실적_20211231.csv,2020-09-01,False,161660,-0.8415525786348743,-32.18077854083376,167056.0,198839.75,False,팬데믹 구간
2020,오룡,10,1108,93248,84214,대전교통공사_역별 수송실적_20211231.csv,2020-10-01,False,177462,9.774836075714454,-33.239535172429356,167384.66666666666,191476.66666666666,False,팬데믹 구간
2020,오룡,11,1108,99587,90934,대전교통공사_역별 수송실적_20211231.csv,2020-11-01,False,190521,7.358758494776341,-29.074420838281444,176547.66666666666,184968.33333333334,False,팬데믹 구간
2020,오룡,12,1108,89257,82464,대전교통공사_역별 수송실적_20211231.csv,2020-12-01,False,171721,-9.867678628602617,-36.39209091447876,179901.33333333334,176781.08333333334,False,팬데믹 구간
2021,오룡,1,1108,87335,81382,대전교통공사_역별 수송실적_20211231.csv,2021-01-01,False,168717,-1.7493492350964646,-29.53124412645507,176986.33333333334,170889.08333333334,False,팬데믹 구간
2021,오룡,2,1108,81881,76149,대전교통공사_역별 수송실적_20211231.csv,2021-02-01,False,158030,-6.334275739848383,-17.565622000584234,166156.0,168082.91666666666,False,팬데믹 구간
2021,오룡,3,1108,101233,92577,대전교통공사_역별 수송실적_20211231.csv,2021-03-01,False,193810,22.64127064481427,45.56857443292775,173519.0,173138.75,False,팬데믹 구간
2021,오룡,4,1108,97633,89357,대전교통공사_역별 수송실적_20211231.csv,2021-04-01,False,186990,-3.5189102729477284,24.076015553461705,179610.0,176162.41666666666,False,팬데믹 구간
2021,오룡,5,1108,94257,87303,대전교통공사_역별 수송실적_20211231.csv,2021-05-01,False,181560,-2.9038986042034365,-0.1429985700142966,187453.33333333334,176140.75,False,팬데믹 구간
2021,오룡,6,1108,97285,89031,대전교통공사_역별 수송실적_20211231.csv,2021-06-01,False,186316,2.6195197179995633,1.4185400903597989,184955.33333333334,176357.91666666666,False,팬데믹 구간
2021,오룡,7,1108,89762,83115,대전교통공사_역별 수송실적_20211231.csv,2021-07-01,False,172877,-7.213014448571242,-2.039370792629025,180251.0,176058.0,False,팬데믹 구간
2021,오룡,8,1108,79875,75064,대전교통공사_역별 수송실적_20211231.csv,2021-08-01,False,154939,-10.376163399411142,-4.9640561362186535,171377.33333333334,175383.58333333334,False,팬데믹 구간
2021,오룡,9,1108,85595,79096,대전교통공사_역별 수송실적_20211231.csv,2021-09-01,False,164691,6.294089932166846,1.8749226772238003,164169.0,175636.16666666666,False,팬데믹 구간
2021,오룡,10,1108,95384,86794,대전교통공사_역별 수송실적_20211231.csv,2021-10-01,False,182178,10.618066561014272,2.657470331676648,167269.33333333334,176029.16666666666,False,팬데믹 구간
2021,오룡,11,1108,102537,93867,대전교통공사_역별 수송실적_20211231.csv,2021-11-01,False,196404,7.808846293185789,3.0878485836207004,181091.0,176519.41666666666,False,팬데믹 구간
2021,오룡,12,1108,100310,92613,대전교통공사_역별 수송실적_20211231.csv,2021-12-01,False,192923,-1.7723671615649361,12.346771798440503,190501.66666666666,178286.25,False,팬데믹 구간
2022,오룡,1,1108,92871,87095,대전교통공사_역별 수송실적_20221231.csv,2022-01-01,False,179966,-6.716151003250004,6.667377916866712,189764.33333333334,179223.66666666666,False,팬데믹 구간
2022,오룡,2,1108,78748,74209,대전교통공사_역별 수송실적_20221231.csv,2022-02-01,False,152957,-15.007834813242503,-3.2101499715243897,175282.0,178800.91666666666,False,팬데믹 구간
2022,오룡,3,1108,92594,86227,대전교통공사_역별 수송실적_20221231.csv,2022-03-01,False,178821,16.909327458043766,-7.7338630617615145,170581.33333333334,177551.83333333334,False,팬데믹 구간
2022,오룡,4,1108,100731,92273,대전교통공사_역별 수송실적_20221231.csv,2022-04-01,False,193004,7.9313950822330614,3.216214770843351,174927.33333333334,178053.0,False,팬데믹 구간
2022,오룡,5,1108,112992,102419,대전교통공사_역별 수송실적_20221231.csv,2022-05-01,False,215411,11.609603946032209,18.644525225820672,195745.33333333334,180873.91666666666,False,일반 구간
2022,오룡,6,1108,108087,98136,대전교통공사_역별 수송실적_20221231.csv,2022-06-01,False,206223,-4.265334639363816,10.684535949676889,204879.33333333334,182532.83333333334,False,일반 구간
2022,오룡,7,1108,108036,97049,대전교통공사_역별 수송실적_20221231.csv,2022-07-01,False,205085,-0.5518298152970336,18.630587064791726,208906.33333333334,185216.83333333334,False,일반 구간
2022,오룡,8,1108,102967,93049,대전교통공사_역별 수송실적_20221231.csv,2022-08-01,False,196016,-4.422068898261699,26.511723968787713,202441.33333333334,188639.91666666666,False,일반 구간
2022,오룡,9,1108,107226,94865,대전교통공사_역별 수송실적_20221231.csv,2022-09-01,False,202091,3.0992367969961743,22.70919479510114,201064.0,191756.58333333334,False,일반 구간
2022,오룡,10,1108,114571,102225,대전교통공사_역별 수송실적_20221231.csv,2022-10-01,False,216796,7.2764249768668465,19.002294459265112,204967.66666666666,194641.41666666666,False,일반 구간
2022,오룡,11,1108,116260,104747,대전교통공사_역별 수송실적_20221231.csv,2022-11-01,False,221007,1.9423790106828598,12.526730616484393,213298.0,196691.66666666666,False,일반 구간
2022,오룡,12,1108,117116,105834,대전교통공사_역별 수송실적_20221231.csv,2022-12-01,False,222950,0.8791576737388507,15.564240655598338,220251.0,199193.91666666666,False,일반 구간
2023,오룡,1,1108,104945,95948,대전교통공사_역별 수송실적_20231231.csv,2023-01-01,False,200893,-9.893249607535326,11.628307569207518,214950.0,200937.83333333334,False,일반 구간
2023,오룡,2,1108,108461,98098,대전교통공사_역별 수송실적_20231231.csv,2023-02-01,False,206559,2.8204068832662132,35.043835849290986,210134.0,205404.66666666666,False,일반 구간
2023,오룡,3,1108,125404,113421,대전교통공사_역별 수송실적_20231231.csv,2023-03-01,False,238825,15.620718535624212,33.555343052549745,215425.66666666666,210405.0,True,일반 구간
2023,오룡,4,1108,118034,107287,대전교통공사_역별 수송실적_20231231.csv,2023-04-01,False,225321,-5.654349419030669,16.744212555180194,223568.33333333334,213098.08333333334,False,일반 구간
2023,오룡,5,1108,121841,110439,대전교통공사_역별 수송실적_20231231.csv,2023-05-01,False,232280,3.0884826536363708,7.831076407425797,232142.0,214503.83333333334,False,일반 구간
2023,오룡,6,1108,117680,106317,대전교통공사_역별 수송실적_20231231.csv,2023-06-01,False,223997,-3.565954882038913,8.618825252275442,227199.33333333334,215985.0,False,일반 구간
2023,오룡,7,1108,112021,100911,대전교통공사_역별 수송실적_20231231.csv,2023-07-01,False,212932,-4.939798300870102,3.8262183972499253,223069.66666666666,216638.91666666666,False,일반 구간
2023,오룡,8,1108,117164,105886,대전교통공사_역별 수송실적_20231231.csv,2023-08-01,False,223050,4.751751732947618,13.791731287241848,219993.0,218891.75,False,일반 구간
2023,오룡,9,1108,111679,98822,대전교통공사_역별 수송실적_20231231.csv,2023-09-01,False,210501,-5.626092804303973,4.1614916052669315,215494.33333333334,219592.58333333334,False,일반 구간
2023,오룡,10,1108,116990,104793,대전교통공사_역별 수송실적_20231231.csv,2023-10-01,False,221783,5.359594491237574,2.3003191940810686,218444.66666666666,220008.16666666666,False,일반 구간
2023,오룡,11,1108,118815,105986,대전교통공사_역별 수송실적_20231231.csv,2023-11-01,False,224801,1.3607896006456732,1.716687706724218,219028.33333333334,220324.33333333334,False,일반 구간
2023,오룡,12,1108,116814,104674,대전교통공사_역별 수송실적_20231231.csv,2023-12-01,False,221488,-1.4737478925805458,-0.6557524108544488,222690.66666666666,220202.5,False,일반 구간
2024,오룡,1,1108,114526,103458,대전교통공사_역별 수송실적_20241231.csv,2024-01-01,False,217984,-1.582027017265042,8.507513950212298,221424.33333333334,221626.75,False,일반 구간
2024,오룡,2,1108,104010,94196,대전교통공사_역별 수송실적_20241231.csv,2024-02-01,False,198206,-9.073142982971227,-4.04388092506257,212559.33333333334,220930.66666666666,True,일반 구간
2024,오룡,3,1108,117603,105591,대전교통공사_역별 수송실적_20241231.csv,2024-03-01,False,223194,12.607085557450336,-6.544959698524022,213128.0,219628.08333333334,False,일반 구간
2024,오룡,4,1108,117886,105271,대전교통공사_역별 수송실적_20241231.csv,2024-04-01,False,223157,-0.016577506563797417,-0.9604075962737602,214852.33333333334,219447.75,False,일반 구간
2024,오룡,5,1108,119695,106969,대전교통공사_역별 수송실적_20241231.csv,2024-05-01,False,226664,1.5715393198510563,-2.417771654899259,224338.33333333334,218979.75,False,일반 구간
2024,오룡,6,1108,110875,99261,대전교통공사_역별 수송실적_20241231.csv,2024-06-01,False,210136,-7.291850492358732,-6.188029303963893,219985.66666666666,217824.66666666666,False,일반 구간
2024,오룡,7,1108,115220,102270,대전교통공사_역별 수송실적_20241231.csv,2024-07-01,False,217490,3.4996383294628286,2.140589483966715,218096.66666666666,218204.5,False,일반 구간
2024,오룡,8,1108,114923,101994,대전교통공사_역별 수송실적_20241231.csv,2024-08-01,False,216917,-0.2634603889834053,-2.7496077112755035,214847.66666666666,217693.41666666666,False,일반 구간
2024,오룡,9,1108,105829,93405,대전교통공사_역별 수송실적_20241231.csv,2024-09-01,False,199234,-8.151965959330065,-5.35246863435328,211213.66666666666,216754.5,False,일반 구간
2024,오룡,10,1108,119910,105558,대전교통공사_역별 수송실적_20241231.csv,2024-10-01,False,225468,13.167431261732432,1.6615340219944708,213873.0,217061.58333333334,False,일반 구간
2024,오룡,11,1108,120839,107217,대전교통공사_역별 수송실적_20241231.csv,2024-11-01,False,228056,1.1478347259921584,1.4479472956081096,217586.0,217332.83333333334,False,일반 구간
2024,오룡,12,1108,119097,105808,대전교통공사_역별 수송실적_20241231.csv,2024-12-01,False,224905,-1.3816781843056125,1.542747236870623,226143.0,217617.58333333334,False,일반 구간
2026,오룡,1,1108,115486,104340,대전교통공사_역별 수송실적_20260731.csv,2026-01-01,False,219826,-2.2582868322180483,0.8450161479741647,224262.33333333334,217771.08333333334,False,일반 구간
2026,오룡,2,1108,103416,92653,대전교통공사_역별 수송실적_20260731.csv,2026-02-01,False,196069,-10.80718386360121,-1.0781711956247553,213600.0,217593.0,True,일반 구간
2026,오룡,3,1108,130687,116388,대전교통공사_역별 수송실적_20260731.csv,2026-03-01,False,247075,26.014311288372973,10.699660385135811,220990.0,219583.08333333334,True,일반 구간
2026,오룡,4,1108,135093,120655,대전교통공사_역별 수송실적_20260731.csv,2026-04-01,False,255748,3.510270160882323,14.604516103012678,232964.0,222299.0,False,일반 구간
2026,오룡,5,1108,127843,112342,대전교통공사_역별 수송실적_20260731.csv,2026-05-01,False,240185,-6.0852870794688485,5.9652172378498625,247669.33333333334,223425.75,False,일반 구간
2026,오룡,6,1108,126004,109763,대전교통공사_역별 수송실적_20260731.csv,2026-06-01,False,235767,-1.839415450590165,12.197338866258045,243900.0,225561.66666666666,False,일반 구간
2026,오룡,7,1108,121014,107134,대전교통공사_역별 수송실적_20260731.csv,2026-07-01,False,228148,-3.231580331428907,4.9004551933422125,234700.0,226449.83333333334,False,일반 구간
2015,용문,1,1109,237933,241023,대전교통공사_역별 수송실적_20151231.csv,2015-01-01,False,478956,,,478956.0,478956.0,False,일반 구간
2015,용문,2,1109,201225,203880,대전교통공사_역별 수송실적_20151231.csv,2015-02-01,False,405105,-15.41916167664671,,442030.5,442030.5,False,일반 구간
2015,용문,3,1109,245918,250054,대전교통공사_역별 수송실적_20151231.csv,2015-03-01,False,495972,22.430480986410938,,460011.0,460011.0,False,일반 구간
2015,용문,4,1109,238715,241673,대전교통공사_역별 수송실적_20151231.csv,2015-04-01,False,480388,-3.1421128612099114,,460488.3333333333,465105.25,False,일반 구간
2015,용문,5,1109,241553,243362,대전교통공사_역별 수송실적_20151231.csv,2015-05-01,False,484915,0.942363256367762,,487091.6666666667,469067.2,False,일반 구간
2015,용문,6,1109,200987,200998,대전교통공사_역별 수송실적_20151231.csv,2015-06-01,False,401985,-17.101966323994922,,455762.6666666667,457886.8333333333,False,일반 구간
2015,용문,7,1109,227425,228352,대전교통공사_역별 수송실적_20151231.csv,2015-07-01,False,455777,13.381593840566186,,447559.0,457585.4285714286,False,일반 구간
2015,용문,8,1109,217525,218546,대전교통공사_역별 수송실적_20151231.csv,2015-08-01,False,436071,-4.323605622925242,,431277.6666666667,454896.125,False,일반 구간
2015,용문,9,1109,220247,222723,대전교통공사_역별 수송실적_20151231.csv,2015-09-01,False,442970,1.5820818169518303,,444939.3333333333,453571.0,False,일반 구간
2015,용문,10,1109,240494,244612,대전교통공사_역별 수송실적_20151231.csv,2015-10-01,False,485106,9.512156579452324,,454715.6666666667,456724.5,False,일반 구간
2015,용문,11,1109,229276,231971,대전교통공사_역별 수송실적_20151231.csv,2015-11-01,False,461247,-4.918306514452508,,463107.6666666667,457135.63636363635,False,일반 구간
2015,용문,12,1109,246334,248556,대전교통공사_역별 수송실적_20151231.csv,2015-12-01,False,494890,7.2939227789015515,,480414.3333333333,460281.8333333333,False,일반 구간
2016,용문,1,1109,229665,231838,대전교통공사_역별 수송실적_20161231.csv,2016-01-01,False,461503,-6.74634767322031,-3.643967295534456,472546.6666666667,458827.4166666667,False,일반 구간
2016,용문,2,1109,207761,209581,대전교통공사_역별 수송실적_20161231.csv,2016-02-01,False,417342,-9.5689518811362,3.020698337468053,457911.6666666667,459847.1666666667,False,일반 구간
2016,용문,3,1109,247988,251622,대전교통공사_역별 수송실적_20161231.csv,2016-03-01,False,499610,19.7123701903954,0.7335091497100654,459485.0,460150.3333333333,False,일반 구간
2016,용문,4,1109,237184,238311,대전교통공사_역별 수송실적_20161231.csv,2016-04-01,False,475495,-4.82676487660375,-1.0185516707328257,464149.0,459742.5833333333,False,일반 구간
2016,용문,5,1109,241486,240463,대전교통공사_역별 수송실적_20161231.csv,2016-05-01,False,481949,1.3573223693204017,-0.6116535887732866,485684.6666666667,459495.4166666667,False,일반 구간
2016,용문,6,1109,231346,230322,대전교통공사_역별 수송실적_20161231.csv,2016-06-01,False,461668,-4.208121606228044,14.847071408137126,473037.3333333333,464469.0,False,일반 구간
2016,용문,7,1109,228587,227896,대전교통공사_역별 수송실적_20161231.csv,2016-07-01,False,456483,-1.123101449526498,0.15490031309171037,466700.0,464527.8333333333,False,일반 구간
2016,용문,8,1109,224839,224921,대전교통공사_역별 수송실적_20161231.csv,2016-08-01,False,449760,-1.4727821189398083,3.1391677043417276,455970.3333333333,465668.5833333333,False,일반 구간
2016,용문,9,1109,213974,214652,대전교통공사_역별 수송실적_20161231.csv,2016-09-01,False,428626,-4.69895055140519,-3.2381425378693818,444956.3333333333,464473.25,False,일반 구간
2016,용문,10,1109,235678,236907,대전교통공사_역별 수송실적_20161231.csv,2016-10-01,False,472585,10.25579409555184,-2.58108537103231,450323.6666666667,463429.8333333333,False,일반 구간
2016,용문,11,1109,232502,234346,대전교통공사_역별 수송실적_20161231.csv,2016-11-01,False,466848,-1.2139615095697054,1.2143168410851501,456019.6666666667,463896.5833333333,False,일반 구간
2016,용문,12,1109,245119,246839,대전교통공사_역별 수송실적_20161231.csv,2016-12-01,False,491958,5.37862430598397,-0.5924548889652215,477130.3333333333,463652.25,False,일반 구간
2017,용문,1,1109,222867,223251,대전교통공사_역별 수송실적_20171231.csv,2017-01-01,False,446118,-9.317868598538903,-3.3336728038604324,468308.0,462370.1666666667,False,일반 구간
2017,용문,2,1109,216893,217946,대전교통공사_역별 수송실적_20171231.csv,2017-02-01,False,434839,-2.528254856338452,4.192484820602771,457638.3333333333,463828.25,False,일반 구간
2017,용문,3,1109,248702,249333,대전교통공사_역별 수송실적_20171231.csv,2017-03-01,False,498035,14.53319504460271,-0.31524589179560136,459664.0,463697.0,False,일반 구간
2017,용문,4,1109,236921,236925,대전교통공사_역별 수송실적_20171231.csv,2017-04-01,False,473846,-4.856887568142798,-0.3467964962828196,468906.6666666667,463559.5833333333,False,일반 구간
2017,용문,5,1109,240408,239487,대전교통공사_역별 수송실적_20171231.csv,2017-05-01,False,479895,1.276575089797105,-0.42618617322579544,483925.3333333333,463388.4166666667,False,일반 구간
2017,용문,6,1109,231536,231505,대전교통공사_역별 수송실적_20171231.csv,2017-06-01,False,463041,-3.5120182539930656,0.2973998631050856,472260.6666666667,463502.8333333333,False,일반 구간
2017,용문,7,1109,229887,229980,대전교통공사_역별 수송실적_20171231.csv,2017-07-01,False,459867,-0.6854684574368108,0.741320049158456,467601.0,463784.8333333333,False,일반 구간
2017,용문,8,1109,226260,226263,대전교통공사_역별 수송실적_20171231.csv,2017-08-01,False,452523,-1.5969834756570878,0.6143276414087406,458477.0,464015.0833333333,False,일반 구간
2017,용문,9,1109,235077,236374,대전교통공사_역별 수송실적_20171231.csv,2017-09-01,False,471451,4.182770820488679,9.991227783662215,461280.3333333333,467583.8333333333,False,일반 구간
2017,용문,10,1109,212954,213208,대전교통공사_역별 수송실적_20171231.csv,2017-10-01,False,426162,-9.606300548731472,-9.823206407312968,450045.3333333333,463715.25,False,일반 구간
2017,용문,11,1109,230804,233855,대전교통공사_역별 수송실적_20171231.csv,2017-11-01,False,464659,9.033419216166628,-0.4688892316128568,454090.6666666667,463532.8333333333,False,일반 구간
2017,용문,12,1109,236554,238686,대전교통공사_역별 수송실적_20171231.csv,2017-12-01,False,475240,2.2771537837424916,-3.3982575748336186,455353.6666666667,462139.6666666667,False,일반 구간
2018,용문,1,1109,231487,234666,대전교통공사_역별 수송실적_20181231.csv,2018-01-01,False,466153,-1.9120865247033048,4.490964274026155,468684.0,463809.25,False,일반 구간
2018,용문,2,1109,200055,203228,대전교통공사_역별 수송실적_20181231.csv,2018-02-01,False,403283,-13.48698817770131,-7.256938775040878,448225.3333333333,461179.5833333333,True,일반 구간
2018,용문,3,1109,240977,243509,대전교통공사_역별 수송실적_20181231.csv,2018-03-01,False,484486,20.135487982384582,-2.72049153171966,451307.3333333333,460050.5,False,일반 구간
2018,용문,4,1109,232539,236493,대전교통공사_역별 수송실적_20181231.csv,2018-04-01,False,469032,-3.1897722534810047,-1.0159418882928262,452267.0,459649.3333333333,False,일반 구간
2018,용문,5,1109,242998,246405,대전교통공사_역별 수송실적_20181231.csv,2018-05-01,False,489403,4.343200463934238,1.9812667354317082,480973.6666666667,460441.6666666667,False,일반 구간
2018,용문,6,1109,231172,233319,대전교통공사_역별 수송실적_20181231.csv,2018-06-01,False,464491,-5.0902834678169135,0.31314721590529615,474308.6666666667,460562.5,False,일반 구간
2018,용문,7,1109,229232,231278,대전교통공사_역별 수송실적_20181231.csv,2018-07-01,False,460510,-0.8570671982880196,0.13982303579078703,471468.0,460616.0833333333,False,일반 구간
2018,용문,8,1109,218068,222508,대전교통공사_역별 수송실적_20181231.csv,2018-08-01,False,440576,-4.328679073201447,-2.6400868022177892,455192.3333333333,459620.5,False,일반 구간
2018,용문,9,1109,212936,216881,대전교통공사_역별 수송실적_20181231.csv,2018-09-01,False,429817,-2.442030432887854,-8.831034402302674,443634.3333333333,456151.0,False,일반 구간
2018,용문,10,1109,242883,248595,대전교통공사_역별 수송실적_20181231.csv,2018-10-01,False,491478,14.345872778414993,15.326565953792226,453957.0,461594.0,False,일반 구간
2018,용문,11,1109,239148,245192,대전교통공사_역별 수송실적_20181231.csv,2018-11-01,False,484340,-1.452353920216165,4.235579209700013,468545.0,463234.0833333333,False,일반 구간
2018,용문,12,1109,239286,244457,대전교통공사_역별 수송실적_20181231.csv,2018-12-01,False,483743,-0.12326051946979222,1.7892012456864004,486520.3333333333,463942.6666666667,False,일반 구간
2019,용문,1,1109,241517,245818,대전교통공사_역별 수송실적_20191231.csv,2019-01-01,False,487335,0.7425430445505254,4.544001647527751,485139.3333333333,465707.8333333333,False,일반 구간
2019,용문,2,1109,203837,208303,대전교통공사_역별 수송실적_20191231.csv,2019-02-01,False,412140,-15.429837791252421,2.196224487518683,461072.6666666667,466445.9166666667,True,일반 구간
2019,용문,3,1109,241409,247369,대전교통공사_역별 수송실적_20191231.csv,2019-03-01,False,488778,18.595137574610575,0.8858873115012544,462751.0,466803.5833333333,False,일반 구간
2019,용문,4,1109,237791,244390,대전교통공사_역별 수송실적_20191231.csv,2019-04-01,False,482181,-1.3496924984348735,2.8034334544338124,461033.0,467899.3333333333,False,일반 구간
2019,용문,5,1109,245081,249378,대전교통공사_역별 수송실적_20191231.csv,2019-05-01,False,494459,2.546346703831137,1.0330954244252677,488472.6666666667,468320.6666666667,False,일반 구간
2019,용문,6,1109,223096,227074,대전교통공사_역별 수송실적_20191231.csv,2019-06-01,False,450170,-8.957062162889141,-3.0831598459388876,475603.3333333333,467127.25,False,일반 구간
2019,용문,7,1109,235597,238817,대전교통공사_역별 수송실적_20191231.csv,2019-07-01,False,474414,5.385521025390405,3.0192612538272767,473014.3333333333,468285.9166666667,False,일반 구간
2019,용문,8,1109,219135,221918,대전교통공사_역별 수송실적_20191231.csv,2019-08-01,False,441053,-7.032043742385341,0.10826735909355012,455212.3333333333,468325.6666666667,False,일반 구간
2019,용문,9,1109,208673,211227,대전교통공사_역별 수송실적_20191231.csv,2019-09-01,False,419900,-4.796022246759457,-2.3072609971220293,445122.3333333333,467499.25,False,일반 구간
2019,용문,10,1109,237810,241964,대전교통공사_역별 수송실적_20191231.csv,2019-10-01,False,479774,14.25910931174088,-2.38138838361025,446909.0,466523.9166666667,False,일반 구간
2019,용문,11,1109,230771,235463,대전교통공사_역별 수송실적_20191231.csv,2019-11-01,False,466234,-2.8221621013227116,-3.7382830243217535,455302.6666666667,465015.0833333333,False,일반 구간
2019,용문,12,1109,237114,242207,대전교통공사_역별 수송실적_20191231.csv,2019-12-01,False,479321,2.8069595953962967,-0.9141217547333991,475109.6666666667,464646.5833333333,False,일반 구간
2020,용문,1,1109,215117,219133,대전교통공사_역별 수송실적_20200531.csv,2020-01-01,False,434250,-9.403093125483753,-10.892917602880981,459935.0,460222.8333333333,False,일반 구간
2020,용문,2,1109,161984,163355,대전교통공사_역별 수송실적_20200531.csv,2020-02-01,False,325339,-25.080253310305125,-21.06104721696511,412970.0,452989.4166666667,True,팬데믹 구간
2020,용문,3,1109,97435,97672,대전교통공사_역별 수송실적_20200531.csv,2020-03-01,False,195107,-40.029630631433676,-60.08269602969036,318232.0,428516.8333333333,True,팬데믹 구간
2020,용문,4,1109,115539,115511,대전교통공사_역별 수송실적_20200531.csv,2020-04-01,False,231050,18.422199101006107,-52.082309340268495,250498.66666666666,407589.25,False,팬데믹 구간
2020,용문,5,1109,140200,140848,대전교통공사_역별 수송실적_20200531.csv,2020-05-01,False,281048,21.639471975762813,-43.16050471323204,235735.0,389805.0,False,팬데믹 구간
2020,용문,6,1109,134182,133865,대전교통공사_역별 수송실적_20211231.csv,2020-06-01,False,268047,-4.625900202100707,-40.4564942132972,260048.33333333334,374628.0833333333,False,팬데믹 구간
2020,용문,7,1109,130318,129474,대전교통공사_역별 수송실적_20211231.csv,2020-07-01,False,259792,-3.0796837867985816,-45.23939006858988,269629.0,356742.9166666667,False,팬데믹 구간
2020,용문,8,1109,125334,125672,대전교통공사_역별 수송실적_20211231.csv,2020-08-01,False,251006,-3.3819363182853945,-43.089379280948094,259615.0,340905.6666666667,False,팬데믹 구간
2020,용문,9,1109,122520,122180,대전교통공사_역별 수송실적_20211231.csv,2020-09-01,False,244700,-2.512290542855544,-41.72422005239342,251832.66666666666,326305.6666666667,False,팬데믹 구간
2020,용문,10,1109,137027,137480,대전교통공사_역별 수송실적_20211231.csv,2020-10-01,False,274507,12.181038005721302,-42.78410251493412,256737.66666666666,309200.0833333333,False,팬데믹 구간
2020,용문,11,1109,144824,145614,대전교통공사_역별 수송실적_20211231.csv,2020-11-01,False,290438,5.803494992841718,-37.705529841238516,269881.6666666667,294550.4166666667,False,팬데믹 구간
2020,용문,12,1109,127065,128585,대전교통공사_역별 수송실적_20211231.csv,2020-12-01,False,255650,-11.977771503728851,-46.66413530807121,273531.6666666667,275911.1666666667,False,팬데믹 구간
2021,용문,1,1109,123879,124844,대전교통공사_역별 수송실적_20211231.csv,2021-01-01,False,248723,-2.7095638568355174,-42.72354634427173,264937.0,260450.58333333334,False,팬데믹 구간
2021,용문,2,1109,119589,121112,대전교통공사_역별 수송실적_20211231.csv,2021-02-01,False,240701,-3.225274703183867,-26.01532555273115,248358.0,253397.41666666666,False,팬데믹 구간
2021,용문,3,1109,147914,148784,대전교통공사_역별 수송실적_20211231.csv,2021-03-01,False,296698,23.26413267913303,52.06937731603685,262040.66666666666,261863.33333333334,False,팬데믹 구간
2021,용문,4,1109,143171,143278,대전교통공사_역별 수송실적_20211231.csv,2021-04-01,False,286449,-3.454354259213077,23.977061242155372,274616.0,266479.9166666667,False,팬데믹 구간
2021,용문,5,1109,142045,142241,대전교통공사_역별 수송실적_20211231.csv,2021-05-01,False,284286,-0.7551082391629937,1.1521163644644394,289144.3333333333,266749.75,False,팬데믹 구간
2021,용문,6,1109,145306,145412,대전교통공사_역별 수송실적_20211231.csv,2021-06-01,False,290718,2.262510288934383,8.457845079407722,287151.0,268639.0,False,팬데믹 구간
2021,용문,7,1109,137127,137937,대전교통공사_역별 수송실적_20211231.csv,2021-07-01,False,275064,-5.384599508802346,5.878548993040589,283356.0,269911.6666666667,False,팬데믹 구간
2021,용문,8,1109,121572,121783,대전교통공사_역별 수송실적_20211231.csv,2021-08-01,False,243355,-11.527862606520667,-3.048134307546435,269712.3333333333,269274.0833333333,False,팬데믹 구간
2021,용문,9,1109,128139,128359,대전교통공사_역별 수송실적_20211231.csv,2021-09-01,False,256498,5.400751987836694,4.821413976297517,258305.66666666666,270257.25,False,팬데믹 구간
2021,용문,10,1109,144065,144624,대전교통공사_역별 수송실적_20211231.csv,2021-10-01,False,288689,12.550195323160418,5.166352770603311,262847.3333333333,271439.0833333333,False,팬데믹 구간
2021,용문,11,1109,152603,154477,대전교통공사_역별 수송실적_20211231.csv,2021-11-01,False,307080,6.370523296696451,5.729966464443348,284089.0,272825.9166666667,False,팬데믹 구간
2021,용문,12,1109,150764,152715,대전교통공사_역별 수송실적_20211231.csv,2021-12-01,False,303479,-1.172658590595288,18.70878153725797,299749.3333333333,276811.6666666667,False,팬데믹 구간
2022,용문,1,1109,140848,142419,대전교통공사_역별 수송실적_20221231.csv,2022-01-01,False,283267,-6.660098392310509,13.888542675988958,297942.0,279690.3333333333,False,팬데믹 구간
2022,용문,2,1109,118105,120236,대전교통공사_역별 수송실적_20221231.csv,2022-02-01,False,238341,-15.8599483879167,-0.9804695452033885,275029.0,279493.6666666667,False,팬데믹 구간
2022,용문,3,1109,137409,139263,대전교통공사_역별 수송실적_20221231.csv,2022-03-01,False,276672,16.082419726358445,-6.749624196994919,266093.3333333333,277824.8333333333,False,팬데믹 구간
2022,용문,4,1109,148264,149064,대전교통공사_역별 수송실적_20221231.csv,2022-04-01,False,297328,7.46588017580383,3.797883741957553,270780.3333333333,278731.4166666667,False,팬데믹 구간
2022,용문,5,1109,168884,170426,대전교통공사_역별 수송실적_20221231.csv,2022-05-01,False,339310,14.119759995694992,19.35515642697847,304436.6666666667,283316.75,False,일반 구간
2022,용문,6,1109,161892,162643,대전교통공사_역별 수송실적_20221231.csv,2022-06-01,False,324535,-4.354425156936137,11.632234674151576,320391.0,286134.8333333333,False,일반 구간
2022,용문,7,1109,159217,159691,대전교통공사_역별 수송실적_20221231.csv,2022-07-01,False,318908,-1.733865376615773,15.939563156210923,327584.3333333333,289788.5,False,일반 구간
2022,용문,8,1109,151711,151528,대전교통공사_역별 수송실적_20221231.csv,2022-08-01,False,303239,-4.9133292360179155,24.607671919623584,315560.6666666667,294778.8333333333,False,일반 구간
2022,용문,9,1109,156733,155575,대전교통공사_역별 수송실적_20221231.csv,2022-09-01,False,312308,2.9907102978179,21.758454256953264,311485.0,299429.6666666667,False,일반 구간
2022,용문,10,1109,168461,168085,대전교통공사_역별 수송실적_20221231.csv,2022-10-01,False,336546,7.76092831435633,16.577354869773366,317364.3333333333,303417.75,False,일반 구간
2022,용문,11,1109,170611,169961,대전교통공사_역별 수송실적_20221231.csv,2022-11-01,False,340572,1.1962703464013735,10.90660414224307,329808.6666666667,306208.75,False,일반 구간
2022,용문,12,1109,176728,178941,대전교통공사_역별 수송실적_20221231.csv,2022-12-01,False,355669,4.43283652208637,17.197236052576947,344262.3333333333,310557.9166666667,False,일반 구간
2023,용문,1,1109,160381,161936,대전교통공사_역별 수송실적_20231231.csv,2023-01-01,False,322317,-9.377258068597483,13.785580388820451,339519.3333333333,313812.0833333333,False,일반 구간
2023,용문,2,1109,165060,168183,대전교통공사_역별 수송실적_20231231.csv,2023-02-01,False,333243,3.3898305084745672,39.817740128639215,337076.3333333333,321720.5833333333,False,일반 구간
2023,용문,3,1109,189346,193099,대전교통공사_역별 수송실적_20231231.csv,2023-03-01,False,382445,14.764601206927086,38.23046784640296,346001.6666666667,330535.0,True,일반 구간
2023,용문,4,1109,180858,183242,대전교통공사_역별 수송실적_20231231.csv,2023-04-01,False,364100,-4.79676816274236,22.45735349512996,359929.3333333333,336099.3333333333,False,일반 구간
2023,용문,5,1109,189974,192650,대전교통공사_역별 수송실적_20231231.csv,2023-05-01,False,382624,5.087613293051363,12.765317850932778,376389.6666666667,339708.8333333333,False,일반 구간
2023,용문,6,1109,189405,191562,대전교통공사_역별 수송실적_20231231.csv,2023-06-01,False,380967,-0.43306222296563,17.388571340533375,375897.0,344411.5,False,일반 구간
2023,용문,7,1109,182753,185265,대전교통공사_역별 수송실적_20231231.csv,2023-07-01,False,368018,-3.398982064063294,15.399425539654077,377203.0,348504.0,False,일반 구간
2023,용문,8,1109,188854,192394,대전교통공사_역별 수송실적_20231231.csv,2023-08-01,False,381248,3.5949328565450633,25.72525301824633,376744.3333333333,355004.75,False,일반 구간
2023,용문,9,1109,177309,178557,대전교통공사_역별 수송실적_20231231.csv,2023-09-01,False,355866,-6.657608695652173,13.947129116128941,368377.3333333333,358634.5833333333,False,일반 구간
2023,용문,10,1109,186303,189251,대전교통공사_역별 수송실적_20231231.csv,2023-10-01,False,375554,5.532419506218633,11.590688939996308,370889.3333333333,361885.25,False,일반 구간
2023,용문,11,1109,185412,189618,대전교통공사_역별 수송실적_20231231.csv,2023-11-01,False,375030,-0.1395272051422647,10.117684366301404,368816.6666666667,364756.75,False,일반 구간
2023,용문,12,1109,189606,193613,대전교통공사_역별 수송실적_20231231.csv,2023-12-01,False,383219,2.183558648641437,7.745966052706299,377934.3333333333,367052.5833333333,False,일반 구간
2024,용문,1,1109,185461,189887,대전교통공사_역별 수송실적_20241231.csv,2024-01-01,False,375348,-2.0539169508818733,16.453057083554377,377865.6666666667,371471.8333333333,False,일반 구간
2024,용문,2,1109,166297,169379,대전교통공사_역별 수송실적_20241231.csv,2024-02-01,False,335676,-10.569391604590939,0.7300978565191185,364747.6666666667,371674.5833333333,True,일반 구간
2024,용문,3,1109,192309,196831,대전교통공사_역별 수송실적_20241231.csv,2024-03-01,False,389140,15.927263194270669,1.7505785145576436,366721.3333333333,372232.5,False,일반 구간
2024,용문,4,1109,189482,193947,대전교통공사_역별 수송실적_20241231.csv,2024-04-01,False,383429,-1.4675952099501455,5.308706399340846,369415.0,373843.25,False,일반 구간
2024,용문,5,1109,200124,205718,대전교통공사_역별 수송실적_20241231.csv,2024-05-01,False,405842,5.845410754011815,6.068098185163495,392803.6666666667,375778.0833333333,False,일반 구간
2024,용문,6,1109,188856,192496,대전교통공사_역별 수송실적_20241231.csv,2024-06-01,False,381352,-6.03436805456311,0.10105862187539394,390207.6666666667,375810.1666666667,False,일반 구간
2024,용문,7,1109,196687,199751,대전교통공사_역별 수송실적_20241231.csv,2024-07-01,False,396438,3.955925234429092,7.722448358504197,394544.0,378178.5,False,일반 구간
2024,용문,8,1109,186305,190920,대전교통공사_역별 수송실적_20241231.csv,2024-08-01,False,377225,-4.8464072566202,-1.0552186503273497,385005.0,377843.25,False,일반 구간
2024,용문,9,1109,167719,170378,대전교통공사_역별 수송실적_20241231.csv,2024-09-01,False,338097,-10.372589303466107,-4.993171587058054,370586.6666666667,376362.5,False,일반 구간
2024,용문,10,1109,191255,194199,대전교통공사_역별 수송실적_20241231.csv,2024-10-01,False,385454,14.006927006155045,2.6361055933367794,366925.3333333333,377187.5,False,일반 구간
2024,용문,11,1109,192777,195231,대전교통공사_역별 수송실적_20241231.csv,2024-11-01,False,388008,0.6625952772574717,3.460523158147355,370519.6666666667,378269.0,False,일반 구간
2024,용문,12,1109,198293,201753,대전교통공사_역별 수송실적_20241231.csv,2024-12-01,False,400046,3.1025133502402102,4.390961826005491,391169.3333333333,379671.25,False,일반 구간
2026,용문,1,1109,215076,216862,대전교통공사_역별 수송실적_20260731.csv,2026-01-01,False,431938,7.9720832104307915,15.076675511791727,406664.0,384387.0833333333,False,일반 구간
2026,용문,2,1109,188650,190274,대전교통공사_역별 수송실적_20260731.csv,2026-02-01,False,378924,-12.273520736772403,12.883852286133045,403636.0,387991.0833333333,False,일반 구간
2026,용문,3,1109,227485,229382,대전교통공사_역별 수송실적_20260731.csv,2026-03-01,False,456867,20.569560122874254,17.404276096006587,422576.3333333333,393635.0,True,일반 구간
2026,용문,4,1109,231011,231991,대전교통공사_역별 수송실적_20260731.csv,2026-04-01,False,463002,1.3428415709604735,20.752994687412784,432931.0,400266.0833333333,False,일반 구간
2026,용문,5,1109,227203,229547,대전교통공사_역별 수송실적_20260731.csv,2026-05-01,False,456750,-1.3503181411743337,12.543797832654091,458873.0,404508.4166666667,False,일반 구간
2026,용문,6,1109,221463,221917,대전교통공사_역별 수송실적_20260731.csv,2026-06-01,False,443380,-2.9272030651340986,16.26528771318887,454377.3333333333,409677.4166666667,False,일반 구간
2026,용문,7,1109,224801,227409,대전교통공사_역별 수송실적_20260731.csv,2026-07-01,False,452210,1.9915196896567178,14.068278015730073,450780.0,414325.0833333333,False,일반 구간
2015,월드컵경기장,1,1119,74805,68164,대전교통공사_역별 수송실적_20151231.csv,2015-01-01,False,142969,,,142969.0,142969.0,False,일반 구간
2015,월드컵경기장,2,1119,62855,57984,대전교통공사_역별 수송실적_20151231.csv,2015-02-01,False,120839,-15.478880036931086,,131904.0,131904.0,False,일반 구간
2015,월드컵경기장,3,1119,83261,81264,대전교통공사_역별 수송실적_20151231.csv,2015-03-01,False,164525,36.152235619295105,,142777.66666666666,142777.66666666666,False,일반 구간
2015,월드컵경기장,4,1119,76083,71244,대전교통공사_역별 수송실적_20151231.csv,2015-04-01,False,147327,-10.453122625740773,,144230.33333333334,143915.0,False,일반 구간
2015,월드컵경기장,5,1119,76890,72091,대전교통공사_역별 수송실적_20151231.csv,2015-05-01,False,148981,1.1226726940750886,,153611.0,144928.2,False,일반 구간
2015,월드컵경기장,6,1119,64666,60621,대전교통공사_역별 수송실적_20151231.csv,2015-06-01,False,125287,-15.904041454950635,,140531.66666666666,141654.66666666666,False,일반 구간
2015,월드컵경기장,7,1119,71756,66552,대전교통공사_역별 수송실적_20151231.csv,2015-07-01,False,138308,10.39293781477728,,137525.33333333334,141176.57142857142,False,일반 구간
2015,월드컵경기장,8,1119,72057,67096,대전교통공사_역별 수송실적_20151231.csv,2015-08-01,False,139153,0.6109552592763912,,134249.33333333334,140923.625,False,일반 구간
2015,월드컵경기장,9,1119,70750,65949,대전교통공사_역별 수송실적_20151231.csv,2015-09-01,False,136699,-1.7635264780493376,,138053.33333333334,140454.22222222222,False,일반 구간
2015,월드컵경기장,10,1119,80471,74922,대전교통공사_역별 수송실적_20151231.csv,2015-10-01,False,155393,13.67530120922611,,143748.33333333334,141948.1,False,일반 구간
2015,월드컵경기장,11,1119,74019,68276,대전교통공사_역별 수송실적_20151231.csv,2015-11-01,False,142295,-8.428951111053905,,144795.66666666666,141979.63636363635,False,일반 구간
2015,월드컵경기장,12,1119,78836,72779,대전교통공사_역별 수송실적_20151231.csv,2015-12-01,False,151615,6.549773358164379,,149767.66666666666,142782.58333333334,False,일반 구간
2016,월드컵경기장,1,1119,70602,64333,대전교통공사_역별 수송실적_20161231.csv,2016-01-01,False,134935,-11.001549978564128,-5.61940000979233,142948.33333333334,142113.08333333334,False,일반 구간
2016,월드컵경기장,2,1119,62871,57667,대전교통공사_역별 수송실적_20161231.csv,2016-02-01,False,120538,-10.669581650424275,-0.24909176673093558,135696.0,142088.0,False,일반 구간
2016,월드컵경기장,3,1119,75845,71036,대전교통공사_역별 수송실적_20161231.csv,2016-03-01,False,146881,21.854518906900733,-10.724206047713114,134118.0,140617.66666666666,False,일반 구간
2016,월드컵경기장,4,1119,74170,68001,대전교통공사_역별 수송실적_20161231.csv,2016-04-01,False,142171,-3.2066775144504733,-3.4996979508168935,136530.0,140188.0,False,일반 구간
2016,월드컵경기장,5,1119,75060,69386,대전교통공사_역별 수송실적_20161231.csv,2016-05-01,False,144446,1.6001856918780977,-3.0440123237191363,144499.33333333334,139810.08333333334,False,일반 구간
2016,월드컵경기장,6,1119,75970,70193,대전교통공사_역별 수송실적_20161231.csv,2016-06-01,False,146163,1.1886795065283895,16.66254280172723,144260.0,141549.75,False,일반 구간
2016,월드컵경기장,7,1119,71506,65556,대전교통공사_역별 수송실적_20161231.csv,2016-07-01,False,137062,-6.226610017583112,-0.9008878734418801,142557.0,141445.91666666666,False,일반 구간
2016,월드컵경기장,8,1119,70101,63818,대전교통공사_역별 수송실적_20161231.csv,2016-08-01,False,133919,-2.293122820329485,-3.7613274597026347,139048.0,141009.75,False,일반 구간
2016,월드컵경기장,9,1119,69067,64374,대전교통공사_역별 수송실적_20161231.csv,2016-09-01,False,133441,-0.35693217541946654,-2.3833385759954306,134807.33333333334,140738.25,False,일반 구간
2016,월드컵경기장,10,1119,76100,70270,대전교통공사_역별 수송실적_20161231.csv,2016-10-01,False,146370,9.688926192099888,-5.806567863417267,137910.0,139986.33333333334,False,일반 구간
2016,월드컵경기장,11,1119,75384,69152,대전교통공사_역별 수송실적_20161231.csv,2016-11-01,False,144536,-1.252989000478244,1.5748972205629208,141449.0,140173.08333333334,False,일반 구간
2016,월드컵경기장,12,1119,78987,72590,대전교통공사_역별 수송실적_20161231.csv,2016-12-01,False,151577,4.871450711241487,-0.025063483164589062,147494.33333333334,140169.91666666666,False,일반 구간
2017,월드컵경기장,1,1119,70217,64046,대전교통공사_역별 수송실적_20171231.csv,2017-01-01,False,134263,-11.422577303944525,-0.4980175640122986,143458.66666666666,140113.91666666666,False,일반 구간
2017,월드컵경기장,2,1119,67926,62225,대전교통공사_역별 수송실적_20171231.csv,2017-02-01,False,130151,-3.0626457028369747,7.9750783985133245,138663.66666666666,140915.0,False,일반 구간
2017,월드컵경기장,3,1119,76956,72298,대전교통공사_역별 수송실적_20171231.csv,2017-03-01,False,149254,14.677566826224918,1.6155935757518058,137889.33333333334,141112.75,False,일반 구간
2017,월드컵경기장,4,1119,73663,68515,대전교통공사_역별 수송실적_20171231.csv,2017-04-01,False,142178,-4.740911466359366,0.0049236482827064165,140527.66666666666,141113.33333333334,False,일반 구간
2017,월드컵경기장,5,1119,79531,73739,대전교통공사_역별 수송실적_20171231.csv,2017-05-01,False,153270,7.801488275260593,6.108857289229186,148234.0,141848.66666666666,False,일반 구간
2017,월드컵경기장,6,1119,80853,75378,대전교통공사_역별 수송실적_20171231.csv,2017-06-01,False,156231,1.9318849089841494,6.888200160095237,150559.66666666666,142687.66666666666,False,일반 구간
2017,월드컵경기장,7,1119,74804,69064,대전교통공사_역별 수송실적_20171231.csv,2017-07-01,False,143868,-7.913282255122223,4.965635989552175,151123.0,143254.83333333334,False,일반 구간
2017,월드컵경기장,8,1119,75962,71117,대전교통공사_역별 수송실적_20171231.csv,2017-08-01,False,147079,2.2319070258848495,9.826835624519292,149059.33333333334,144351.5,False,일반 구간
2017,월드컵경기장,9,1119,90864,85500,대전교통공사_역별 수송실적_20171231.csv,2017-09-01,False,176364,19.911068201442774,32.166275732346136,155770.33333333334,147928.41666666666,True,일반 구간
2017,월드컵경기장,10,1119,73486,67238,대전교통공사_역별 수송실적_20171231.csv,2017-10-01,False,140724,-20.208205756276787,-3.8573478171756492,154722.33333333334,147457.91666666666,False,일반 구간
2017,월드컵경기장,11,1119,81243,74125,대전교통공사_역별 수송실적_20171231.csv,2017-11-01,False,155368,10.406185156760749,7.494326672939611,157485.33333333334,148360.58333333334,False,일반 구간
2017,월드컵경기장,12,1119,83078,75033,대전교통공사_역별 수송실적_20171231.csv,2017-12-01,False,158111,1.7654858143246965,4.310680380268783,151401.0,148905.08333333334,False,일반 구간
2018,월드컵경기장,1,1119,80709,71854,대전교통공사_역별 수송실적_20181231.csv,2018-01-01,False,152563,-3.5089272726122833,13.629965068559468,155347.33333333334,150430.08333333334,False,일반 구간
2018,월드컵경기장,2,1119,70138,62905,대전교통공사_역별 수송실적_20181231.csv,2018-02-01,False,133043,-12.794714314742105,2.2220344061897324,147905.66666666666,150671.08333333334,False,일반 구간
2018,월드컵경기장,3,1119,84570,76405,대전교통공사_역별 수송실적_20181231.csv,2018-03-01,False,160975,20.994715994077097,7.8530558644994475,148860.33333333334,151647.83333333334,False,일반 구간
2018,월드컵경기장,4,1119,82909,74895,대전교통공사_역별 수송실적_20181231.csv,2018-04-01,False,157804,-1.9698710979965783,10.990448592609269,150607.33333333334,152950.0,False,일반 구간
2018,월드컵경기장,5,1119,86304,77233,대전교통공사_역별 수송실적_20181231.csv,2018-05-01,False,163537,3.6329877569643454,6.698636393292889,160772.0,153805.58333333334,False,일반 구간
2018,월드컵경기장,6,1119,87576,79120,대전교통공사_역별 수송실적_20181231.csv,2018-06-01,False,166696,1.9316729547441902,6.698414527206498,162679.0,154677.66666666666,False,일반 구간
2018,월드컵경기장,7,1119,82971,73565,대전교통공사_역별 수송실적_20181231.csv,2018-07-01,False,156536,-6.09492729279647,8.805293741485244,162256.33333333334,155733.33333333334,False,일반 구간
2018,월드컵경기장,8,1119,83201,74061,대전교통공사_역별 수송실적_20181231.csv,2018-08-01,False,157262,0.4637910768130027,6.923490097158669,160164.66666666666,156581.91666666666,False,일반 구간
2018,월드컵경기장,9,1119,80310,72179,대전교통공사_역별 수송실적_20181231.csv,2018-09-01,False,152489,-3.035062507153663,-13.537343221972742,155429.0,154592.33333333334,False,일반 구간
2018,월드컵경기장,10,1119,88554,80409,대전교통공사_역별 수송실적_20181231.csv,2018-10-01,False,168963,10.803402212618618,20.066939541229644,159571.33333333334,156945.58333333334,False,일반 구간
2018,월드컵경기장,11,1119,86833,78433,대전교통공사_역별 수송실적_20181231.csv,2018-11-01,False,165266,-2.18805300568764,6.370681221358332,162239.33333333334,157770.41666666666,False,일반 구간
2018,월드컵경기장,12,1119,85903,76833,대전교통공사_역별 수송실적_20181231.csv,2018-12-01,False,162736,-1.5308653927607607,2.925160172284036,165655.0,158155.83333333334,False,일반 구간
2019,월드컵경기장,1,1119,84298,75279,대전교통공사_역별 수송실적_20191231.csv,2019-01-01,False,159577,-1.9411808081801207,4.597444989938593,162526.33333333334,158740.33333333334,False,일반 구간
2019,월드컵경기장,2,1119,70848,63063,대전교통공사_역별 수송실적_20191231.csv,2019-02-01,False,133911,-16.08377147082599,0.652420645956564,152074.66666666666,158812.66666666666,True,일반 구간
2019,월드컵경기장,3,1119,85121,76378,대전교통공사_역별 수송실적_20191231.csv,2019-03-01,False,161499,20.60174294867487,0.32551638453175435,151662.33333333334,158856.33333333334,False,일반 구간
2019,월드컵경기장,4,1119,84046,75878,대전교통공사_역별 수송실적_20191231.csv,2019-04-01,False,159924,-0.9752382367692713,1.3434386961040268,151778.0,159033.0,False,일반 구간
2019,월드컵경기장,5,1119,89866,80740,대전교통공사_역별 수송실적_20191231.csv,2019-05-01,False,170606,6.679422725794759,4.3225692045225195,164009.66666666666,159622.08333333334,False,일반 구간
2019,월드컵경기장,6,1119,85197,77067,대전교통공사_역별 수송실적_20191231.csv,2019-06-01,False,162264,-4.889628735214469,-2.658732063156888,164264.66666666666,159252.75,False,일반 구간
2019,월드컵경기장,7,1119,86009,77778,대전교통공사_역별 수송실적_20191231.csv,2019-07-01,False,163787,0.9385938963664131,4.632161291971171,165552.33333333334,159857.0,False,일반 구간
2019,월드컵경기장,8,1119,82110,74607,대전교통공사_역별 수송실적_20191231.csv,2019-08-01,False,156717,-4.316581902104566,-0.3465554297923168,160922.66666666666,159811.58333333334,False,일반 구간
2019,월드컵경기장,9,1119,79255,72019,대전교통공사_역별 수송실적_20191231.csv,2019-09-01,False,151274,-3.473139480720022,-0.7967787840434393,157259.33333333334,159710.33333333334,False,일반 구간
2019,월드컵경기장,10,1119,85848,77291,대전교통공사_역별 수송실적_20191231.csv,2019-10-01,False,163139,7.843383529225112,-3.4469084947592044,157043.33333333334,159225.0,False,일반 구간
2019,월드컵경기장,11,1119,86183,77276,대전교통공사_역별 수송실적_20191231.csv,2019-11-01,False,163459,0.19615174789595624,-1.0933888398097613,159290.66666666666,159074.41666666666,False,일반 구간
2019,월드컵경기장,12,1119,87842,78878,대전교통공사_역별 수송실적_20191231.csv,2019-12-01,False,166720,1.9949956869918406,2.448136859699135,164439.33333333334,159406.41666666666,False,일반 구간
2020,월드컵경기장,1,1119,78014,69632,대전교통공사_역별 수송실적_20200531.csv,2020-01-01,False,147646,-11.440738963531672,-7.476641370623582,159275.0,158412.16666666666,False,일반 구간
2020,월드컵경기장,2,1119,60104,53613,대전교통공사_역별 수송실적_20200531.csv,2020-02-01,False,113717,-22.979965593378758,-15.080165184338856,142694.33333333334,156729.33333333334,True,팬데믹 구간
2020,월드컵경기장,3,1119,41544,37440,대전교통공사_역별 수송실적_20200531.csv,2020-03-01,False,78984,-30.543366427183273,-51.09319562350232,113449.0,149853.08333333334,True,팬데믹 구간
2020,월드컵경기장,4,1119,48933,43818,대전교통공사_역별 수송실적_20200531.csv,2020-04-01,False,92751,17.43011242783348,-42.003076461319125,95150.66666666667,144255.33333333334,False,팬데믹 구간
2020,월드컵경기장,5,1119,59232,53035,대전교통공사_역별 수송실적_20200531.csv,2020-05-01,False,112267,21.04128257377278,-34.19516312439187,94667.33333333333,139393.75,False,팬데믹 구간
2020,월드컵경기장,6,1119,60981,54938,대전교통공사_역별 수송실적_20211231.csv,2020-06-01,False,115919,3.252959462709426,-28.561480057190746,106979.0,135531.66666666666,False,팬데믹 구간
2020,월드컵경기장,7,1119,59033,51973,대전교통공사_역별 수송실적_20211231.csv,2020-07-01,False,111006,-4.238304333198184,-32.22539029349094,113064.0,131133.25,False,팬데믹 구간
2020,월드컵경기장,8,1119,55713,49861,대전교통공사_역별 수송실적_20211231.csv,2020-08-01,False,105574,-4.893429184008069,-32.63398354996586,110833.0,126871.33333333333,False,팬데믹 구간
2020,월드컵경기장,9,1119,54150,49059,대전교통공사_역별 수송실적_20211231.csv,2020-09-01,False,103209,-2.2401348816943556,-31.77347065589592,106596.33333333333,122865.91666666667,False,팬데믹 구간
2020,월드컵경기장,10,1119,59474,53408,대전교통공사_역별 수송실적_20211231.csv,2020-10-01,False,112882,9.372244668585106,-30.806244981273633,107221.66666666667,118677.83333333333,False,팬데믹 구간
2020,월드컵경기장,11,1119,64803,58354,대전교통공사_역별 수송실적_20211231.csv,2020-11-01,False,123157,9.10242554171612,-24.655724065361962,113082.66666666667,115319.33333333333,False,팬데믹 구간
2020,월드컵경기장,12,1119,56012,50391,대전교통공사_역별 수송실적_20211231.csv,2020-12-01,False,106403,-13.603774044512285,-36.17862284069098,114147.33333333333,110292.91666666667,False,팬데믹 구간
2021,월드컵경기장,1,1119,54857,49598,대전교통공사_역별 수송실적_20211231.csv,2021-01-01,False,104455,-1.830775448060673,-29.253078308928117,111338.33333333333,106693.66666666667,False,팬데믹 구간
2021,월드컵경기장,2,1119,52762,46898,대전교통공사_역별 수송실적_20211231.csv,2021-02-01,False,99660,-4.590493513953375,-12.36138835882058,103506.0,105522.25,False,팬데믹 구간
2021,월드컵경기장,3,1119,65731,58802,대전교통공사_역별 수송실적_20211231.csv,2021-03-01,False,124533,24.9578567128236,57.6686417502279,109549.33333333333,109318.0,False,팬데믹 구간
2021,월드컵경기장,4,1119,63280,56947,대전교통공사_역별 수송실적_20211231.csv,2021-04-01,False,120227,-3.457718034577184,29.62340028678936,114806.66666666667,111607.66666666667,False,팬데믹 구간
2021,월드컵경기장,5,1119,61921,55583,대전교통공사_역별 수송실적_20211231.csv,2021-05-01,False,117504,-2.2648822643832056,4.664772373003645,120754.66666666667,112044.08333333333,False,팬데믹 구간
2021,월드컵경기장,6,1119,65169,58357,대전교통공사_역별 수송실적_20211231.csv,2021-06-01,False,123526,5.124931917211328,6.562340944970191,120419.0,112678.0,False,팬데믹 구간
2021,월드컵경기장,7,1119,60901,54283,대전교통공사_역별 수송실적_20211231.csv,2021-07-01,False,115184,-6.753234136942831,3.7637605174495103,118738.0,113026.16666666667,False,팬데믹 구간
2021,월드컵경기장,8,1119,54463,49033,대전교통공사_역별 수송실적_20211231.csv,2021-08-01,False,103496,-10.147242672593414,-1.9682876465796473,114068.66666666667,112853.0,False,팬데믹 구간
2021,월드컵경기장,9,1119,59507,53280,대전교통공사_역별 수송실적_20211231.csv,2021-09-01,False,112787,8.97715853752803,9.280198432307252,110489.0,113651.16666666667,False,팬데믹 구간
2021,월드컵경기장,10,1119,65309,58788,대전교통공사_역별 수송실적_20211231.csv,2021-10-01,False,124097,10.027751425252918,9.935153523148067,113460.0,114585.75,False,팬데믹 구간
2021,월드컵경기장,11,1119,70205,62822,대전교통공사_역별 수송실적_20211231.csv,2021-11-01,False,133027,7.195983786876403,8.014160786638191,123303.66666666667,115408.25,False,팬데믹 구간
2021,월드컵경기장,12,1119,69901,62424,대전교통공사_역별 수송실적_20211231.csv,2021-12-01,False,132325,-0.5277124192832994,24.362095053710895,129816.33333333333,117568.41666666667,False,팬데믹 구간
2022,월드컵경기장,1,1119,63818,57261,대전교통공사_역별 수송실적_20221231.csv,2022-01-01,False,121079,-8.498771962969965,15.914987315111762,128810.33333333333,118953.75,False,팬데믹 구간
2022,월드컵경기장,2,1119,52909,47176,대전교통공사_역별 수송실적_20221231.csv,2022-02-01,False,100085,-17.33909265851221,0.4264499297611968,117829.66666666667,118989.16666666667,False,팬데믹 구간
2022,월드컵경기장,3,1119,62434,55874,대전교통공사_역별 수송실적_20221231.csv,2022-03-01,False,118308,18.207523604935805,-4.9986750499867565,113157.33333333333,118470.41666666667,False,팬데믹 구간
2022,월드컵경기장,4,1119,67213,60348,대전교통공사_역별 수송실적_20221231.csv,2022-04-01,False,127561,7.821110998410918,6.100127259267896,115318.0,119081.58333333333,False,팬데믹 구간
2022,월드컵경기장,5,1119,76243,68150,대전교통공사_역별 수송실적_20221231.csv,2022-05-01,False,144393,13.195255603201606,22.883476307189543,130087.33333333333,121322.33333333333,False,일반 구간
2022,월드컵경기장,6,1119,82532,75666,대전교통공사_역별 수송실적_20221231.csv,2022-06-01,False,158198,9.560712776935176,28.068584751388382,143384.0,124211.66666666667,True,일반 구간
2022,월드컵경기장,7,1119,72427,63952,대전교통공사_역별 수송실적_20221231.csv,2022-07-01,False,136379,-13.792209762449591,18.400993193499104,146323.33333333334,125977.91666666667,False,일반 구간
2022,월드컵경기장,8,1119,69600,61502,대전교통공사_역별 수송실적_20221231.csv,2022-08-01,False,131102,-3.8693640516501815,26.6734946278117,141893.0,128278.41666666667,False,일반 구간
2022,월드컵경기장,9,1119,70639,62676,대전교통공사_역별 수송실적_20221231.csv,2022-09-01,False,133315,1.687998657533818,18.200679156285737,133598.66666666666,129989.08333333333,False,일반 구간
2022,월드컵경기장,10,1119,78864,71452,대전교통공사_역별 수송실적_20221231.csv,2022-10-01,False,150316,12.752503469227028,21.12782742532051,138244.33333333334,132174.0,False,일반 구간
2022,월드컵경기장,11,1119,75367,67353,대전교통공사_역별 수송실적_20221231.csv,2022-11-01,False,142720,-5.0533542670108345,7.286490712411764,142117.0,132981.75,False,일반 구간
2022,월드컵경기장,12,1119,79554,71080,대전교통공사_역별 수송실적_20221231.csv,2022-12-01,False,150634,5.5451233183856585,13.836387681843942,147890.0,134507.5,False,일반 구간
2023,월드컵경기장,1,1119,69527,61469,대전교통공사_역별 수송실적_20231231.csv,2023-01-01,False,130996,-13.036897380405488,8.190520238852317,141450.0,135333.91666666666,False,일반 구간
2023,월드컵경기장,2,1119,71369,63822,대전교통공사_역별 수송실적_20231231.csv,2023-02-01,False,135191,3.202387859171263,35.076185242543836,138940.33333333334,138259.41666666666,False,일반 구간
2023,월드컵경기장,3,1119,79998,71638,대전교통공사_역별 수송실적_20231231.csv,2023-03-01,False,151636,12.164271290248617,28.170537917976812,139274.33333333334,141036.75,False,일반 구간
2023,월드컵경기장,4,1119,80552,73690,대전교통공사_역별 수송실적_20231231.csv,2023-04-01,False,154242,1.7185892532116442,20.916267511229925,147023.0,143260.16666666666,False,일반 구간
2023,월드컵경기장,5,1119,80325,73318,대전교통공사_역별 수송실적_20231231.csv,2023-05-01,False,153643,-0.388350773459889,6.406127720872901,153173.66666666666,144031.0,False,일반 구간
2023,월드컵경기장,6,1119,87695,82967,대전교통공사_역별 수송실적_20231231.csv,2023-06-01,False,170662,11.076977148324364,7.878734244427865,159515.66666666666,145069.66666666666,True,일반 구간
2023,월드컵경기장,7,1119,80133,72876,대전교통공사_역별 수송실적_20231231.csv,2023-07-01,False,153009,-10.343837526807375,12.193959480565187,159104.66666666666,146455.5,False,일반 구간
2023,월드컵경기장,8,1119,76218,67919,대전교통공사_역별 수송실적_20231231.csv,2023-08-01,False,144137,-5.79835173094393,9.942640081768396,155936.0,147541.75,False,일반 구간
2023,월드컵경기장,9,1119,76883,69304,대전교통공사_역별 수송실적_20231231.csv,2023-09-01,False,146187,1.4222579906616684,9.655327607546038,147777.66666666666,148614.41666666666,False,일반 구간
2023,월드컵경기장,10,1119,79986,72411,대전교통공사_역별 수송실적_20231231.csv,2023-10-01,False,152397,4.247983746844786,1.384416828547863,147573.66666666666,148787.83333333334,False,일반 구간
2023,월드컵경기장,11,1119,79675,71513,대전교통공사_역별 수송실적_20231231.csv,2023-11-01,False,151188,-0.7933227032028145,5.933295964125551,149924.0,149493.5,False,일반 구간
2023,월드컵경기장,12,1119,80814,71997,대전교통공사_역별 수송실적_20231231.csv,2023-12-01,False,152811,1.0734978966584707,1.4452248496355402,152132.0,149674.91666666666,False,일반 구간
2024,월드컵경기장,1,1119,76417,67793,대전교통공사_역별 수송실적_20241231.csv,2024-01-01,False,144210,-5.628521506959583,10.087330910867509,149403.0,150776.08333333334,False,일반 구간
2024,월드컵경기장,2,1119,68610,60257,대전교통공사_역별 수송실적_20241231.csv,2024-02-01,False,128867,-10.639345399070798,-4.677826186654432,141962.66666666666,150249.08333333334,True,일반 구간
2024,월드컵경기장,3,1119,79709,71877,대전교통공사_역별 수송실적_20241231.csv,2024-03-01,False,151586,17.629804371949366,-0.032973700176741616,141554.33333333334,150244.91666666666,False,일반 구간
2024,월드컵경기장,4,1119,84230,76189,대전교통공사_역별 수송실적_20241231.csv,2024-04-01,False,160419,5.827055268956238,4.004745789084696,146957.33333333334,150759.66666666666,False,일반 구간
2024,월드컵경기장,5,1119,82323,74069,대전교통공사_역별 수송실적_20241231.csv,2024-05-01,False,156392,-2.5103011488664007,1.789212655311334,156132.33333333334,150988.75,False,일반 구간
2024,월드컵경기장,6,1119,78974,70941,대전교통공사_역별 수송실적_20241231.csv,2024-06-01,False,149915,-4.141516190086447,-12.1567777243909,155575.33333333334,149259.83333333334,False,일반 구간
2024,월드컵경기장,7,1119,80181,71439,대전교통공사_역별 수송실적_20241231.csv,2024-07-01,False,151620,1.1373111429810123,-0.9077897378585553,152642.33333333334,149144.08333333334,False,일반 구간
2024,월드컵경기장,8,1119,73285,64654,대전교통공사_역별 수송실적_20241231.csv,2024-08-01,False,137939,-9.023215934573269,-4.300075622498046,146491.33333333334,148627.58333333334,False,일반 구간
2024,월드컵경기장,9,1119,74033,67302,대전교통공사_역별 수송실적_20241231.csv,2024-09-01,False,141335,2.4619578219357896,-3.31903657643976,143631.33333333334,148223.25,False,일반 구간
2024,월드컵경기장,10,1119,84869,77021,대전교통공사_역별 수송실적_20241231.csv,2024-10-01,False,161890,14.543460572398903,6.229125245247613,147054.66666666666,149014.33333333334,False,일반 구간
2024,월드컵경기장,11,1119,79800,71833,대전교통공사_역별 수송실적_20241231.csv,2024-11-01,False,151633,-6.335783556736052,0.2943355292748029,151619.33333333334,149051.41666666666,False,일반 구간
2024,월드컵경기장,12,1119,79814,72398,대전교통공사_역별 수송실적_20241231.csv,2024-12-01,False,152212,0.3818430025126496,-0.3919874878117402,155245.0,149001.5,False,일반 구간
2026,월드컵경기장,1,1119,74215,66672,대전교통공사_역별 수송실적_20260731.csv,2026-01-01,False,140887,-7.440280661183085,-2.304278482768185,148244.0,148724.58333333334,False,일반 구간
2026,월드컵경기장,2,1119,66523,59368,대전교통공사_역별 수송실적_20260731.csv,2026-02-01,False,125891,-10.643991283794819,-2.309357709886939,139663.33333333334,148476.58333333334,True,일반 구간
2026,월드컵경기장,3,1119,85538,77281,대전교통공사_역별 수송실적_20260731.csv,2026-03-01,False,162819,29.333312150987755,7.410314936735585,143199.0,149412.66666666666,False,일반 구간
2026,월드컵경기장,4,1119,86090,77264,대전교통공사_역별 수송실적_20260731.csv,2026-04-01,False,163354,0.3285857301666306,1.829583777482724,150688.0,149657.25,False,일반 구간
2026,월드컵경기장,5,1119,85389,76985,대전교통공사_역별 수송실적_20260731.csv,2026-05-01,False,162374,-0.599924091237436,3.8250038365133854,162849.0,150155.75,False,일반 구간
2026,월드컵경기장,6,1119,81032,73259,대전교통공사_역별 수송실적_20260731.csv,2026-06-01,False,154291,-4.978013721408603,2.918987426208175,160006.33333333334,150520.41666666666,False,일반 구간
2026,월드컵경기장,7,1119,79608,71758,대전교통공사_역별 수송실적_20260731.csv,2026-07-01,False,151366,-1.895768385712715,-0.16752407334125197,156010.33333333334,150499.25,False,일반 구간
2015,월평,1,1114,127089,127454,대전교통공사_역별 수송실적_20151231.csv,2015-01-01,False,254543,,,254543.0,254543.0,False,일반 구간
2015,월평,2,1114,107032,107703,대전교통공사_역별 수송실적_20151231.csv,2015-02-01,False,214735,-15.639007947576633,,234639.0,234639.0,False,일반 구간
2015,월평,3,1114,133727,135359,대전교통공사_역별 수송실적_20151231.csv,2015-03-01,False,269086,25.31073183225836,,246121.33333333334,246121.33333333334,False,일반 구간
2015,월평,4,1114,129564,130619,대전교통공사_역별 수송실적_20151231.csv,2015-04-01,False,260183,-3.3086076570315814,,248001.33333333334,249636.75,False,일반 구간
2015,월평,5,1114,134787,136242,대전교통공사_역별 수송실적_20151231.csv,2015-05-01,False,271029,4.168604405360843,,266766.0,253915.2,False,일반 구간
2015,월평,6,1114,107483,108160,대전교통공사_역별 수송실적_20151231.csv,2015-06-01,False,215643,-20.435451556844477,,248951.66666666666,247536.5,False,일반 구간
2015,월평,7,1114,118653,119459,대전교통공사_역별 수송실적_20151231.csv,2015-07-01,False,238112,10.419535992357742,,241594.66666666666,246190.14285714287,False,일반 구간
2015,월평,8,1114,115531,118290,대전교통공사_역별 수송실적_20151231.csv,2015-08-01,False,233821,-1.8020931326434564,,229192.0,244644.0,False,일반 구간
2015,월평,9,1114,119221,122414,대전교통공사_역별 수송실적_20151231.csv,2015-09-01,False,241635,3.3418726290624035,,237856.0,244309.66666666666,False,일반 구간
2015,월평,10,1114,131450,132780,대전교통공사_역별 수송실적_20151231.csv,2015-10-01,False,264230,9.35088046019823,,246562.0,246301.7,False,일반 구간
2015,월평,11,1114,124736,126776,대전교통공사_역별 수송실적_20151231.csv,2015-11-01,False,251512,-4.813230897324305,,252459.0,246775.36363636365,False,일반 구간
2015,월평,12,1114,128357,128383,대전교통공사_역별 수송실적_20151231.csv,2015-12-01,False,256740,2.078628455103537,,257494.0,247605.75,False,일반 구간
2016,월평,1,1114,119586,120921,대전교통공사_역별 수송실적_20161231.csv,2016-01-01,False,240507,-6.322738957700402,-5.514196029747431,249586.33333333334,246436.08333333334,False,일반 구간
2016,월평,2,1114,107472,108235,대전교통공사_역별 수송실적_20161231.csv,2016-02-01,False,215707,-10.311550183570539,0.4526509418585789,237651.33333333334,246517.08333333334,False,일반 구간
2016,월평,3,1114,129122,132421,대전교통공사_역별 수송실적_20161231.csv,2016-03-01,False,261543,21.249194509218515,-2.803193031224216,239252.33333333334,245888.5,False,일반 구간
2016,월평,4,1114,127436,127994,대전교통공사_역별 수송실적_20161231.csv,2016-04-01,False,255430,-2.3372829706778564,-1.8267911431569361,244226.66666666666,245492.41666666666,False,일반 구간
2016,월평,5,1114,128766,130565,대전교통공사_역별 수송실적_20161231.csv,2016-05-01,False,259331,1.527228594918384,-4.316143290939345,258768.0,244517.58333333334,False,일반 구간
2016,월평,6,1114,119019,119690,대전교통공사_역별 수송실적_20161231.csv,2016-06-01,False,238709,-7.951999568119506,10.696382446914576,251156.66666666666,246439.75,False,일반 구간
2016,월평,7,1114,118861,120200,대전교통공사_역별 수송실적_20161231.csv,2016-07-01,False,239061,0.14745987792668114,0.3985519419432926,245700.33333333334,246518.83333333334,False,일반 구간
2016,월평,8,1114,113451,115772,대전교통공사_역별 수송실적_20161231.csv,2016-08-01,False,229223,-4.115267651352584,-1.966461523986296,235664.33333333334,246135.66666666666,False,일반 구간
2016,월평,9,1114,114402,116842,대전교통공사_역별 수송실적_20161231.csv,2016-09-01,False,231244,0.8816741775476311,-4.300287623895549,233176.0,245269.75,False,일반 구간
2016,월평,10,1114,127531,128915,대전교통공사_역별 수송실적_20161231.csv,2016-10-01,False,256446,10.898444932625285,-2.9459183287287583,238971.0,244621.08333333334,False,일반 구간
2016,월평,11,1114,121931,122000,대전교통공사_역별 수송실적_20161231.csv,2016-11-01,False,243931,-4.880169704343218,-3.0141702980374663,243873.66666666666,243989.33333333334,False,일반 구간
2016,월평,12,1114,125843,124627,대전교통공사_역별 수송실적_20161231.csv,2016-12-01,False,250470,2.680676092829537,-2.4421593830334154,250282.33333333334,243466.83333333334,False,일반 구간
2017,월평,1,1114,113393,113190,대전교통공사_역별 수송실적_20171231.csv,2017-01-01,False,226583,-9.536870683115739,-5.789436482098232,240328.0,242306.5,False,일반 구간
2017,월평,2,1114,111380,110027,대전교통공사_역별 수송실적_20171231.csv,2017-02-01,False,221407,-2.2843726140089893,2.6424733550603374,232820.0,242781.5,False,일반 구간
2017,월평,3,1114,126850,126717,대전교통공사_역별 수송실적_20171231.csv,2017-03-01,False,253567,14.525286011734039,-3.049594139395817,233852.33333333334,242116.83333333334,False,일반 구간
2017,월평,4,1114,122417,122253,대전교통공사_역별 수송실적_20171231.csv,2017-04-01,False,244670,-3.508737335694312,-4.21250440433778,239881.33333333334,241220.16666666666,False,일반 구간
2017,월평,5,1114,122572,122581,대전교통공사_역별 수송실적_20171231.csv,2017-05-01,False,245153,0.1974087546491088,-5.467144305925631,247796.66666666666,240038.66666666666,False,일반 구간
2017,월평,6,1114,117804,116371,대전교통공사_역별 수송실적_20171231.csv,2017-06-01,False,234175,-4.478019848829096,-1.899383768521501,241332.66666666666,239660.83333333334,False,일반 구간
2017,월평,7,1114,115095,114017,대전교통공사_역별 수송실적_20171231.csv,2017-07-01,False,229112,-2.162058289740576,-4.161699315237533,236146.66666666666,238831.75,False,일반 구간
2017,월평,8,1114,111878,111524,대전교통공사_역별 수송실적_20171231.csv,2017-08-01,False,223402,-2.4922308739830257,-2.539448484663409,228896.33333333334,238346.66666666666,False,일반 구간
2017,월평,9,1114,121254,120192,대전교통공사_역별 수송실적_20171231.csv,2017-09-01,False,241446,8.07691963366488,4.411790143744265,231320.0,239196.83333333334,False,일반 구간
2017,월평,10,1114,114044,113713,대전교통공사_역별 수송실적_20171231.csv,2017-10-01,False,227757,-5.669590715936479,-11.187150511218736,230868.33333333334,236806.08333333334,False,일반 구간
2017,월평,11,1114,120889,119746,대전교통공사_역별 수송실적_20171231.csv,2017-11-01,False,240635,5.654271877483463,-1.351201774272237,236612.66666666666,236531.41666666666,False,일반 구간
2017,월평,12,1114,123603,122708,대전교통공사_역별 수송실적_20171231.csv,2017-12-01,False,246311,2.35875911650425,-1.66047830079451,238234.33333333334,236184.83333333334,False,일반 구간
2018,월평,1,1114,116077,115567,대전교통공사_역별 수송실적_20181231.csv,2018-01-01,False,231644,-5.954667067244257,2.2336185856838275,239530.0,236606.58333333334,False,일반 구간
2018,월평,2,1114,101236,100100,대전교통공사_역별 수송실적_20181231.csv,2018-02-01,False,201336,-13.083870076496694,-9.065205707136625,226430.33333333334,234934.0,True,일반 구간
2018,월평,3,1114,124028,124205,대전교통공사_역별 수송실적_20181231.csv,2018-03-01,False,248233,23.29290340525292,-2.103586034460325,227071.0,234489.5,False,일반 구간
2018,월평,4,1114,119456,120292,대전교통공사_역별 수송실적_20181231.csv,2018-04-01,False,239748,-3.418159551711497,-2.0116892140434106,229772.33333333334,234079.33333333334,False,일반 구간
2018,월평,5,1114,124932,124839,대전교통공사_역별 수송실적_20181231.csv,2018-05-01,False,249771,4.1806396716552285,1.883721594269705,245917.33333333334,234464.16666666666,False,일반 구간
2018,월평,6,1114,116383,116097,대전교통공사_역별 수송실적_20181231.csv,2018-06-01,False,232480,-6.922741230967566,-0.7238176577346045,240666.33333333334,234322.91666666666,False,일반 구간
2018,월평,7,1114,115310,114757,대전교통공사_역별 수송실적_20181231.csv,2018-07-01,False,230067,-1.0379387474191315,0.41682670484304296,237439.33333333334,234402.5,False,일반 구간
2018,월평,8,1114,109687,109951,대전교통공사_역별 수송실적_20181231.csv,2018-08-01,False,219638,-4.533027335515305,-1.6848551042515258,227395.0,234088.83333333334,False,일반 구간
2018,월평,9,1114,111065,112132,대전교통공사_역별 수송실적_20181231.csv,2018-09-01,False,223197,1.6203935566705185,-7.558211774061285,224300.66666666666,232568.08333333334,False,일반 구간
2018,월평,10,1114,124879,124122,대전교통공사_역별 수송실적_20181231.csv,2018-10-01,False,249001,11.561087290599792,9.327484994972712,230612.0,234338.41666666666,False,일반 구간
2018,월평,11,1114,122999,122308,대전교통공사_역별 수송실적_20181231.csv,2018-11-01,False,245307,-1.4835281786016896,1.941529702661704,239168.33333333334,234727.75,False,일반 구간
2018,월평,12,1114,121938,122609,대전교통공사_역별 수송실적_20181231.csv,2018-12-01,False,244547,-0.3098158633875081,-0.7161677716382986,246285.0,234580.75,False,일반 구간
2019,월평,1,1114,121073,120404,대전교통공사_역별 수송실적_20191231.csv,2019-01-01,False,241477,-1.2553824009290615,4.244875757628086,243777.0,235400.16666666666,False,일반 구간
2019,월평,2,1114,100303,100049,대전교통공사_역별 수송실적_20191231.csv,2019-02-01,False,200352,-17.03060746986256,-0.48873524853975114,228792.0,235318.16666666666,True,일반 구간
2019,월평,3,1114,123159,123643,대전교통공사_역별 수송실적_20191231.csv,2019-03-01,False,246802,23.18419581536495,-0.5764745219209333,229543.66666666666,235198.91666666666,False,일반 구간
2019,월평,4,1114,120282,120802,대전교통공사_역별 수송실적_20191231.csv,2019-04-01,False,241084,-2.316836978630643,0.5572517810367605,229412.66666666666,235310.25,False,일반 구간
2019,월평,5,1114,127845,126821,대전교통공사_역별 수송실적_20191231.csv,2019-05-01,False,254666,5.633721026696081,1.9597951723778984,247517.33333333334,235718.16666666666,False,일반 구간
2019,월평,6,1114,115361,115378,대전교통공사_역별 수송실적_20191231.csv,2019-06-01,False,230739,-9.39544344356923,-0.748881624225739,242163.0,235573.08333333334,False,일반 구간
2019,월평,7,1114,116514,115353,대전교통공사_역별 수송실적_20191231.csv,2019-07-01,False,231867,0.4888640411893963,0.7823807847279207,239090.66666666666,235723.08333333334,False,일반 구간
2019,월평,8,1114,110261,110668,대전교통공사_역별 수송실적_20191231.csv,2019-08-01,False,220929,-4.717359520759745,0.5877853559038027,227845.0,235830.66666666666,False,일반 구간
2019,월평,9,1114,112115,113111,대전교통공사_역별 수송실적_20191231.csv,2019-09-01,False,225226,1.9449687456151166,0.9090623977920931,226007.33333333334,235999.75,False,일반 구간
2019,월평,10,1114,127272,125905,대전교통공사_역별 수송실적_20191231.csv,2019-10-01,False,253177,12.410201308907487,1.6771016983867515,233110.66666666666,236347.75,False,일반 구간
2019,월평,11,1114,121832,120742,대전교통공사_역별 수송실적_20191231.csv,2019-11-01,False,242574,-4.18797916082424,-1.1141141508395624,240325.66666666666,236120.0,False,일반 구간
2019,월평,12,1114,125812,124756,대전교통공사_역별 수송실적_20191231.csv,2019-12-01,False,250568,3.2954892115395706,2.462103399346538,248773.0,236621.75,False,일반 구간
2020,월평,1,1114,112871,112888,대전교통공사_역별 수송실적_20200531.csv,2020-01-01,False,225759,-9.901104690143992,-6.5091085279343375,239633.66666666666,235311.91666666666,False,일반 구간
2020,월평,2,1114,85100,84009,대전교통공사_역별 수송실적_20200531.csv,2020-02-01,False,169109,-25.093130284949883,-15.594054464143102,215145.33333333334,232708.33333333334,True,팬데믹 구간
2020,월평,3,1114,52019,51219,대전교통공사_역별 수송실적_20200531.csv,2020-03-01,False,103238,-38.951800318138005,-58.169706890543836,166035.33333333334,220744.66666666666,True,팬데믹 구간
2020,월평,4,1114,63064,62184,대전교통공사_역별 수송실적_20200531.csv,2020-04-01,False,125248,21.319669114085894,-48.04798327553882,132531.66666666666,211091.66666666666,False,팬데믹 구간
2020,월평,5,1114,74847,74260,대전교통공사_역별 수송실적_20200531.csv,2020-05-01,False,149107,19.04940597853857,-41.44997761774245,125864.33333333333,202295.08333333334,False,팬데믹 구간
2020,월평,6,1114,72835,71479,대전교통공사_역별 수송실적_20211231.csv,2020-06-01,False,144314,-3.2144701456001346,-37.45574003527795,139556.33333333334,195093.0,False,팬데믹 구간
2020,월평,7,1114,72248,69889,대전교통공사_역별 수송실적_20211231.csv,2020-07-01,False,142137,-1.5085161522790602,-38.698909288514535,145186.0,187615.5,False,팬데믹 구간
2020,월평,8,1114,68898,68244,대전교통공사_역별 수송실적_20211231.csv,2020-08-01,False,137142,-3.5142151586145753,-37.92485368602583,141197.66666666666,180633.25,False,팬데믹 구간
2020,월평,9,1114,68327,66381,대전교통공사_역별 수송실적_20211231.csv,2020-09-01,False,134708,-1.7748027591839133,-40.18985374690311,137995.66666666666,173090.08333333334,False,팬데믹 구간
2020,월평,10,1114,74892,74432,대전교통공사_역별 수송실적_20211231.csv,2020-10-01,False,149324,10.850135107046356,-41.019918870987496,140391.33333333334,164435.66666666666,False,팬데믹 구간
2020,월평,11,1114,80699,79627,대전교통공사_역별 수송실적_20211231.csv,2020-11-01,False,160326,7.3678712062360985,-33.906354349600534,148119.33333333334,157581.66666666666,False,팬데믹 구간
2020,월평,12,1114,71526,71208,대전교통공사_역별 수송실적_20211231.csv,2020-12-01,False,142734,-10.972643239399726,-43.03582261102774,150794.66666666666,148595.5,False,팬데믹 구간
2021,월평,1,1114,70643,70540,대전교통공사_역별 수송실적_20211231.csv,2021-01-01,False,141183,-1.0866366808188643,-37.46295828737725,148081.0,141547.5,False,팬데믹 구간
2021,월평,2,1114,69008,68001,대전교통공사_역별 수송실적_20211231.csv,2021-02-01,False,137009,-2.956446597678186,-18.98184011495544,140308.66666666666,138872.5,False,팬데믹 구간
2021,월평,3,1114,85431,84648,대전교통공사_역별 수송실적_20211231.csv,2021-03-01,False,170079,24.13710048245006,64.74457079757454,149423.66666666666,144442.58333333334,True,팬데믹 구간
2021,월평,4,1114,80709,80411,대전교통공사_역별 수송실적_20211231.csv,2021-04-01,False,161120,-5.267552137536091,28.640776699029136,156069.33333333334,147431.91666666666,False,팬데믹 구간
2021,월평,5,1114,80695,80353,대전교통공사_역별 수송실적_20211231.csv,2021-05-01,False,161048,-0.0446871896722989,8.00834300200528,164082.33333333334,148427.0,False,팬데믹 구간
2021,월평,6,1114,79523,79033,대전교통공사_역별 수송실적_20211231.csv,2021-06-01,False,158556,-1.5473647608166496,9.868758401818267,160241.33333333334,149613.83333333334,False,팬데믹 구간
2021,월평,7,1114,74366,74975,대전교통공사_역별 수송실적_20211231.csv,2021-07-01,False,149341,-5.8118267362950675,5.068349550081974,156315.0,150214.16666666666,False,팬데믹 구간
2021,월평,8,1114,67858,68468,대전교통공사_역별 수송실적_20211231.csv,2021-08-01,False,136326,-8.714954366182093,-0.595003718773246,148074.33333333334,150146.16666666666,False,팬데믹 구간
2021,월평,9,1114,73882,73654,대전교통공사_역별 수송실적_20211231.csv,2021-09-01,False,147536,8.222936197057052,9.522819728598142,144401.0,151215.16666666666,False,팬데믹 구간
2021,월평,10,1114,82468,82031,대전교통공사_역별 수송실적_20211231.csv,2021-10-01,False,164499,11.497532805552545,10.162465511237318,149453.66666666666,152479.75,False,팬데믹 구간
2021,월평,11,1114,87229,86239,대전교통공사_역별 수송실적_20211231.csv,2021-11-01,False,173468,5.452312780016899,8.197048513653439,161834.33333333334,153574.91666666666,False,팬데믹 구간
2021,월평,12,1114,87011,86342,대전교통공사_역별 수송실적_20211231.csv,2021-12-01,False,173353,-0.06629464800423923,21.45179144422493,170440.0,156126.5,False,팬데믹 구간
2022,월평,1,1114,81332,80332,대전교통공사_역별 수송실적_20221231.csv,2022-01-01,False,161664,-6.7428887876183285,14.506704064936994,169495.0,157833.25,False,팬데믹 구간
2022,월평,2,1114,66201,67069,대전교통공사_역별 수송실적_20221231.csv,2022-02-01,False,133270,-17.563588677751383,-2.7290178017502553,156095.66666666666,157521.66666666666,False,팬데믹 구간
2022,월평,3,1114,79843,80434,대전교통공사_역별 수송실적_20221231.csv,2022-03-01,False,160277,20.264875816012594,-5.763204158067725,151737.0,156704.83333333334,False,팬데믹 구간
2022,월평,4,1114,87536,86478,대전교통공사_역별 수송실적_20221231.csv,2022-04-01,False,174014,8.570786825308673,8.002730883813314,155853.66666666666,157779.33333333334,False,팬데믹 구간
2022,월평,5,1114,97959,98749,대전교통공사_역별 수송실적_20221231.csv,2022-05-01,False,196708,13.041479421196001,22.142466842183705,176999.66666666666,160751.0,True,일반 구간
2022,월평,6,1114,92011,91316,대전교통공사_역별 수송실적_20221231.csv,2022-06-01,False,183327,-6.802468633710879,15.622871414516016,184683.0,162815.25,False,일반 구간
2022,월평,7,1114,91193,90629,대전교통공사_역별 수송실적_20221231.csv,2022-07-01,False,181822,-0.8209374505664724,21.749553036339652,187285.66666666666,165522.0,False,일반 구간
2022,월평,8,1114,86121,85961,대전교통공사_역별 수송실적_20221231.csv,2022-08-01,False,172082,-5.356887505362384,26.22830567903407,179077.0,168501.66666666666,False,일반 구간
2022,월평,9,1114,93274,93436,대전교통공사_역별 수송실적_20221231.csv,2022-09-01,False,186710,8.500598551853189,26.552163539746232,180204.66666666666,171766.16666666666,False,일반 구간
2022,월평,10,1114,100179,99850,대전교통공사_역별 수송실적_20221231.csv,2022-10-01,False,200029,7.13352257511648,21.598915494927027,186273.66666666666,174727.0,False,일반 구간
2022,월평,11,1114,97883,96946,대전교통공사_역별 수송실적_20221231.csv,2022-11-01,False,194829,-2.599623054657074,12.314086747988107,193856.0,176507.08333333334,False,일반 구간
2022,월평,12,1114,101189,99734,대전교통공사_역별 수송실적_20221231.csv,2022-12-01,False,200923,3.1278711074840038,15.903964742461918,198593.66666666666,178804.58333333334,False,일반 구간
2023,월평,1,1114,90923,91809,대전교통공사_역별 수송실적_20231231.csv,2023-01-01,False,182732,-9.053717095603787,13.031967537608868,192828.0,180560.25,False,일반 구간
2023,월평,2,1114,90190,89710,대전교통공사_역별 수송실적_20231231.csv,2023-02-01,False,179900,-1.5498106516647292,34.98911983192017,187851.66666666666,184446.08333333334,False,일반 구간
2023,월평,3,1114,105667,105488,대전교통공사_역별 수송실적_20231231.csv,2023-03-01,False,211155,17.373540856031134,31.743793557403755,191262.33333333334,188685.91666666666,False,일반 구간
2023,월평,4,1114,99054,99478,대전교통공사_역별 수송실적_20231231.csv,2023-04-01,False,198532,-5.978072979564775,14.089670946015831,196529.0,190729.08333333334,False,일반 구간
2023,월평,5,1114,102462,102481,대전교통공사_역별 수송실적_20231231.csv,2023-05-01,False,204943,3.2292023452138663,4.186408280293641,204876.66666666666,191415.33333333334,False,일반 구간
2023,월평,6,1114,98582,96424,대전교통공사_역별 수송실적_20231231.csv,2023-06-01,False,195006,-4.8486652386273255,6.370583711073663,199493.66666666666,192388.58333333334,False,일반 구간
2023,월평,7,1114,95386,94719,대전교통공사_역별 수송실적_20231231.csv,2023-07-01,False,190105,-2.513256002379416,4.555554333358991,196684.66666666666,193078.83333333334,False,일반 구간
2023,월평,8,1114,96725,95873,대전교통공사_역별 수송실적_20231231.csv,2023-08-01,False,192598,1.3113805528523814,11.92222312618403,192569.66666666666,194788.5,False,일반 구간
2023,월평,9,1114,97141,95771,대전교통공사_역별 수송실적_20231231.csv,2023-09-01,False,192912,0.1630338840486356,3.3217288843661263,191871.66666666666,195305.33333333334,False,일반 구간
2023,월평,10,1114,102180,103989,대전교통공사_역별 수송실적_20231231.csv,2023-10-01,False,206169,6.872045284896733,3.069554914537398,197226.33333333334,195817.0,False,일반 구간
2023,월평,11,1114,101376,101398,대전교통공사_역별 수송실적_20231231.csv,2023-11-01,False,202774,-1.6467073129325938,4.077935009675149,200618.33333333334,196479.08333333334,False,일반 구간
2023,월평,12,1114,103117,102141,대전교통공사_역별 수송실적_20231231.csv,2023-12-01,False,205258,1.2250091234576432,2.1575429393349665,204733.66666666666,196840.33333333334,False,일반 구간
2024,월평,1,1114,100937,100648,대전교통공사_역별 수송실적_20241231.csv,2024-01-01,False,201585,-1.7894552222081472,10.317295273953109,203205.66666666666,198411.41666666666,False,일반 구간
2024,월평,2,1114,92162,91661,대전교통공사_역별 수송실적_20241231.csv,2024-02-01,False,183823,-8.811171466130908,2.180655919955532,196888.66666666666,198738.33333333334,False,일반 구간
2024,월평,3,1114,105402,106204,대전교통공사_역별 수송실적_20241231.csv,2024-03-01,False,211606,15.113995528307122,0.21358717529775806,199004.66666666666,198775.91666666666,False,일반 구간
2024,월평,4,1114,103937,104849,대전교통공사_역별 수송실적_20241231.csv,2024-04-01,False,208786,-1.3326654253660086,5.16491044264904,201405.0,199630.41666666666,False,일반 구간
2024,월평,5,1114,107072,106854,대전교통공사_역별 수송실적_20241231.csv,2024-05-01,False,213926,2.4618508903853753,4.38316995457273,211439.33333333334,200379.0,False,일반 구간
2024,월평,6,1114,97483,97642,대전교통공사_역별 수송실적_20241231.csv,2024-06-01,False,195125,-8.788553051055036,0.06102376337138171,205945.66666666666,200388.91666666666,False,일반 구간
2024,월평,7,1114,99813,99336,대전교통공사_역별 수송실적_20241231.csv,2024-07-01,False,199149,2.0622677770659736,4.757370926593207,202733.33333333334,201142.58333333334,False,일반 구간
2024,월평,8,1114,96776,97672,대전교통공사_역별 수송실적_20241231.csv,2024-08-01,False,194448,-2.360544115210217,0.9605499537897577,196240.66666666666,201296.75,False,일반 구간
2024,월평,9,1114,93568,95596,대전교통공사_역별 수송실적_20241231.csv,2024-09-01,False,189164,-2.717436024026987,-1.9428547731608181,194253.66666666666,200984.41666666666,False,일반 구간
2024,월평,10,1114,103284,104021,대전교통공사_역별 수송실적_20241231.csv,2024-10-01,False,207305,9.590091137848633,0.5510042731933451,196972.33333333334,201079.08333333334,False,일반 구간
2024,월평,11,1114,104262,105763,대전교통공사_역별 수송실적_20241231.csv,2024-11-01,False,210025,1.3120764091555825,3.575902235986872,202164.66666666666,201683.33333333334,False,일반 구간
2024,월평,12,1114,102548,104201,대전교통공사_역별 수송실적_20241231.csv,2024-12-01,False,206749,-1.5598143078204951,0.7264028685848967,208026.33333333334,201807.58333333334,False,일반 구간
2026,월평,1,1114,100469,102363,대전교통공사_역별 수송실적_20260731.csv,2026-01-01,False,202832,-1.8945678092759821,0.618597613909766,206535.33333333334,201911.5,False,일반 구간
2026,월평,2,1114,90319,91903,대전교통공사_역별 수송실적_20260731.csv,2026-02-01,False,182222,-10.161118561173776,-0.8709465083259427,197267.66666666666,201778.08333333334,False,일반 구간
2026,월평,3,1114,112145,115205,대전교통공사_역별 수송실적_20260731.csv,2026-03-01,False,227350,24.765396055361034,7.440242715234913,204134.66666666666,203090.08333333334,True,일반 구간
2026,월평,4,1114,115369,116617,대전교통공사_역별 수송실적_20260731.csv,2026-04-01,False,231986,2.0391466901253485,11.111856158937861,213852.66666666666,205023.41666666666,False,일반 구간
2026,월평,5,1114,112882,116174,대전교통공사_역별 수송실적_20260731.csv,2026-05-01,False,229056,-1.2630072504375311,7.072539102306408,229464.0,206284.25,False,일반 구간
2026,월평,6,1114,104414,106689,대전교통공사_역별 수송실적_20260731.csv,2026-06-01,False,211103,-7.837821318804139,8.188597053171055,224048.33333333334,207615.75,False,일반 구간
2026,월평,7,1114,101855,102963,대전교통공사_역별 수송실적_20260731.csv,2026-07-01,False,204818,-2.977219651070806,2.8466123354875084,214992.33333333334,208088.16666666666,False,일반 구간
2015,유성온천,1,1116,283472,280853,대전교통공사_역별 수송실적_20151231.csv,2015-01-01,False,564325,,,564325.0,564325.0,False,일반 구간
2015,유성온천,2,1116,240865,238714,대전교통공사_역별 수송실적_20151231.csv,2015-02-01,False,479579,-15.017232977450934,,521952.0,521952.0,False,일반 구간
2015,유성온천,3,1116,301464,298042,대전교통공사_역별 수송실적_20151231.csv,2015-03-01,False,599506,25.006724648076762,,547803.3333333334,547803.3333333334,False,일반 구간
2015,유성온천,4,1116,288470,286147,대전교통공사_역별 수송실적_20151231.csv,2015-04-01,False,574617,-4.1515848048226385,,551234.0,554506.75,False,일반 구간
2015,유성온천,5,1116,302588,303999,대전교통공사_역별 수송실적_20151231.csv,2015-05-01,False,606587,5.563705911937866,,593570.0,564922.8,False,일반 구간
2015,유성온천,6,1116,226529,223823,대전교통공사_역별 수송실적_20151231.csv,2015-06-01,False,450352,-25.756404275066892,,543852.0,545827.6666666666,False,일반 구간
2015,유성온천,7,1116,257817,254990,대전교통공사_역별 수송실적_20151231.csv,2015-07-01,False,512807,13.868040999040755,,523248.6666666667,541110.4285714285,False,일반 구간
2015,유성온천,8,1116,250182,250171,대전교통공사_역별 수송실적_20151231.csv,2015-08-01,False,500353,-2.428593993451722,,487837.3333333333,536015.75,False,일반 구간
2015,유성온천,9,1116,263079,263694,대전교통공사_역별 수송실적_20151231.csv,2015-09-01,False,526773,5.2802721278777165,,513311.0,534988.7777777778,False,일반 구간
2015,유성온천,10,1116,285547,285150,대전교통공사_역별 수송실적_20151231.csv,2015-10-01,False,570697,8.338316504452582,,532607.6666666666,538559.6,False,일반 구간
2015,유성온천,11,1116,277960,279885,대전교통공사_역별 수송실적_20151231.csv,2015-11-01,False,557845,-2.251983101365518,,551771.6666666666,540312.8181818182,False,일반 구간
2015,유성온천,12,1116,301679,299179,대전교통공사_역별 수송실적_20151231.csv,2015-12-01,False,600858,7.71056476261327,,576466.6666666666,545358.25,False,일반 구간
2016,유성온천,1,1116,264979,266222,대전교통공사_역별 수송실적_20161231.csv,2016-01-01,False,531201,-11.592922121366446,-5.869667301643555,563301.3333333334,542597.9166666666,False,일반 구간
2016,유성온천,2,1116,244889,245091,대전교통공사_역별 수송실적_20161231.csv,2016-02-01,False,489980,-7.7599628012748445,2.1687771983343707,540679.6666666666,543464.6666666666,False,일반 구간
2016,유성온천,3,1116,295007,296283,대전교통공사_역별 수송실적_20161231.csv,2016-03-01,False,591290,20.67635413690354,-1.3704616801166303,537490.3333333334,542780.0,False,일반 구간
2016,유성온천,4,1116,280709,282775,대전교통공사_역별 수송실적_20161231.csv,2016-04-01,False,563484,-4.702599401309005,-1.9374644328309154,548251.3333333334,541852.25,False,일반 구간
2016,유성온천,5,1116,295493,301803,대전교통공사_역별 수송실적_20161231.csv,2016-05-01,False,597296,6.0005253032916706,-1.5316846552926422,584023.3333333334,541078.0,False,일반 구간
2016,유성온천,6,1116,269954,272529,대전교통공사_역별 수송실적_20161231.csv,2016-06-01,False,542483,-9.176857035707586,20.457553202828006,567754.3333333334,548755.5833333334,False,일반 구간
2016,유성온천,7,1116,261979,264196,대전교통공사_역별 수송실적_20161231.csv,2016-07-01,False,526175,-3.006177152095091,2.6068286899359805,555318.0,549869.5833333334,False,일반 구간
2016,유성온천,8,1116,252417,255708,대전교통공사_역별 수송실적_20161231.csv,2016-08-01,False,508125,-3.4304176367178196,1.5533033678223118,525594.3333333334,550517.25,False,일반 구간
2016,유성온천,9,1116,255918,257991,대전교통공사_역별 수송실적_20161231.csv,2016-09-01,False,513909,1.1383025830258298,-2.4420386010672535,516069.6666666667,549445.25,False,일반 구간
2016,유성온천,10,1116,279331,283742,대전교통공사_역별 수송실적_20161231.csv,2016-10-01,False,563073,9.56667425555886,-1.3359102991605032,528369.0,548809.9166666666,False,일반 구간
2016,유성온천,11,1116,279245,283542,대전교통공사_역별 수송실적_20161231.csv,2016-11-01,False,562787,-0.05079270361036947,0.885909168317367,546589.6666666666,549221.75,False,일반 구간
2016,유성온천,12,1116,299901,303268,대전교통공사_역별 수송실적_20161231.csv,2016-12-01,False,603169,7.175361193488827,0.38461666483595724,576343.0,549414.3333333334,False,일반 구간
2017,유성온천,1,1116,264550,270567,대전교통공사_역별 수송실적_20171231.csv,2017-01-01,False,535117,-11.282410070809345,0.7371974073844045,567024.3333333334,549740.6666666666,False,일반 구간
2017,유성온천,2,1116,262937,267704,대전교통공사_역별 수송실적_20171231.csv,2017-02-01,False,530641,-0.8364525888730823,8.298501979672634,556309.0,553129.0833333334,False,일반 구간
2017,유성온천,3,1116,299223,303830,대전교통공사_역별 수송실적_20171231.csv,2017-03-01,False,603053,13.646137407399728,1.9893791540529948,556270.3333333334,554109.3333333334,False,일반 구간
2017,유성온천,4,1116,279969,287008,대전교통공사_역별 수송실적_20171231.csv,2017-04-01,False,566977,-5.982227101100568,0.6198933776291771,566890.3333333334,554400.4166666666,False,일반 구간
2017,유성온천,5,1116,297410,305455,대전교통공사_역별 수송실적_20171231.csv,2017-05-01,False,602865,6.32971002351066,0.9323685408909377,590965.0,554864.5,False,일반 구간
2017,유성온천,6,1116,273093,277418,대전교통공사_역별 수송실적_20171231.csv,2017-06-01,False,550511,-8.684199613512146,1.4798620417598274,573451.0,555533.5,False,일반 구간
2017,유성온천,7,1116,259047,266397,대전교통공사_역별 수송실적_20171231.csv,2017-07-01,False,525444,-4.553405835669045,-0.13892716301611152,559606.6666666666,555472.5833333334,False,일반 구간
2017,유성온천,8,1116,258145,265763,대전교통공사_역별 수송실적_20171231.csv,2017-08-01,False,523908,-0.29232420581450924,3.1061254612546163,533287.6666666666,556787.8333333334,False,일반 구간
2017,유성온천,9,1116,280584,287656,대전교통공사_역별 수송실적_20171231.csv,2017-09-01,False,568240,8.46179100147355,10.5721051781541,539197.3333333334,561315.4166666666,False,일반 구간
2017,유성온천,10,1116,257540,264424,대전교통공사_역별 수송실적_20171231.csv,2017-10-01,False,521964,-8.143742080810924,-7.300829554960009,538037.3333333334,557889.6666666666,False,일반 구간
2017,유성온천,11,1116,286955,293539,대전교통공사_역별 수송실적_20171231.csv,2017-11-01,False,580494,11.213417017265549,3.146305795976101,556899.3333333334,559365.25,False,일반 구간
2017,유성온천,12,1116,301044,307493,대전교통공사_역별 수송실적_20171231.csv,2017-12-01,False,608537,4.830885418281672,0.8899661620540789,570331.6666666666,559812.5833333334,False,일반 구간
2018,유성온천,1,1116,278648,286408,대전교통공사_역별 수송실적_20181231.csv,2018-01-01,False,565056,-7.145169480245239,5.594851219452934,584695.6666666666,562307.5,False,일반 구간
2018,유성온천,2,1116,241727,247547,대전교통공사_역별 수송실적_20181231.csv,2018-02-01,False,489274,-13.411414089930906,-7.795665996408118,554289.0,558860.25,False,일반 구간
2018,유성온천,3,1116,298988,304086,대전교통공사_역별 수송실적_20181231.csv,2018-03-01,False,603074,23.25895101722144,0.0034822809935386445,552468.0,558862.0,False,일반 구간
2018,유성온천,4,1116,284934,291541,대전교통공사_역별 수송실적_20181231.csv,2018-04-01,False,576475,-4.41056984714977,1.6752002285806977,556274.3333333334,559653.5,False,일반 구간
2018,유성온천,5,1116,302013,310983,대전교통공사_역별 수송실적_20181231.csv,2018-05-01,False,612996,6.335227026323786,1.680475728396913,597515.0,560497.75,False,일반 구간
2018,유성온천,6,1116,275002,281006,대전교통공사_역별 수송실적_20181231.csv,2018-06-01,False,556008,-9.29663488831901,0.9985268232605815,581826.3333333334,560955.8333333334,False,일반 구간
2018,유성온천,7,1116,263961,271460,대전교통공사_역별 수송실적_20181231.csv,2018-07-01,False,535421,-3.702644566265234,1.898775131127195,568141.6666666666,561787.25,False,일반 구간
2018,유성온천,8,1116,255419,262779,대전교통공사_역별 수송실적_20181231.csv,2018-08-01,False,518198,-3.216721047549498,-1.0898860105209351,536542.3333333334,561311.4166666666,False,일반 구간
2018,유성온천,9,1116,258979,267615,대전교통공사_역별 수송실적_20181231.csv,2018-09-01,False,526594,1.6202301050949552,-7.328945515979168,526737.6666666666,557840.9166666666,False,일반 구간
2018,유성온천,10,1116,292075,299997,대전교통공사_역별 수송실적_20181231.csv,2018-10-01,False,592072,12.434247256900012,13.431577656696625,545621.3333333334,563683.25,False,일반 구간
2018,유성온천,11,1116,298067,304817,대전교통공사_역별 수송실적_20181231.csv,2018-11-01,False,602884,1.826129254550124,3.857059676758068,573850.0,565549.0833333334,False,일반 구간
2018,유성온천,12,1116,300966,308345,대전교통공사_역별 수송실적_20181231.csv,2018-12-01,False,609311,1.0660425554501307,0.12719029409880012,601422.3333333334,565613.5833333334,False,일반 구간
2019,유성온천,1,1116,288832,297445,대전교통공사_역별 수송실적_20191231.csv,2019-01-01,False,586277,-3.7803354936969735,3.7555569713444426,599490.6666666666,567382.0,False,일반 구간
2019,유성온천,2,1116,249557,256099,대전교통공사_역별 수송실적_20191231.csv,2019-02-01,False,505656,-13.75134961801333,3.348226147312139,567081.3333333334,568747.1666666666,False,일반 구간
2019,유성온천,3,1116,299841,306440,대전교통공사_역별 수송실적_20191231.csv,2019-03-01,False,606281,19.899892416979135,0.531775536667145,566071.3333333334,569014.4166666666,False,일반 구간
2019,유성온천,4,1116,293894,299764,대전교통공사_역별 수송실적_20191231.csv,2019-04-01,False,593658,-2.082037866929687,2.980701678303488,568531.6666666666,570446.3333333334,False,일반 구간
2019,유성온천,5,1116,319909,329103,대전교통공사_역별 수송실적_20191231.csv,2019-05-01,False,649012,9.324223711295065,5.875405386005772,616317.0,573447.6666666666,False,일반 구간
2019,유성온천,6,1116,282358,288345,대전교통공사_역별 수송실적_20191231.csv,2019-06-01,False,570703,-12.065878597005907,2.642947583487998,604457.6666666666,574672.25,False,일반 구간
2019,유성온천,7,1116,286877,294302,대전교통공사_역별 수송실적_20191231.csv,2019-07-01,False,581179,1.835630792198395,8.546172077673454,600298.0,578485.4166666666,False,일반 구간
2019,유성온천,8,1116,269858,278850,대전교통공사_역별 수송실적_20191231.csv,2019-08-01,False,548708,-5.587091068328343,5.887710874993735,566863.3333333334,581027.9166666666,False,일반 구간
2019,유성온천,9,1116,267401,274870,대전교통공사_역별 수송실적_20191231.csv,2019-09-01,False,542271,-1.1731194004825918,2.9770563280250073,557386.0,582334.3333333334,False,일반 구간
2019,유성온천,10,1116,304014,310690,대전교통공사_역별 수송실적_20191231.csv,2019-10-01,False,614704,13.357343468487159,3.8225080733424344,568561.0,584220.3333333334,False,일반 구간
2019,유성온천,11,1116,301722,310453,대전교통공사_역별 수송실적_20191231.csv,2019-11-01,False,612175,-0.41141752778572904,1.5410924821358751,589716.6666666666,584994.5833333334,False,일반 구간
2019,유성온천,12,1116,314726,323335,대전교통공사_역별 수송실적_20191231.csv,2019-12-01,False,638061,4.228529423775873,4.718444275583411,621646.6666666666,587390.4166666666,False,일반 구간
2020,유성온천,1,1116,275787,283679,대전교통공사_역별 수송실적_20200531.csv,2020-01-01,False,559466,-12.317787797718404,-4.573094288194834,603234.0,585156.1666666666,False,일반 구간
2020,유성온천,2,1116,206932,212988,대전교통공사_역별 수송실적_20200531.csv,2020-02-01,False,419920,-24.942713230115864,-16.955400509437247,539149.0,578011.5,True,팬데믹 구간
2020,유성온천,3,1116,127497,129949,대전교통공사_역별 수송실적_20200531.csv,2020-03-01,False,257446,-38.69165555343875,-57.53685172387062,412277.3333333333,548941.9166666666,True,팬데믹 구간
2020,유성온천,4,1116,152974,156327,대전교통공사_역별 수송실적_20200531.csv,2020-04-01,False,309301,20.142088049532724,-47.89912710685277,328889.0,525245.5,False,팬데믹 구간
2020,유성온천,5,1116,193167,197669,대전교통공사_역별 수송실적_20200531.csv,2020-05-01,False,390836,26.361052825564734,-39.77984998736541,319194.3333333333,503730.8333333333,False,팬데믹 구간
2020,유성온천,6,1116,186033,190814,대전교통공사_역별 수송실적_20211231.csv,2020-06-01,False,376847,-3.5792506319786255,-33.96793078010805,358994.6666666667,487576.1666666667,False,팬데믹 구간
2020,유성온천,7,1116,179429,183464,대전교통공사_역별 수송실적_20211231.csv,2020-07-01,False,362893,-3.7028289995674646,-37.55916851778884,376858.6666666667,469385.6666666667,False,팬데믹 구간
2020,유성온천,8,1116,172804,178311,대전교통공사_역별 수송실적_20211231.csv,2020-08-01,False,351115,-3.2455847867002174,-36.010592154661495,363618.3333333333,452919.5833333333,False,팬데믹 구간
2020,유성온천,9,1116,164797,167547,대전교통공사_역별 수송실적_20211231.csv,2020-09-01,False,332344,-5.3461116728137466,-38.71256253791924,348784.0,435425.6666666667,False,팬데믹 구간
2020,유성온천,10,1116,187717,194832,대전교통공사_역별 수송실적_20211231.csv,2020-10-01,False,382549,15.106335604072886,-37.76695775527734,355336.0,416079.4166666667,False,팬데믹 구간
2020,유성온천,11,1116,209172,216417,대전교통공사_역별 수송실적_20211231.csv,2020-11-01,False,425589,11.250846296814254,-30.479193041205534,380160.6666666667,400530.5833333333,False,팬데믹 구간
2020,유성온천,12,1116,173429,178076,대전교통공사_역별 수송실적_20211231.csv,2020-12-01,False,351505,-17.40740479664653,-44.910439597467956,386547.6666666667,376650.9166666667,False,팬데믹 구간
2021,유성온천,1,1116,173023,178888,대전교통공사_역별 수송실적_20211231.csv,2021-01-01,False,351911,0.11550333565668591,-37.09876918347138,376335.0,359354.6666666667,False,팬데믹 구간
2021,유성온천,2,1116,168998,175252,대전교통공사_역별 수송실적_20211231.csv,2021-02-01,False,344250,-2.1769708818422884,-18.02009906648886,349222.0,353048.8333333333,False,팬데믹 구간
2021,유성온천,3,1116,211765,218487,대전교통공사_역별 수송실적_20211231.csv,2021-03-01,False,430252,24.98242556281771,67.12320253567738,375471.0,367449.3333333333,False,팬데믹 구간
2021,유성온천,4,1116,199518,205425,대전교통공사_역별 수송실적_20211231.csv,2021-04-01,False,404943,-5.882366613054679,30.921982146840786,393148.3333333333,375419.5,False,팬데믹 구간
2021,유성온천,5,1116,201731,207862,대전교통공사_역별 수송실적_20211231.csv,2021-05-01,False,409593,1.1483097621146632,4.799199664309328,414929.3333333333,376982.5833333333,False,팬데믹 구간
2021,유성온천,6,1116,202918,208295,대전교통공사_역별 수송실적_20211231.csv,2021-06-01,False,411213,0.3955145717822406,9.119350824074491,408583.0,379846.4166666667,False,팬데믹 구간
2021,유성온천,7,1116,189308,194979,대전교통공사_역별 수송실적_20211231.csv,2021-07-01,False,384287,-6.547944739101153,5.895401674873857,401697.6666666667,381629.25,False,팬데믹 구간
2021,유성온천,8,1116,165797,171957,대전교통공사_역별 수송실적_20211231.csv,2021-08-01,False,337754,-12.10891859469615,-3.8053059538897482,377751.3333333333,380515.8333333333,False,팬데믹 구간
2021,유성온천,9,1116,178873,183717,대전교통공사_역별 수송실적_20211231.csv,2021-09-01,False,362590,7.353280790160888,9.10081120766435,361543.6666666667,383036.3333333333,False,팬데믹 구간
2021,유성온천,10,1116,203975,210939,대전교통공사_역별 수송실적_20211231.csv,2021-10-01,False,414914,14.43062412090792,8.460354098429224,371752.6666666667,385733.4166666667,False,팬데믹 구간
2021,유성온천,11,1116,220776,229140,대전교통공사_역별 수송실적_20211231.csv,2021-11-01,False,449916,8.435965043358372,5.716078188111062,409140.0,387760.6666666667,False,팬데믹 구간
2021,유성온천,12,1116,222921,229451,대전교통공사_역별 수송실적_20211231.csv,2021-12-01,False,452372,0.5458796753171624,28.695751127295477,439067.3333333333,396166.25,False,팬데믹 구간
2022,유성온천,1,1116,207385,212097,대전교통공사_역별 수송실적_20221231.csv,2022-01-01,False,419482,-7.270564933284995,19.201161657350863,440590.0,401797.1666666667,False,팬데믹 구간
2022,유성온천,2,1116,171239,178603,대전교통공사_역별 수송실적_20221231.csv,2022-02-01,False,349842,-16.601427474838015,1.624400871459697,407232.0,402263.1666666667,False,팬데믹 구간
2022,유성온천,3,1116,206494,210122,대전교통공사_역별 수송실적_20221231.csv,2022-03-01,False,416616,19.08690208722794,-3.1693054303059576,395313.3333333333,401126.8333333333,False,팬데믹 구간
2022,유성온천,4,1116,223432,227531,대전교통공사_역별 수송실적_20221231.csv,2022-04-01,False,450963,8.244282504752576,11.36456241989614,405807.0,404961.8333333333,False,팬데믹 구간
2022,유성온천,5,1116,262449,270050,대전교통공사_역별 수송실적_20221231.csv,2022-05-01,False,532499,18.080419014420258,30.00686046880685,466692.6666666667,415204.0,True,일반 구간
2022,유성온천,6,1116,257135,265118,대전교통공사_역별 수송실적_20221231.csv,2022-06-01,False,522253,-1.9241350687982495,27.003037355336534,501905.0,424457.3333333333,False,일반 구간
2022,유성온천,7,1116,247699,257621,대전교통공사_역별 수송실적_20221231.csv,2022-07-01,False,505320,-3.24229827305923,31.49547083299722,520024.0,434543.4166666667,False,일반 구간
2022,유성온천,8,1116,230829,241153,대전교통공사_역별 수송실적_20221231.csv,2022-08-01,False,471982,-6.597403625425469,39.741350213468984,499851.6666666667,445729.0833333333,False,일반 구간
2022,유성온천,9,1116,246750,254616,대전교통공사_역별 수송실적_20221231.csv,2022-09-01,False,501366,6.225661148094641,38.27353208858491,492889.3333333333,457293.75,False,일반 구간
2022,유성온천,10,1116,264828,276595,대전교통공사_역별 수송실적_20221231.csv,2022-10-01,False,541423,7.9895724879628816,30.49041488115609,504923.6666666667,467836.1666666667,False,일반 구간
2022,유성온천,11,1116,267765,279300,대전교통공사_역별 수송실적_20221231.csv,2022-11-01,False,547065,1.0420687706285126,21.592697303496642,529951.3333333334,475931.9166666667,False,일반 구간
2022,유성온천,12,1116,284049,293276,대전교통공사_역별 수송실적_20221231.csv,2022-12-01,False,577325,5.531335398901405,27.62173609330374,555271.0,486344.6666666667,False,일반 구간
2023,유성온천,1,1116,247570,259939,대전교통공사_역별 수송실적_20231231.csv,2023-01-01,False,507509,-12.093015199411072,20.984690642268312,543966.3333333334,493680.25,False,일반 구간
2023,유성온천,2,1116,255347,268061,대전교통공사_역별 수송실적_20231231.csv,2023-02-01,False,523408,3.132752325574528,49.6126822965796,536080.6666666666,508144.0833333333,False,일반 구간
2023,유성온천,3,1116,291455,303343,대전교통공사_역별 수송실적_20231231.csv,2023-03-01,False,594798,13.639455262433886,42.76888069589262,541905.0,522992.5833333333,False,일반 구간
2023,유성온천,4,1116,270274,281224,대전교통공사_역별 수송실적_20231231.csv,2023-04-01,False,551498,-7.279782379900402,22.293403228202745,556568.0,531370.5,False,일반 구간
2023,유성온천,5,1116,289574,302836,대전교통공사_역별 수송실적_20231231.csv,2023-05-01,False,592410,7.418340592350292,11.250913147254726,579568.6666666666,536363.0833333334,False,일반 구간
2023,유성온천,6,1116,272564,284701,대전교통공사_역별 수송실적_20231231.csv,2023-06-01,False,557265,-5.932546715956855,6.704030422036822,567057.6666666666,539280.75,False,일반 구간
2023,유성온천,7,1116,257122,270285,대전교통공사_역별 수송실적_20231231.csv,2023-07-01,False,527407,-5.3579535768440545,4.370893691126421,559027.3333333334,541121.3333333334,False,일반 구간
2023,유성온천,8,1116,259794,274223,대전교통공사_역별 수송실적_20231231.csv,2023-08-01,False,534017,1.253301529937989,13.143509710116064,539563.0,546290.9166666666,False,일반 구간
2023,유성온천,9,1116,257181,268109,대전교통공사_역별 수송실적_20231231.csv,2023-09-01,False,525290,-1.6342176372662331,4.771763542003238,528904.6666666666,548284.5833333334,False,일반 구간
2023,유성온천,10,1116,277034,291959,대전교통공사_역별 수송실적_20231231.csv,2023-10-01,False,568993,8.31978526147461,5.092136832014904,542766.6666666666,550582.0833333334,False,일반 구간
2023,유성온천,11,1116,279141,291718,대전교통공사_역별 수송실적_20231231.csv,2023-11-01,False,570859,0.32794779549132347,4.349391754179122,555047.3333333334,552564.9166666666,False,일반 구간
2023,유성온천,12,1116,291403,304510,대전교통공사_역별 수송실적_20231231.csv,2023-12-01,False,595913,4.388824560881055,3.2196769583856533,578588.3333333334,554113.9166666666,False,일반 구간
2024,유성온천,1,1116,273306,289075,대전교통공사_역별 수송실적_20241231.csv,2024-01-01,False,562381,-5.626995886983499,10.812025008423486,576384.3333333334,558686.5833333334,False,일반 구간
2024,유성온천,2,1116,252065,264302,대전교통공사_역별 수송실적_20241231.csv,2024-02-01,False,516367,-8.181997613717396,-1.3452220829639594,558220.3333333334,558099.8333333334,False,일반 구간
2024,유성온천,3,1116,288278,300519,대전교통공사_역별 수송실적_20241231.csv,2024-03-01,False,588797,14.026845247663001,-1.0089139506185285,555848.3333333334,557599.75,False,일반 구간
2024,유성온천,4,1116,279056,290711,대전교통공사_역별 수송실적_20241231.csv,2024-04-01,False,569767,-3.232013750070062,3.3126140076663813,558310.3333333334,559122.1666666666,False,일반 구간
2024,유성온천,5,1116,296653,309462,대전교통공사_역별 수송실적_20241231.csv,2024-05-01,False,606115,6.379449845287644,2.3134315761043966,588226.3333333334,560264.25,False,일반 구간
2024,유성온천,6,1116,264229,276971,대전교통공사_역별 수송실적_20241231.csv,2024-06-01,False,541200,-10.710013776263583,-2.882829533525344,572360.6666666666,558925.5,False,일반 구간
2024,유성온천,7,1116,269796,284272,대전교통공사_역별 수송실적_20241231.csv,2024-07-01,False,554068,2.3776792313377593,5.0551092420085375,567127.6666666666,561147.25,False,일반 구간
2024,유성온천,8,1116,259707,274128,대전교통공사_역별 수송실적_20241231.csv,2024-08-01,False,533835,-3.6517178396875516,-0.034081312018152676,543034.3333333334,561132.0833333334,False,일반 구간
2024,유성온천,9,1116,246196,259490,대전교통공사_역별 수송실적_20241231.csv,2024-09-01,False,505686,-5.272977605439888,-3.7320337337470755,531196.3333333334,559498.4166666666,False,일반 구간
2024,유성온천,10,1116,276162,288631,대전교통공사_역별 수송실적_20241231.csv,2024-10-01,False,564793,11.688478621120613,-0.7381461634853204,534771.3333333334,559148.4166666666,False,일반 구간
2024,유성온천,11,1116,281364,292398,대전교통공사_역별 수송실적_20241231.csv,2024-11-01,False,573762,1.5880154322025941,0.5085318791505422,548080.3333333334,559390.3333333334,False,일반 구간
2024,유성온천,12,1116,291720,306217,대전교통공사_역별 수송실적_20241231.csv,2024-12-01,False,597937,4.213419501465765,0.33964689476484455,578830.6666666666,559559.0,False,일반 구간
2026,유성온천,1,1116,270237,286595,대전교통공사_역별 수송실적_20260731.csv,2026-01-01,False,556832,-6.8744700528651,-0.9866976302542185,576177.0,559096.5833333334,False,일반 구간
2026,유성온천,2,1116,241201,253720,대전교통공사_역별 수송실적_20260731.csv,2026-02-01,False,494921,-11.118434285385892,-4.153247593281517,549896.6666666666,557309.4166666666,False,일반 구간
2026,유성온천,3,1116,299236,313553,대전교통공사_역별 수송실적_20260731.csv,2026-03-01,False,612789,23.81551803217079,4.074749022158741,554847.3333333334,559308.75,False,일반 구간
2026,유성온천,4,1116,303741,316975,대전교통공사_역별 수송실적_20260731.csv,2026-04-01,False,620716,1.2935937165973854,8.94207632242654,576142.0,563554.5,False,일반 구간
2026,유성온천,5,1116,297972,313120,대전교통공사_역별 수송실적_20260731.csv,2026-05-01,False,611092,-1.5504675246006183,0.8211313034655054,614865.6666666666,563969.25,False,일반 구간
2026,유성온천,6,1116,281670,296660,대전교통공사_역별 수송실적_20260731.csv,2026-06-01,False,578330,-5.361222205494432,6.860679970436068,603379.3333333334,567063.4166666666,False,일반 구간
2026,유성온천,7,1116,273786,288562,대전교통공사_역별 수송실적_20260731.csv,2026-07-01,False,562348,-2.7634741410613284,1.4944014092133084,583923.3333333334,567753.4166666666,False,일반 구간
2015,정부청사,1,1112,210927,230734,대전교통공사_역별 수송실적_20151231.csv,2015-01-01,False,441661,,,441661.0,441661.0,False,일반 구간
2015,정부청사,2,1112,176484,191504,대전교통공사_역별 수송실적_20151231.csv,2015-02-01,False,367988,-16.68089326429094,,404824.5,404824.5,False,일반 구간
2015,정부청사,3,1112,218981,238136,대전교통공사_역별 수송실적_20151231.csv,2015-03-01,False,457117,24.22062675956824,,422255.3333333333,422255.3333333333,False,일반 구간
2015,정부청사,4,1112,214730,233830,대전교통공사_역별 수송실적_20151231.csv,2015-04-01,False,448560,-1.871949632151071,,424555.0,428831.5,False,일반 구간
2015,정부청사,5,1112,218920,237196,대전교통공사_역별 수송실적_20151231.csv,2015-05-01,False,456116,1.6845015159622,,453931.0,434288.4,False,일반 구간
2015,정부청사,6,1112,171188,188061,대전교통공사_역별 수송실적_20151231.csv,2015-06-01,False,359249,-21.237360671408144,,421308.3333333333,421781.8333333333,False,일반 구간
2015,정부청사,7,1112,196199,214372,대전교통공사_역별 수송실적_20151231.csv,2015-07-01,False,410571,14.285913113188897,,408645.3333333333,420180.28571428574,False,일반 구간
2015,정부청사,8,1112,187997,203860,대전교통공사_역별 수송실적_20151231.csv,2015-08-01,False,391857,-4.5580423361611055,,387225.6666666667,416639.875,False,일반 구간
2015,정부청사,9,1112,193434,209507,대전교통공사_역별 수송실적_20151231.csv,2015-09-01,False,402941,2.8285828758960463,,401789.6666666667,415117.77777777775,False,일반 구간
2015,정부청사,10,1112,212002,229002,대전교통공사_역별 수송실적_20151231.csv,2015-10-01,False,441004,9.446296107866914,,411934.0,417706.4,False,일반 구간
2015,정부청사,11,1112,203289,220304,대전교통공사_역별 수송실적_20151231.csv,2015-11-01,False,423593,-3.948036752501116,,422512.6666666667,418241.54545454547,False,일반 구간
2015,정부청사,12,1112,215470,234722,대전교통공사_역별 수송실적_20151231.csv,2015-12-01,False,450192,6.279376665808933,,438263.0,420904.0833333333,False,일반 구간
2016,정부청사,1,1112,194797,211285,대전교통공사_역별 수송실적_20161231.csv,2016-01-01,False,406082,-9.798041724419804,-8.055725997993935,426622.3333333333,417939.1666666667,False,일반 구간
2016,정부청사,2,1112,178837,192229,대전교통공사_역별 수송실적_20161231.csv,2016-02-01,False,371066,-8.622888973163057,0.8364403187060443,409113.3333333333,418195.6666666667,False,일반 구간
2016,정부청사,3,1112,211125,228000,대전교통공사_역별 수송실적_20161231.csv,2016-03-01,False,439125,18.341481030328843,-3.9359726284518004,405424.3333333333,416696.3333333333,False,일반 구간
2016,정부청사,4,1112,201743,216407,대전교통공사_역별 수송실적_20161231.csv,2016-04-01,False,418150,-4.776544264161686,-6.779472088460848,409447.0,414162.1666666667,False,일반 구간
2016,정부청사,5,1112,207414,223955,대전교통공사_역별 수송실적_20161231.csv,2016-05-01,False,431369,3.161305751524579,-5.425593489375514,429548.0,412099.9166666667,False,일반 구간
2016,정부청사,6,1112,195278,210278,대전교통공사_역별 수송실적_20161231.csv,2016-06-01,False,405556,-5.983971959042023,12.889945413905114,418358.3333333333,415958.8333333333,False,일반 구간
2016,정부청사,7,1112,190853,205204,대전교통공사_역별 수송실적_20161231.csv,2016-07-01,False,396057,-2.3422166112694653,-3.535076758952771,410994.0,414749.3333333333,False,일반 구간
2016,정부청사,8,1112,183434,197521,대전교통공사_역별 수송실적_20161231.csv,2016-08-01,False,380955,-3.813087510131119,-2.7821373613333478,394189.3333333333,413840.8333333333,False,일반 구간
2016,정부청사,9,1112,179912,192477,대전교통공사_역별 수송실적_20161231.csv,2016-09-01,False,372389,-2.24855954115315,-7.5822514958765685,383133.6666666667,411294.8333333333,False,일반 구간
2016,정부청사,10,1112,197279,212316,대전교통공사_역별 수송실적_20161231.csv,2016-10-01,False,409595,9.991165152568948,-7.122157622153091,387646.3333333333,408677.4166666667,False,일반 구간
2016,정부청사,11,1112,198568,212636,대전교통공사_역별 수송실적_20161231.csv,2016-11-01,False,411204,0.3928270608771989,-2.924741438125744,397729.3333333333,407645.0,False,일반 구간
2016,정부청사,12,1112,205191,221722,대전교통공사_역별 수송실적_20161231.csv,2016-12-01,False,426913,3.8202449392515714,-5.170904858371539,415904.0,405705.0833333333,False,일반 구간
2017,정부청사,1,1112,187314,199289,대전교통공사_역별 수송실적_20171231.csv,2017-01-01,False,386603,-9.442204852042458,-4.796814436493124,408240.0,404081.8333333333,False,일반 구간
2017,정부청사,2,1112,187200,200344,대전교통공사_역별 수송실적_20171231.csv,2017-02-01,False,387544,0.24340214638789437,4.440719440746399,400353.3333333333,405455.0,False,일반 구간
2017,정부청사,3,1112,205522,220591,대전교통공사_역별 수송실적_20171231.csv,2017-03-01,False,426113,9.952160270833765,-2.9631653857102203,400086.6666666667,404370.6666666667,False,일반 구간
2017,정부청사,4,1112,194594,207896,대전교통공사_역별 수송실적_20171231.csv,2017-04-01,False,402490,-5.543834616639254,-3.7450675594882243,405382.3333333333,403065.6666666667,False,일반 구간
2017,정부청사,5,1112,199221,213311,대전교통공사_역별 수송실적_20171231.csv,2017-05-01,False,412532,2.4949688191010955,-4.366795017722646,413711.6666666667,401495.9166666667,False,일반 구간
2017,정부청사,6,1112,193195,207568,대전교통공사_역별 수송실적_20171231.csv,2017-06-01,False,400763,-2.852869595570773,-1.181834321277453,405261.6666666667,401096.5,False,일반 구간
2017,정부청사,7,1112,184550,199050,대전교통공사_역별 수송실적_20171231.csv,2017-07-01,False,383600,-4.282580976786776,-3.145254344702908,398965.0,400058.4166666667,False,일반 구간
2017,정부청사,8,1112,187707,198921,대전교통공사_역별 수송실적_20171231.csv,2017-08-01,False,386628,0.7893639207507741,1.4891522620781972,390330.3333333333,400531.1666666667,False,일반 구간
2017,정부청사,9,1112,200698,212213,대전교통공사_역별 수송실적_20171231.csv,2017-09-01,False,412911,6.7980073869455815,10.881631841971707,394379.6666666667,403908.0,False,일반 구간
2017,정부청사,10,1112,172096,184712,대전교통공사_역별 수송실적_20171231.csv,2017-10-01,False,356808,-13.58718949119786,-12.887608491314595,385449.0,399509.0833333333,True,일반 구간
2017,정부청사,11,1112,198821,212451,대전교통공사_역별 수송실적_20171231.csv,2017-11-01,False,411272,15.264231743682878,0.016536804116684678,393663.6666666667,399514.75,False,일반 구간
2017,정부청사,12,1112,199462,216075,대전교통공사_역별 수송실적_20171231.csv,2017-12-01,False,415537,1.0370265906747944,-2.6647115454436876,394539.0,398566.75,False,일반 구간
2018,정부청사,1,1112,200329,213969,대전교통공사_역별 수송실적_20181231.csv,2018-01-01,False,414298,-0.2981683941502222,7.163679536889256,413702.3333333333,400874.6666666667,False,일반 구간
2018,정부청사,2,1112,171407,182622,대전교통공사_역별 수송실적_20181231.csv,2018-02-01,False,354029,-14.547258253720752,-8.64805028590302,394621.3333333333,398081.75,False,일반 구간
2018,정부청사,3,1112,207089,221076,대전교통공사_역별 수송실적_20181231.csv,2018-03-01,False,428165,20.940657403772,0.48156240246131077,398830.6666666667,398252.75,False,일반 구간
2018,정부청사,4,1112,200028,214230,대전교통공사_역별 수송실적_20181231.csv,2018-04-01,False,414258,-3.248046897808088,2.9237993490521585,398817.3333333333,399233.4166666667,False,일반 구간
2018,정부청사,5,1112,209167,222820,대전교통공사_역별 수송실적_20181231.csv,2018-05-01,False,431987,4.279700090281913,4.715997789262416,424803.3333333333,400854.6666666667,False,일반 구간
2018,정부청사,6,1112,194840,208360,대전교통공사_역별 수송실적_20181231.csv,2018-06-01,False,403200,-6.663857940169493,0.6080900681949108,416481.6666666667,401057.75,False,일반 구간
2018,정부청사,7,1112,192505,206339,대전교통공사_역별 수송실적_20181231.csv,2018-07-01,False,398844,-1.0803571428571468,3.97393117831073,411343.6666666667,402328.0833333333,False,일반 구간
2018,정부청사,8,1112,183703,197242,대전교통공사_역별 수송실적_20181231.csv,2018-08-01,False,380945,-4.487719509382115,-1.4698883681471542,394329.6666666667,401854.5,False,일반 구간
2018,정부청사,9,1112,177347,189778,대전교통공사_역별 수송실적_20181231.csv,2018-09-01,False,367125,-3.627820289018102,-11.08858809767722,382304.6666666667,398039.0,False,일반 구간
2018,정부청사,10,1112,209437,222247,대전교통공사_역별 수송실적_20181231.csv,2018-10-01,False,431684,17.58501872659175,20.984955494271418,393251.3333333333,404278.6666666667,False,일반 구간
2018,정부청사,11,1112,209350,221806,대전교통공사_역별 수송실적_20181231.csv,2018-11-01,False,431156,-0.12231169095913152,4.834756560135389,409988.3333333333,405935.6666666667,False,일반 구간
2018,정부청사,12,1112,202609,216607,대전교통공사_역별 수송실적_20181231.csv,2018-12-01,False,419216,-2.7692992791472193,0.8853603890868866,427352.0,406242.25,False,일반 구간
2019,정부청사,1,1112,203929,218703,대전교통공사_역별 수송실적_20191231.csv,2019-01-01,False,422632,0.8148543948704345,2.0115955182018697,424334.6666666667,406936.75,False,일반 구간
2019,정부청사,2,1112,171216,181454,대전교통공사_역별 수송실적_20191231.csv,2019-02-01,False,352670,-16.553881390902724,-0.383866858364712,398172.6666666667,406823.5,True,일반 구간
2019,정부청사,3,1112,202410,215181,대전교통공사_역별 수송실적_20191231.csv,2019-03-01,False,417591,18.4084271415204,-2.4696086788971505,397631.0,405942.3333333333,False,일반 구간
2019,정부청사,4,1112,205382,217659,대전교통공사_역별 수송실적_20191231.csv,2019-04-01,False,423041,1.3051047556101647,2.1201763152431496,397767.3333333333,406674.25,False,일반 구간
2019,정부청사,5,1112,216587,229430,대전교통공사_역별 수송실적_20191231.csv,2019-05-01,False,446017,5.43115206327518,3.247782919393405,428883.0,407843.4166666667,False,일반 구간
2019,정부청사,6,1112,192904,205894,대전교통공사_역별 수송실적_20191231.csv,2019-06-01,False,398798,-10.586816197588877,-1.0917658730158708,422618.6666666667,407476.5833333333,False,일반 구간
2019,정부청사,7,1112,202853,217904,대전교통공사_역별 수송실적_20191231.csv,2019-07-01,False,420757,5.506296420744339,5.494128030006729,421857.3333333333,409302.6666666667,False,일반 구간
2019,정부청사,8,1112,187527,200591,대전교통공사_역별 수송실적_20191231.csv,2019-08-01,False,388118,-7.757209030390467,1.882948982136523,402557.6666666667,409900.4166666667,False,일반 구간
2019,정부청사,9,1112,182399,195399,대전교통공사_역별 수송실적_20191231.csv,2019-09-01,False,377798,-2.65898515399956,2.9071842015662153,395557.6666666667,410789.8333333333,False,일반 구간
2019,정부청사,10,1112,205930,220319,대전교통공사_역별 수송실적_20191231.csv,2019-10-01,False,426249,12.824578213754446,-1.2590228037175355,397388.3333333333,410336.9166666667,False,일반 구간
2019,정부청사,11,1112,204550,218502,대전교통공사_역별 수송실적_20191231.csv,2019-11-01,False,423052,-0.7500310851169201,-1.8795981037026066,409033.0,409661.5833333333,False,일반 구간
2019,정부청사,12,1112,209158,225415,대전교통공사_역별 수송실적_20191231.csv,2019-12-01,False,434573,2.7233058820192335,3.663266669211107,427958.0,410941.3333333333,False,일반 구간
2020,정부청사,1,1112,186679,200239,대전교통공사_역별 수송실적_20200531.csv,2020-01-01,False,386918,-10.965936678072497,-8.450377633496753,414847.6666666667,407965.1666666667,False,일반 구간
2020,정부청사,2,1112,148639,160014,대전교통공사_역별 수송실적_20200531.csv,2020-02-01,False,308653,-20.227800205728343,-12.481072957722517,376714.6666666667,404297.0833333333,True,팬데믹 구간
2020,정부청사,3,1112,101635,110765,대전교통공사_역별 수송실적_20200531.csv,2020-03-01,False,212400,-31.184858076869492,-49.13683484557857,302657.0,387197.8333333333,True,팬데믹 구간
2020,정부청사,4,1112,114854,123820,대전교통공사_역별 수송실적_20200531.csv,2020-04-01,False,238674,12.370056497175131,-43.58135499868807,253242.33333333334,371833.9166666667,False,팬데믹 구간
2020,정부청사,5,1112,137092,148250,대전교통공사_역별 수송실적_20200531.csv,2020-05-01,False,285342,19.553030493476452,-36.02441162556585,245472.0,358444.3333333333,False,팬데믹 구간
2020,정부청사,6,1112,137323,149762,대전교통공사_역별 수송실적_20211231.csv,2020-06-01,False,287085,0.6108459322497151,-28.012427344169232,270367.0,349134.9166666667,False,팬데믹 구간
2020,정부청사,7,1112,135875,148916,대전교통공사_역별 수송실적_20211231.csv,2020-07-01,False,284791,-0.799066478569066,-32.314613898283326,285739.3333333333,337804.4166666667,False,팬데믹 구간
2020,정부청사,8,1112,123382,135623,대전교통공사_역별 수송실적_20211231.csv,2020-08-01,False,259005,-9.05435916163081,-33.26642928181636,276960.3333333333,327045.0,False,팬데믹 구간
2020,정부청사,9,1112,123829,134879,대전교통공사_역별 수송실적_20211231.csv,2020-09-01,False,258708,-0.11466960097294976,-31.522136168005122,267501.3333333333,317120.8333333333,False,팬데믹 구간
2020,정부청사,10,1112,137530,150234,대전교통공사_역별 수송실적_20211231.csv,2020-10-01,False,287764,11.231195015229535,-32.48922578117486,268492.3333333333,305580.4166666667,False,팬데믹 구간
2020,정부청사,11,1112,148148,161536,대전교통공사_역별 수송실적_20211231.csv,2020-11-01,False,309684,7.617353108797498,-26.79765135255241,285385.3333333333,296133.0833333333,False,팬데믹 구간
2020,정부청사,12,1112,128054,137786,대전교통공사_역별 수송실적_20211231.csv,2020-12-01,False,265840,-14.15765748311182,-38.82730864549799,287762.6666666667,282072.0,False,팬데믹 구간
2021,정부청사,1,1112,128728,140759,대전교통공사_역별 수송실적_20211231.csv,2021-01-01,False,269487,1.3718778212458593,-30.350358473888527,281670.3333333333,272286.0833333333,False,팬데믹 구간
2021,정부청사,2,1112,123488,134664,대전교통공사_역별 수송실적_20211231.csv,2021-02-01,False,258152,-4.206139813794363,-16.36173955866297,264493.0,268077.6666666667,False,팬데믹 구간
2021,정부청사,3,1112,148753,162577,대전교통공사_역별 수송실적_20211231.csv,2021-03-01,False,311330,20.59949177228919,46.57721280602636,279656.3333333333,276321.8333333333,False,팬데믹 구간
2021,정부청사,4,1112,145144,154536,대전교통공사_역별 수송실적_20211231.csv,2021-04-01,False,299680,-3.742010085761094,25.560387809313113,289720.6666666667,281405.6666666667,False,팬데믹 구간
2021,정부청사,5,1112,138722,150932,대전교통공사_역별 수송실적_20211231.csv,2021-05-01,False,289654,-3.345568606513616,1.5111690532764177,300221.3333333333,281765.0,False,팬데믹 구간
2021,정부청사,6,1112,142969,156202,대전교통공사_역별 수송실적_20211231.csv,2021-06-01,False,299171,3.285644251417219,4.209902990403536,296168.3333333333,282772.1666666667,False,팬데믹 구간
2021,정부청사,7,1112,134117,144766,대전교통공사_역별 수송실적_20211231.csv,2021-07-01,False,278883,-6.7814059517800835,-2.074503758896873,289236.0,282279.8333333333,False,팬데믹 구간
2021,정부청사,8,1112,120447,130357,대전교통공사_역별 수송실적_20211231.csv,2021-08-01,False,250804,-10.068379929934778,-3.1663481399972992,276286.0,281596.4166666667,False,팬데믹 구간
2021,정부청사,9,1112,128279,140352,대전교통공사_역별 수송실적_20211231.csv,2021-09-01,False,268631,7.107940862187201,3.835598435301568,266106.0,282423.3333333333,False,팬데믹 구간
2021,정부청사,10,1112,144035,158843,대전교통공사_역별 수송실적_20211231.csv,2021-10-01,False,302878,12.748714779753634,5.252220569633459,274104.3333333333,283682.8333333333,False,팬데믹 구간
2021,정부청사,11,1112,161177,179456,대전교통공사_역별 수송실적_20211231.csv,2021-11-01,False,340633,12.465415117638123,9.993735549786242,304047.3333333333,286261.9166666667,True,팬데믹 구간
2021,정부청사,12,1112,161582,178865,대전교통공사_역별 수송실적_20211231.csv,2021-12-01,False,340447,-0.054604222139365,28.064625338549497,327986.0,292479.1666666667,False,팬데믹 구간
2022,정부청사,1,1112,149166,161699,대전교통공사_역별 수송실적_20221231.csv,2022-01-01,False,310865,-8.689164539561222,15.35435846627109,330648.3333333333,295927.3333333333,False,팬데믹 구간
2022,정부청사,2,1112,123609,135273,대전교통공사_역별 수송실적_20221231.csv,2022-02-01,False,258882,-16.722049764367164,0.2827791378722688,303398.0,295988.1666666667,False,팬데믹 구간
2022,정부청사,3,1112,143485,156722,대전교통공사_역별 수송실적_20221231.csv,2022-03-01,False,300207,15.962871115025369,-3.572736324800052,289984.6666666667,295061.25,False,팬데믹 구간
2022,정부청사,4,1112,156558,171502,대전교통공사_역별 수송실적_20221231.csv,2022-04-01,False,328060,9.27793156055654,9.470101441537636,295716.3333333333,297426.25,False,팬데믹 구간
2022,정부청사,5,1112,177437,196304,대전교통공사_역별 수송실적_20221231.csv,2022-05-01,False,373741,13.924586965798946,29.030153217286838,334002.6666666667,304433.5,False,일반 구간
2022,정부청사,6,1112,166617,184053,대전교통공사_역별 수송실적_20221231.csv,2022-06-01,False,350670,-6.172991456650456,17.21390107998435,350823.6666666667,308725.0833333333,False,일반 구간
2022,정부청사,7,1112,166535,184975,대전교통공사_역별 수송실적_20221231.csv,2022-07-01,False,351510,0.23954144922577747,26.04210367788642,358640.3333333333,314777.3333333333,False,일반 구간
2022,정부청사,8,1112,157211,174608,대전교통공사_역별 수송실적_20221231.csv,2022-08-01,False,331819,-5.601832095815196,32.30211639367793,344666.3333333333,321528.5833333333,False,일반 구간
2022,정부청사,9,1112,165985,182303,대전교통공사_역별 수송실적_20221231.csv,2022-09-01,False,348288,4.963248035826751,29.65294400125078,343872.3333333333,328166.6666666667,False,일반 구간
2022,정부청사,10,1112,176057,194303,대전교통공사_역별 수송실적_20221231.csv,2022-10-01,False,370360,6.3372840867328195,22.280258057699797,350155.6666666667,333790.1666666667,False,일반 구간
2022,정부청사,11,1112,181863,198683,대전교통공사_역별 수송실적_20221231.csv,2022-11-01,False,380546,2.750297008316238,11.71730278628318,366398.0,337116.25,False,일반 구간
2022,정부청사,12,1112,190067,209810,대전교통공사_역별 수송실적_20221231.csv,2022-12-01,False,399877,5.079806383459551,17.45646165188708,383594.3333333333,342068.75,False,일반 구간
2023,정부청사,1,1112,169275,185432,대전교통공사_역별 수송실적_20231231.csv,2023-01-01,False,354707,-11.295973511854896,14.10322808936355,378376.6666666667,345722.25,False,일반 구간
2023,정부청사,2,1112,174691,190582,대전교통공사_역별 수송실적_20231231.csv,2023-02-01,False,365273,2.9787965842230424,41.09632960190357,373285.6666666667,354588.1666666667,False,일반 구간
2023,정부청사,3,1112,195853,210387,대전교통공사_역별 수송실적_20231231.csv,2023-03-01,False,406240,11.215447076570118,35.319962559167514,375406.6666666667,363424.25,False,일반 구간
2023,정부청사,4,1112,184074,198163,대전교통공사_역별 수송실적_20231231.csv,2023-04-01,False,382237,-5.90857621110673,16.51435712979332,384583.3333333333,367939.0,False,일반 구간
2023,정부청사,5,1112,190440,205991,대전교통공사_역별 수송실적_20231231.csv,2023-05-01,False,396431,3.7134029411072245,6.071049202522594,394969.3333333333,369829.8333333333,False,일반 구간
2023,정부청사,6,1112,188434,201701,대전교통공사_역별 수송실적_20231231.csv,2023-06-01,False,390135,-1.5881704508476924,11.254170587732059,389601.0,373118.5833333333,False,일반 구간
2023,정부청사,7,1112,181916,195853,대전교통공사_역별 수송실적_20231231.csv,2023-07-01,False,377769,-3.169672036602711,7.4703422377741635,388111.6666666667,375306.8333333333,False,일반 구간
2023,정부청사,8,1112,186829,198344,대전교통공사_역별 수송실적_20231231.csv,2023-08-01,False,385173,1.9599278924422148,16.079248023771985,384359.0,379753.0,False,일반 구간
2023,정부청사,9,1112,178827,191636,대전교통공사_역별 수송실적_20231231.csv,2023-09-01,False,370463,-3.8190631222853155,6.366857313487695,377801.6666666667,381600.9166666667,False,일반 구간
2023,정부청사,10,1112,190757,206107,대전교통공사_역별 수송실적_20231231.csv,2023-10-01,False,396864,7.126487665434866,7.156280375850521,384166.6666666667,383809.5833333333,False,일반 구간
2023,정부청사,11,1112,197959,210886,대전교통공사_역별 수송실적_20231231.csv,2023-11-01,False,408845,3.018918319625863,7.436420301356472,392057.3333333333,386167.8333333333,False,일반 구간
2023,정부청사,12,1112,195262,210403,대전교통공사_역별 수송실적_20231231.csv,2023-12-01,False,405665,-0.7778008780833789,1.4474450893649848,403791.3333333333,386650.1666666667,False,일반 구간
2024,정부청사,1,1112,192770,206688,대전교통공사_역별 수송실적_20241231.csv,2024-01-01,False,399458,-1.5300802386205348,12.616328406262078,404656.0,390379.4166666667,False,일반 구간
2024,정부청사,2,1112,173481,184873,대전교통공사_역별 수송실적_20241231.csv,2024-02-01,False,358354,-10.289942872592361,-1.8941996807867012,387825.6666666667,389802.8333333333,True,일반 구간
2024,정부청사,3,1112,190457,203976,대전교통공사_역별 수송실적_20241231.csv,2024-03-01,False,394433,10.067977474787494,-2.906410003938553,384081.6666666667,388818.9166666667,False,일반 구간
2024,정부청사,4,1112,192889,205108,대전교통공사_역별 수송실적_20241231.csv,2024-04-01,False,397997,0.9035755121909128,4.123096403540205,383594.6666666667,390132.25,False,일반 구간
2024,정부청사,5,1112,199715,213408,대전교통공사_역별 수송실적_20241231.csv,2024-05-01,False,413123,3.8005311597826053,4.210568800119052,401851.0,391523.25,False,일반 구간
2024,정부청사,6,1112,179949,194695,대전교통공사_역별 수송실적_20241231.csv,2024-06-01,False,374644,-9.314175197217288,-3.9706768169992412,395254.6666666667,390232.3333333333,False,일반 구간
2024,정부청사,7,1112,192104,207158,대전교통공사_역별 수송실적_20241231.csv,2024-07-01,False,399262,6.571038105508165,5.689455725588921,395676.3333333333,392023.4166666667,False,일반 구간
2024,정부청사,8,1112,182806,195155,대전교통공사_역별 수송실적_20241231.csv,2024-08-01,False,377961,-5.33509324704079,-1.872405386670406,383955.6666666667,391422.4166666667,False,일반 구간
2024,정부청사,9,1112,164703,177280,대전교통공사_역별 수송실적_20241231.csv,2024-09-01,False,341983,-9.518971534100073,-7.687677311904295,373068.6666666667,389049.0833333333,True,일반 구간
2024,정부청사,10,1112,189684,203510,대전교통공사_역별 수송실적_20241231.csv,2024-10-01,False,393194,14.974720965662037,-0.9247500403160802,371046.0,388743.25,False,일반 구간
2024,정부청사,11,1112,195033,207907,대전교통공사_역별 수송실적_20241231.csv,2024-11-01,False,402940,2.478674649155388,-1.4443126368183568,379372.3333333333,388251.1666666667,False,일반 구간
2024,정부청사,12,1112,196783,212332,대전교통공사_역별 수송실적_20241231.csv,2024-12-01,False,409115,1.532486226237162,0.8504554250428287,401749.6666666667,388538.6666666667,False,일반 구간
2026,정부청사,1,1112,192607,207463,대전교통공사_역별 수송실적_20260731.csv,2026-01-01,False,400070,-2.2108698043337482,0.1532075962929813,404041.6666666667,388589.6666666667,False,일반 구간
2026,정부청사,2,1112,166329,179422,대전교통공사_역별 수송실적_20260731.csv,2026-02-01,False,345751,-13.577373959557082,-3.516913443131653,384978.6666666667,387539.4166666667,False,일반 구간
2026,정부청사,3,1112,204670,222867,대전교통공사_역별 수송실적_20260731.csv,2026-03-01,False,427537,23.654595359087892,8.392806889890036,391119.3333333333,390298.0833333333,False,일반 구간
2026,정부청사,4,1112,218356,235363,대전교통공사_역별 수송실적_20260731.csv,2026-04-01,False,453719,6.1239144214418895,14.000608044784247,409002.3333333333,394941.5833333333,False,일반 구간
2026,정부청사,5,1112,202909,219713,대전교통공사_역별 수송실적_20260731.csv,2026-05-01,False,422622,-6.853801582036456,2.2993152160494468,434626.0,395733.1666666667,False,일반 구간
2026,정부청사,6,1112,201641,216661,대전교통공사_역별 수송실적_20260731.csv,2026-06-01,False,418302,-1.0221900421653385,11.653196100831732,431547.6666666667,399371.3333333333,False,일반 구간
2026,정부청사,7,1112,197820,213823,대전교통공사_역별 수송실적_20260731.csv,2026-07-01,False,411643,-1.5919120635330408,3.100971292033794,417522.3333333333,400403.0833333333,False,일반 구간
2015,중구청,1,1106,76903,84004,대전교통공사_역별 수송실적_20151231.csv,2015-01-01,False,160907,,,160907.0,160907.0,False,일반 구간
2015,중구청,2,1106,63130,68750,대전교통공사_역별 수송실적_20151231.csv,2015-02-01,False,131880,-18.039612944123007,,146393.5,146393.5,False,일반 구간
2015,중구청,3,1106,82771,88301,대전교통공사_역별 수송실적_20151231.csv,2015-03-01,False,171072,29.717925386715205,,154619.66666666666,154619.66666666666,False,일반 구간
2015,중구청,4,1106,82199,88531,대전교통공사_역별 수송실적_20151231.csv,2015-04-01,False,170730,-0.1999158249158195,,157894.0,158647.25,False,일반 구간
2015,중구청,5,1106,79631,86032,대전교통공사_역별 수송실적_20151231.csv,2015-05-01,False,165663,-2.9678439641539267,,169155.0,160050.4,False,일반 구간
2015,중구청,6,1106,63339,67895,대전교통공사_역별 수송실적_20151231.csv,2015-06-01,False,131234,-20.782552531343757,,155875.66666666666,155247.66666666666,False,일반 구간
2015,중구청,7,1106,76362,81890,대전교통공사_역별 수송실적_20151231.csv,2015-07-01,False,158252,20.587652590030014,,151716.33333333334,155676.85714285713,False,일반 구간
2015,중구청,8,1106,69324,74033,대전교통공사_역별 수송실적_20151231.csv,2015-08-01,False,143357,-9.41220332128504,,144281.0,154136.875,False,일반 구간
2015,중구청,9,1106,74386,78631,대전교통공사_역별 수송실적_20151231.csv,2015-09-01,False,153017,6.738422260510468,,151542.0,154012.44444444444,False,일반 구간
2015,중구청,10,1106,80443,84741,대전교통공사_역별 수송실적_20151231.csv,2015-10-01,False,165184,7.951404092355752,,153852.66666666666,155129.6,False,일반 구간
2015,중구청,11,1106,77107,82066,대전교통공사_역별 수송실적_20151231.csv,2015-11-01,False,159173,-3.6389722975590844,,159124.66666666666,155497.18181818182,False,일반 구간
2015,중구청,12,1106,77170,82681,대전교통공사_역별 수송실적_20151231.csv,2015-12-01,False,159851,0.42595163752645604,,161402.66666666666,155860.0,False,일반 구간
2016,중구청,1,1106,68250,73021,대전교통공사_역별 수송실적_20161231.csv,2016-01-01,False,141271,-11.623324220680509,-12.203322416053997,153431.66666666666,154223.66666666666,False,일반 구간
2016,중구청,2,1106,64309,69159,대전교통공사_역별 수송실적_20161231.csv,2016-02-01,False,133468,-5.523426605601999,1.20412496208675,144863.33333333334,154356.0,False,일반 구간
2016,중구청,3,1106,80336,84719,대전교통공사_역별 수송실적_20161231.csv,2016-03-01,False,165055,23.666346989540553,-3.517232510288071,146598.0,153854.58333333334,False,일반 구간
2016,중구청,4,1106,75611,80850,대전교통공사_역별 수송실적_20161231.csv,2016-04-01,False,156461,-5.2067492653963825,-8.357640719264337,151661.33333333334,152665.5,False,일반 구간
2016,중구청,5,1106,77877,82876,대전교통공사_역별 수송실적_20161231.csv,2016-05-01,False,160753,2.7431756156486298,-2.96384829442905,160756.33333333334,152256.33333333334,False,일반 구간
2016,중구청,6,1106,73892,78622,대전교통공사_역별 수송실적_20161231.csv,2016-06-01,False,152514,-5.125254272082014,16.215310056845023,156576.0,154029.66666666666,False,일반 구간
2016,중구청,7,1106,71865,76025,대전교통공사_역별 수송실적_20161231.csv,2016-07-01,False,147890,-3.0318528135122036,-6.547784546166868,153719.0,153166.16666666666,False,일반 구간
2016,중구청,8,1106,68975,72608,대전교통공사_역별 수송실적_20161231.csv,2016-08-01,False,141583,-4.264656163364666,-1.2374700921475745,147329.0,153018.33333333334,False,일반 구간
2016,중구청,9,1106,67636,70777,대전교통공사_역별 수송실적_20161231.csv,2016-09-01,False,138413,-2.2389693677913325,-9.544037590594511,142628.66666666666,151801.33333333334,False,일반 구간
2016,중구청,10,1106,75198,78086,대전교통공사_역별 수송실적_20161231.csv,2016-10-01,False,153284,10.74393301207257,-7.204087562960093,144426.66666666666,150809.66666666666,False,일반 구간
2016,중구청,11,1106,75991,78808,대전교통공사_역별 수송실적_20161231.csv,2016-11-01,False,154799,0.9883614728216861,-2.7479534845733844,148832.0,150445.16666666666,False,일반 구간
2016,중구청,12,1106,75032,79004,대전교통공사_역별 수송실적_20161231.csv,2016-12-01,False,154036,-0.4928972409382504,-3.6377626664831575,154039.66666666666,149960.58333333334,False,일반 구간
2017,중구청,1,1106,64811,69834,대전교통공사_역별 수송실적_20171231.csv,2017-01-01,False,134645,-12.588615648290013,-4.69027613593731,147826.66666666666,149408.41666666666,False,일반 구간
2017,중구청,2,1106,65595,69989,대전교통공사_역별 수송실적_20171231.csv,2017-02-01,False,135584,0.6973894314679319,1.5853987472652653,141421.66666666666,149584.75,False,일반 구간
2017,중구청,3,1106,78094,82019,대전교통공사_역별 수송실적_20171231.csv,2017-03-01,False,160113,18.09136771300448,-2.9941534639968514,143447.33333333334,149172.91666666666,False,일반 구간
2017,중구청,4,1106,73662,78152,대전교통공사_역별 수송실적_20171231.csv,2017-04-01,False,151814,-5.183214354861876,-2.9700692185273048,149170.33333333334,148785.66666666666,False,일반 구간
2017,중구청,5,1106,74822,79185,대전교통공사_역별 수송실적_20171231.csv,2017-05-01,False,154007,1.4445308074354068,-4.196500220835697,155311.33333333334,148223.5,False,일반 구간
2017,중구청,6,1106,74577,78393,대전교통공사_역별 수송실적_20171231.csv,2017-06-01,False,152970,-0.6733460167394956,0.2989889452771566,152930.33333333334,148261.5,False,일반 구간
2017,중구청,7,1106,72146,75660,대전교통공사_역별 수송실적_20171231.csv,2017-07-01,False,147806,-3.3758253252271664,-0.05679897220907115,151594.33333333334,148254.5,False,일반 구간
2017,중구청,8,1106,71228,74550,대전교통공사_역별 수송실적_20171231.csv,2017-08-01,False,145778,-1.3720687928771458,2.962926340026706,148851.33333333334,148604.08333333334,False,일반 구간
2017,중구청,9,1106,76843,80019,대전교통공사_역별 수송실적_20171231.csv,2017-09-01,False,156862,7.603342068076113,13.328950315360544,150148.66666666666,150141.5,False,일반 구간
2017,중구청,10,1106,67198,70832,대전교통공사_역별 수송실적_20171231.csv,2017-10-01,False,138030,-12.005457025920874,-9.951462644503017,146890.0,148870.33333333334,False,일반 구간
2017,중구청,11,1106,79075,83061,대전교통공사_역별 수송실적_20171231.csv,2017-11-01,False,162136,17.464319350865765,4.739694700870167,152342.66666666666,149481.75,False,일반 구간
2017,중구청,12,1106,74700,79099,대전교통공사_역별 수송실적_20171231.csv,2017-12-01,False,153799,-5.1419795727043915,-0.15386013659144382,151321.66666666666,149462.0,False,일반 구간
2018,중구청,1,1106,73520,77848,대전교통공사_역별 수송실적_20181231.csv,2018-01-01,False,151368,-1.5806344644633596,12.420067585131278,155767.66666666666,150855.58333333334,False,일반 구간
2018,중구청,2,1106,60496,64911,대전교통공사_역별 수송실적_20181231.csv,2018-02-01,False,125407,-17.150916970561813,-7.506047911257962,143524.66666666666,150007.5,True,일반 구간
2018,중구청,3,1106,77291,81760,대전교통공사_역별 수송실적_20181231.csv,2018-03-01,False,159051,26.827848525201947,-0.6632815574000861,145275.33333333334,149919.0,False,일반 구간
2018,중구청,4,1106,75996,80622,대전교통공사_역별 수송실적_20181231.csv,2018-04-01,False,156618,-1.5296980213893696,3.164398540319069,147025.33333333334,150319.33333333334,False,일반 구간
2018,중구청,5,1106,76511,81348,대전교통공사_역별 수송실적_20181231.csv,2018-05-01,False,157859,0.7923738012233672,2.5011850110709277,157842.66666666666,150640.33333333334,False,일반 구간
2018,중구청,6,1106,70862,74661,대전교통공사_역별 수송실적_20181231.csv,2018-06-01,False,145523,-7.814568697381841,-4.868274825129115,153333.33333333334,150019.75,False,일반 구간
2018,중구청,7,1106,70705,74504,대전교통공사_역별 수송실적_20181231.csv,2018-07-01,False,145209,-0.2157734516193277,-1.7570328674072822,149530.33333333334,149803.33333333334,False,일반 구간
2018,중구청,8,1106,67992,71687,대전교통공사_역별 수송실적_20181231.csv,2018-08-01,False,139679,-3.8083038930093904,-4.183758866221243,143470.33333333334,149295.08333333334,False,일반 구간
2018,중구청,9,1106,65785,69779,대전교통공사_역별 수송실적_20181231.csv,2018-09-01,False,135564,-2.9460405644370358,-13.577539493312596,140150.66666666666,147520.25,False,일반 구간
2018,중구청,10,1106,76661,82116,대전교통공사_역별 수송실적_20181231.csv,2018-10-01,False,158777,17.12327756631553,15.030790407882355,144673.33333333334,149249.16666666666,False,일반 구간
2018,중구청,11,1106,76063,81615,대전교통공사_역별 수송실적_20181231.csv,2018-11-01,False,157678,-0.6921657418895721,-2.7495435930330103,150673.0,148877.66666666666,False,일반 구간
2018,중구청,12,1106,71476,77023,대전교통공사_역별 수송실적_20181231.csv,2018-12-01,False,148499,-5.821357449993025,-3.4460562162302755,154984.66666666666,148436.0,False,일반 구간
2019,중구청,1,1106,73566,79677,대전교통공사_역별 수송실적_20191231.csv,2019-01-01,False,153243,3.194634307301736,1.2387030283811606,153140.0,148592.25,False,일반 구간
2019,중구청,2,1106,59898,65124,대전교통공사_역별 수송실적_20191231.csv,2019-02-01,False,125022,-18.415849337326996,-0.30700040667586137,142254.66666666666,148560.16666666666,True,일반 구간
2019,중구청,3,1106,73545,79220,대전교통공사_역별 수송실적_20191231.csv,2019-03-01,False,152765,22.190494472972766,-3.952191435451524,143676.66666666666,148036.33333333334,False,일반 구간
2019,중구청,4,1106,76932,83392,대전교통공사_역별 수송실적_20191231.csv,2019-04-01,False,160324,4.948122933918109,2.3662669680368786,146037.0,148345.16666666666,False,일반 구간
2019,중구청,5,1106,77919,85180,대전교통공사_역별 수송실적_20191231.csv,2019-05-01,False,163099,1.7308699882737422,3.3194179615986474,158729.33333333334,148781.83333333334,False,일반 구간
2019,중구청,6,1106,68973,74788,대전교통공사_역별 수송실적_20191231.csv,2019-06-01,False,143761,-11.856602431651941,-1.2108051648193063,155728.0,148635.0,False,일반 구간
2019,중구청,7,1106,75282,81180,대전교통공사_역별 수송실적_20191231.csv,2019-07-01,False,156462,8.834802206439862,7.74951965787245,154440.66666666666,149572.75,False,일반 구간
2019,중구청,8,1106,68224,73848,대전교통공사_역별 수송실적_20191231.csv,2019-08-01,False,142072,-9.197121345758074,1.7132138689423648,147431.66666666666,149772.16666666666,False,일반 구간
2019,중구청,9,1106,65636,69823,대전교통공사_역별 수송실적_20191231.csv,2019-09-01,False,135459,-4.654682133002986,-0.07745419137824561,144664.33333333334,149763.41666666666,False,일반 구간
2019,중구청,10,1106,76193,81015,대전교통공사_역별 수송실적_20191231.csv,2019-10-01,False,157208,16.055780715936187,-0.9881783885575368,144913.0,149632.66666666666,False,일반 구간
2019,중구청,11,1106,74188,78833,대전교통공사_역별 수송실적_20191231.csv,2019-11-01,False,153021,-2.6633504656251583,-2.953487487157369,148562.66666666666,149244.58333333334,False,일반 구간
2019,중구청,12,1106,72530,78457,대전교통공사_역별 수송실적_20191231.csv,2019-12-01,False,150987,-1.3292293214656858,1.6754321577923115,153738.66666666666,149451.91666666666,False,일반 구간
2020,중구청,1,1106,65789,70913,대전교통공사_역별 수송실적_20200531.csv,2020-01-01,False,136702,-9.461079430679465,-10.793967750566091,146903.33333333334,148073.5,False,일반 구간
2020,중구청,2,1106,49642,54169,대전교통공사_역별 수송실적_20200531.csv,2020-02-01,False,103811,-24.060364881274598,-16.96581401673305,130500.0,146305.91666666666,True,팬데믹 구간
2020,중구청,3,1106,35769,38308,대전교통공사_역별 수송실적_20200531.csv,2020-03-01,False,74077,-28.64243673599137,-51.50918076784603,104863.33333333333,139748.58333333334,True,팬데믹 구간
2020,중구청,4,1106,41141,44478,대전교통공사_역별 수송실적_20200531.csv,2020-04-01,False,85619,15.581084547160383,-46.59626755819466,87835.66666666667,133523.16666666666,False,팬데믹 구간
2020,중구청,5,1106,48683,53046,대전교통공사_역별 수송실적_20200531.csv,2020-05-01,False,101729,18.81591702776253,-37.62745326458163,87141.66666666667,128409.0,False,팬데믹 구간
2020,중구청,6,1106,50938,53638,대전교통공사_역별 수송실적_20211231.csv,2020-06-01,False,104576,2.798611998545164,-27.257044678320263,97308.0,125143.58333333333,False,팬데믹 구간
2020,중구청,7,1106,49406,51963,대전교통공사_역별 수송실적_20211231.csv,2020-07-01,False,101369,-3.0666692166462672,-35.21174470478455,102558.0,120552.5,False,팬데믹 구간
2020,중구청,8,1106,46243,48380,대전교통공사_역별 수송실적_20211231.csv,2020-08-01,False,94623,-6.654894494372043,-33.397854608930686,100189.33333333333,116598.41666666667,False,팬데믹 구간
2020,중구청,9,1106,44971,46492,대전교통공사_역별 수송실적_20211231.csv,2020-09-01,False,91463,-3.339568603827825,-32.47920034844491,95818.33333333333,112932.08333333333,False,팬데믹 구간
2020,중구청,10,1106,49124,51877,대전교통공사_역별 수송실적_20211231.csv,2020-10-01,False,101001,10.428260608114748,-35.75326955371227,95695.66666666667,108248.16666666667,False,팬데믹 구간
2020,중구청,11,1106,54104,56643,대전교통공사_역별 수송실적_20211231.csv,2020-11-01,False,110747,9.649409411788001,-27.626273518013868,101070.33333333333,104725.33333333333,False,팬데믹 구간
2020,중구청,12,1106,47048,49033,대전교통공사_역별 수송실적_20211231.csv,2020-12-01,False,96081,-13.242796644604372,-36.36472014146913,102609.66666666667,100149.83333333333,False,팬데믹 구간
2021,중구청,1,1106,44321,46393,대전교통공사_역별 수송실적_20211231.csv,2021-01-01,False,90714,-5.585911886845474,-33.64105865312871,99180.66666666667,96317.5,False,팬데믹 구간
2021,중구청,2,1106,41206,43038,대전교통공사_역별 수송실적_20211231.csv,2021-02-01,False,84244,-7.132305928522609,-18.84867692248413,90346.33333333333,94686.91666666667,False,팬데믹 구간
2021,중구청,3,1106,54329,56864,대전교통공사_역별 수송실적_20211231.csv,2021-03-01,False,111193,31.989221784340714,50.10462086747574,95383.66666666667,97779.91666666667,False,팬데믹 구간
2021,중구청,4,1106,52058,54754,대전교통공사_역별 수송실적_20211231.csv,2021-04-01,False,106812,-3.9399962227838037,24.752683399712684,100749.66666666667,99546.0,False,팬데믹 구간
2021,중구청,5,1106,50363,53574,대전교통공사_역별 수송실적_20211231.csv,2021-05-01,False,103937,-2.6916451335055935,2.170472529957035,107314.0,99730.0,False,팬데믹 구간
2021,중구청,6,1106,53256,55873,대전교통공사_역별 수송실적_20211231.csv,2021-06-01,False,109129,4.995333711767702,4.353771419828645,106626.0,100109.41666666667,False,팬데믹 구간
2021,중구청,7,1106,50271,52917,대전교통공사_역별 수송실적_20211231.csv,2021-07-01,False,103188,-5.444015797817259,1.7944341958586962,105418.0,100261.0,False,팬데믹 구간
2021,중구청,8,1106,43332,45546,대전교통공사_역별 수송실적_20211231.csv,2021-08-01,False,88878,-13.867891615304107,-6.0714625408198835,100398.33333333333,99782.25,False,팬데믹 구간
2021,중구청,9,1106,45945,48253,대전교통공사_역별 수송실적_20211231.csv,2021-09-01,False,94198,5.985733252323411,2.9902802226036806,95421.33333333333,100010.16666666667,False,팬데믹 구간
2021,중구청,10,1106,51414,53856,대전교통공사_역별 수송실적_20211231.csv,2021-10-01,False,105270,11.753965052336568,4.226690824843327,96115.33333333333,100365.91666666667,False,팬데믹 구간
2021,중구청,11,1106,57835,62064,대전교통공사_역별 수송실적_20211231.csv,2021-11-01,False,119899,13.896646717963336,8.263880737175722,106455.66666666667,101128.58333333333,False,팬데믹 구간
2021,중구청,12,1106,55184,57582,대전교통공사_역별 수송실적_20211231.csv,2021-12-01,False,112766,-5.949173888022418,17.365556145335702,112645.0,102519.0,False,팬데믹 구간
2022,중구청,1,1106,48228,51128,대전교통공사_역별 수송실적_20221231.csv,2022-01-01,False,99356,-11.891882304950075,9.526644178406851,110673.66666666667,103239.16666666667,False,팬데믹 구간
2022,중구청,2,1106,40194,42743,대전교통공사_역별 수송실적_20221231.csv,2022-02-01,False,82937,-16.52542372881356,-1.551445800294382,98353.0,103130.25,False,팬데믹 구간
2022,중구청,3,1106,48536,50654,대전교통공사_역별 수송실적_20221231.csv,2022-03-01,False,99190,19.596802392177203,-10.794744273470446,93827.66666666667,102130.0,False,팬데믹 구간
2022,중구청,4,1106,52623,54929,대전교통공사_역별 수송실적_20221231.csv,2022-04-01,False,107552,8.430285311019258,0.6928060517544798,96559.66666666667,102191.66666666667,False,팬데믹 구간
2022,중구청,5,1106,63368,70646,대전교통공사_역별 수송실적_20221231.csv,2022-05-01,False,134014,24.60391252603391,28.937721889221347,113585.33333333333,104698.08333333333,True,일반 구간
2022,중구청,6,1106,57005,59461,대전교통공사_역별 수송실적_20221231.csv,2022-06-01,False,116466,-13.094154342083664,6.723235803498606,119344.0,105309.5,False,일반 구간
2022,중구청,7,1106,56212,58618,대전교통공사_역별 수송실적_20221231.csv,2022-07-01,False,114830,-1.4047018013840895,11.282319649571647,121770.0,106279.66666666667,False,일반 구간
2022,중구청,8,1106,52825,55256,대전교통공사_역별 수송실적_20221231.csv,2022-08-01,False,108081,-5.877383958895754,21.60602173766286,113125.66666666667,107879.91666666667,False,일반 구간
2022,중구청,9,1106,55855,57621,대전교통공사_역별 수송실적_20221231.csv,2022-09-01,False,113476,4.991626650382575,20.46540266247692,112129.0,109486.41666666667,False,일반 구간
2022,중구청,10,1106,59382,61927,대전교통공사_역별 수송실적_20221231.csv,2022-10-01,False,121309,6.902781204836272,15.236059656122357,114288.66666666667,110823.0,False,일반 구간
2022,중구청,11,1106,61942,64532,대전교통공사_역별 수송실적_20221231.csv,2022-11-01,False,126474,4.2577220156789775,5.483782183337649,120419.66666666667,111370.91666666667,False,일반 구간
2022,중구청,12,1106,61687,64283,대전교통공사_역별 수송실적_20221231.csv,2022-12-01,False,125970,-0.3985008776507426,11.709203128602596,124584.33333333333,112471.25,False,일반 구간
2023,중구청,1,1106,53210,56637,대전교통공사_역별 수송실적_20231231.csv,2023-01-01,False,109847,-12.799079145828374,10.558999959740722,120763.66666666667,113345.5,False,일반 구간
2023,중구청,2,1106,53650,57446,대전교통공사_역별 수송실적_20231231.csv,2023-02-01,False,111096,1.1370360592460438,33.95227702955255,115637.66666666667,115692.08333333333,False,일반 구간
2023,중구청,3,1106,63875,66255,대전교통공사_역별 수송실적_20231231.csv,2023-03-01,False,130130,17.13293007849068,31.192660550458704,117024.33333333333,118270.41666666667,False,일반 구간
2023,중구청,4,1106,60363,62876,대전교통공사_역별 수송실적_20231231.csv,2023-04-01,False,123239,-5.295473757012214,14.58550282653972,121488.33333333333,119577.66666666667,False,일반 구간
2023,중구청,5,1106,62749,66291,대전교통공사_역별 수송실적_20231231.csv,2023-05-01,False,129040,4.707113819488962,-3.7115525243631264,127469.66666666667,119163.16666666667,False,일반 구간
2023,중구청,6,1106,61457,65202,대전교통공사_역별 수송실적_20231231.csv,2023-06-01,False,126659,-1.8451642901425869,8.751910428794663,126312.66666666667,120012.58333333333,False,일반 구간
2023,중구청,7,1106,59061,62237,대전교통공사_역별 수송실적_20231231.csv,2023-07-01,False,121298,-4.232624606226166,5.632674388226078,125665.66666666667,120551.58333333333,False,일반 구간
2023,중구청,8,1106,69292,72779,대전교통공사_역별 수송실적_20231231.csv,2023-08-01,False,142071,17.125591518409202,31.448635745413167,130009.33333333333,123384.08333333333,True,일반 구간
2023,중구청,9,1106,59322,61169,대전교통공사_역별 수송실적_20231231.csv,2023-09-01,False,120491,-15.189588304439328,6.181923931051503,127953.33333333333,123968.66666666667,False,일반 구간
2023,중구청,10,1106,60639,63755,대전교통공사_역별 수송실적_20231231.csv,2023-10-01,False,124394,3.23924608476982,2.543092433372629,128985.33333333333,124225.75,False,일반 구간
2023,중구청,11,1106,63068,65737,대전교통공사_역별 수송실적_20231231.csv,2023-11-01,False,128805,3.545990964194412,1.8430665591346873,124563.33333333333,124420.0,False,일반 구간
2023,중구청,12,1106,59498,62548,대전교통공사_역별 수송실적_20231231.csv,2023-12-01,False,122046,-5.2474671014324015,-3.1150273874732126,125081.66666666667,124093.0,False,일반 구간
2024,중구청,1,1106,59455,63503,대전교통공사_역별 수송실적_20241231.csv,2024-01-01,False,122958,0.7472592301263514,11.935692372117579,124603.0,125185.58333333333,False,일반 구간
2024,중구청,2,1106,53101,56557,대전교통공사_역별 수송실적_20241231.csv,2024-02-01,False,109658,-10.816701637957681,-1.2943760351407763,118220.66666666667,125065.75,True,일반 구간
2024,중구청,3,1106,64005,66952,대전교통공사_역별 수송실적_20241231.csv,2024-03-01,False,130957,19.423115504568745,0.6355183278260235,121191.0,125134.66666666667,False,일반 구간
2024,중구청,4,1106,66127,69651,대전교통공사_역별 수송실적_20241231.csv,2024-04-01,False,135778,3.681361057446342,10.174538904080688,125464.33333333333,126179.58333333333,False,일반 구간
2024,중구청,5,1106,68166,71960,대전교통공사_역별 수송실적_20241231.csv,2024-05-01,False,140126,3.2022860846381507,8.59113453192808,135620.33333333334,127103.41666666667,False,일반 구간
2024,중구청,6,1106,62832,65734,대전교통공사_역별 수송실적_20241231.csv,2024-06-01,False,128566,-8.249718110843096,1.5056174452664273,134823.33333333334,127262.33333333333,False,일반 구간
2024,중구청,7,1106,65331,67716,대전교통공사_역별 수송실적_20241231.csv,2024-07-01,False,133047,3.485369382262804,9.686062424772057,133913.0,128241.41666666667,False,일반 구간
2024,중구청,8,1106,70500,74714,대전교통공사_역별 수송실적_20241231.csv,2024-08-01,False,145214,9.144888648372373,2.212274144617843,135609.0,128503.33333333333,False,일반 구간
2024,중구청,9,1106,57265,58847,대전교통공사_역별 수송실적_20241231.csv,2024-09-01,False,116112,-20.040767419119366,-3.6342963374857873,131457.66666666666,128138.41666666667,False,일반 구간
2024,중구청,10,1106,64152,66295,대전교통공사_역별 수송실적_20241231.csv,2024-10-01,False,130447,12.3458385007579,4.865990321076574,130591.0,128642.83333333333,False,일반 구간
2024,중구청,11,1106,64817,66855,대전교통공사_역별 수송실적_20241231.csv,2024-11-01,False,131672,0.939078706294505,2.225845269981752,126077.0,128881.75,False,일반 구간
2024,중구청,12,1106,64183,66830,대전교통공사_역별 수송실적_20241231.csv,2024-12-01,False,131013,-0.500486056261007,7.3472297330514635,131044.0,129629.0,False,일반 구간
2026,중구청,1,1106,65602,68823,대전교통공사_역별 수송실적_20260731.csv,2026-01-01,False,134425,2.604321708532731,9.325948697929377,132370.0,130584.58333333333,False,일반 구간
2026,중구청,2,1106,57423,61292,대전교통공사_역별 수송실적_20260731.csv,2026-02-01,False,118715,-11.68681420866654,8.259315325831217,128051.0,131339.33333333334,False,일반 구간
2026,중구청,3,1106,74516,77723,대전교통공사_역별 수송실적_20260731.csv,2026-03-01,False,152239,28.23905993345408,16.251135869025713,135126.33333333334,133112.83333333334,False,일반 구간
2026,중구청,4,1106,78793,82139,대전교통공사_역별 수송실적_20260731.csv,2026-04-01,False,160932,5.710100565558096,18.52582892663024,143962.0,135209.0,True,일반 구간
2026,중구청,5,1106,73169,76967,대전교통공사_역별 수송실적_20260731.csv,2026-05-01,False,150136,-6.708423433499866,7.14357078629233,154435.66666666666,136043.16666666666,False,일반 구간
2026,중구청,6,1106,73179,75900,대전교통공사_역별 수송실적_20260731.csv,2026-06-01,False,149079,-0.7040283476314801,15.955229220789313,153382.33333333334,137752.58333333334,False,일반 구간
2026,중구청,7,1106,70366,73409,대전교통공사_역별 수송실적_20260731.csv,2026-07-01,False,143775,-3.557845169339746,8.063315971047835,147663.33333333334,138646.58333333334,False,일반 구간
2015,중앙로,1,1105,217749,239720,대전교통공사_역별 수송실적_20151231.csv,2015-01-01,False,457469,,,457469.0,457469.0,False,일반 구간
2015,중앙로,2,1105,202138,221174,대전교통공사_역별 수송실적_20151231.csv,2015-02-01,False,423312,-7.466516856879924,,440390.5,440390.5,False,일반 구간
2015,중앙로,3,1105,219426,240776,대전교통공사_역별 수송실적_20151231.csv,2015-03-01,False,460202,8.714612389915711,,446994.3333333333,446994.3333333333,False,일반 구간
2015,중앙로,4,1105,197064,220220,대전교통공사_역별 수송실적_20151231.csv,2015-04-01,False,417284,-9.325904711409338,,433599.3333333333,439566.75,False,일반 구간
2015,중앙로,5,1105,236105,260536,대전교통공사_역별 수송실적_20151231.csv,2015-05-01,False,496641,19.017503666567602,,458042.3333333333,450981.6,False,일반 구간
2015,중앙로,6,1105,167146,184676,대전교통공사_역별 수송실적_20151231.csv,2015-06-01,False,351822,-29.159694829867043,,421915.6666666667,434455.0,False,일반 구간
2015,중앙로,7,1105,210010,229236,대전교통공사_역별 수송실적_20151231.csv,2015-07-01,False,439246,24.848929288105914,,429236.3333333333,435139.4285714286,False,일반 구간
2015,중앙로,8,1105,207396,226973,대전교통공사_역별 수송실적_20151231.csv,2015-08-01,False,434369,-1.110311761518601,,408479.0,435043.125,False,일반 구간
2015,중앙로,9,1105,200365,220826,대전교통공사_역별 수송실적_20151231.csv,2015-09-01,False,421191,-3.0338260787487137,,431602.0,433504.0,False,일반 구간
2015,중앙로,10,1105,212766,234283,대전교통공사_역별 수송실적_20151231.csv,2015-10-01,False,447049,6.139257486508498,,434203.0,434858.5,False,일반 구간
2015,중앙로,11,1105,201850,221772,대전교통공사_역별 수송실적_20151231.csv,2015-11-01,False,423622,-5.240365150128956,,430620.6666666667,433837.0,False,일반 구간
2015,중앙로,12,1105,243757,265242,대전교통공사_역별 수송실적_20151231.csv,2015-12-01,False,508999,20.15405243353745,,459890.0,440100.5,False,일반 구간
2016,중앙로,1,1105,211815,232093,대전교통공사_역별 수송실적_20161231.csv,2016-01-01,False,443908,-12.788040840944682,-2.96435386878674,458843.0,438970.4166666667,False,일반 구간
2016,중앙로,2,1105,218467,235944,대전교통공사_역별 수송실적_20161231.csv,2016-02-01,False,454411,2.366030799174612,7.34659069433421,469106.0,441562.0,False,일반 구간
2016,중앙로,3,1105,219875,240296,대전교통공사_역별 수송실적_20161231.csv,2016-03-01,False,460171,1.2675749486698251,-0.006736172376475835,452830.0,441559.4166666667,False,일반 구간
2016,중앙로,4,1105,205378,227784,대전교통공사_역별 수송실적_20161231.csv,2016-04-01,False,433162,-5.869339875828771,3.8050823899310693,449248.0,442882.5833333333,False,일반 구간
2016,중앙로,5,1105,230817,253134,대전교통공사_역별 수송실적_20161231.csv,2016-05-01,False,483951,11.725174415114893,-2.555165602517717,459094.6666666667,441825.0833333333,False,일반 구간
2016,중앙로,6,1105,197360,217252,대전교통공사_역별 수송실적_20161231.csv,2016-06-01,False,414612,-14.32769020004091,17.8470931323226,443908.3333333333,447057.5833333333,False,일반 구간
2016,중앙로,7,1105,216645,235582,대전교통공사_역별 수송실적_20161231.csv,2016-07-01,False,452227,9.07233751073293,2.9552915678230374,450263.3333333333,448139.3333333333,False,일반 구간
2016,중앙로,8,1105,211162,231806,대전교통공사_역별 수송실적_20161231.csv,2016-08-01,False,442968,-2.047423086193434,1.979653244131141,436602.3333333333,448855.9166666667,False,일반 구간
2016,중앙로,9,1105,194371,216598,대전교통공사_역별 수송실적_20161231.csv,2016-09-01,False,410969,-7.223772371819182,-2.4269274509664207,435388.0,448004.0833333333,False,일반 구간
2016,중앙로,10,1105,206377,227518,대전교통공사_역별 수송실적_20161231.csv,2016-10-01,False,433895,5.5785229542860915,-2.9424067607801363,429277.3333333333,446907.9166666667,False,일반 구간
2016,중앙로,11,1105,198232,218794,대전교통공사_역별 수송실적_20161231.csv,2016-11-01,False,417026,-3.8878069579045604,-1.5570485007860735,420630.0,446358.25,False,일반 구간
2016,중앙로,12,1105,230077,251625,대전교통공사_역별 수송실적_20161231.csv,2016-12-01,False,481702,15.508865154690588,-5.362878905459533,444207.6666666667,444083.5,False,일반 구간
2017,중앙로,1,1105,204935,226823,대전교통공사_역별 수송실적_20171231.csv,2017-01-01,False,431758,-10.36823596331342,-2.7370536237238396,443495.3333333333,443071.0,False,일반 구간
2017,중앙로,2,1105,212507,234378,대전교통공사_역별 수송실적_20171231.csv,2017-02-01,False,446885,3.5035830256764156,-1.65620990689046,453448.3333333333,442443.8333333333,False,일반 구간
2017,중앙로,3,1105,213514,235236,대전교통공사_역별 수송실적_20171231.csv,2017-03-01,False,448750,0.41733331841524723,-2.4819034663201234,442464.3333333333,441492.0833333333,False,일반 구간
2017,중앙로,4,1105,199037,221142,대전교통공사_역별 수송실적_20171231.csv,2017-04-01,False,420179,-6.366796657381613,-2.9972619943577694,438604.6666666667,440410.1666666667,False,일반 구간
2017,중앙로,5,1105,221769,245494,대전교통공사_역별 수송실적_20171231.csv,2017-05-01,False,467263,11.20570042767488,-3.4482829873272336,445397.3333333333,439019.5,False,일반 구간
2017,중앙로,6,1105,196753,219027,대전교통공사_역별 수송실적_20171231.csv,2017-06-01,False,415780,-11.017992008783061,0.28170916423064796,434407.3333333333,439116.8333333333,False,일반 구간
2017,중앙로,7,1105,211363,231352,대전교통공사_역별 수송실적_20171231.csv,2017-07-01,False,442715,6.4781855789119325,-2.103368441070519,441919.3333333333,438324.1666666667,False,일반 구간
2017,중앙로,8,1105,203381,224934,대전교통공사_역별 수송실적_20171231.csv,2017-08-01,False,428315,-3.2526569011666617,-3.307913889942393,428936.6666666667,437103.0833333333,False,일반 구간
2017,중앙로,9,1105,200698,222559,대전교통공사_역별 수송실적_20171231.csv,2017-09-01,False,423257,-1.1809065757678372,2.9900065455058744,431429.0,438127.0833333333,False,일반 구간
2017,중앙로,10,1105,195529,215240,대전교통공사_역별 수송실적_20171231.csv,2017-10-01,False,410769,-2.9504532707078646,-5.329860911049911,420780.3333333333,436199.9166666667,False,일반 구간
2017,중앙로,11,1105,194635,215742,대전교통공사_역별 수송실적_20171231.csv,2017-11-01,False,410377,-0.09543076522328109,-1.5943850023739548,414801.0,435645.8333333333,False,일반 구간
2017,중앙로,12,1105,227043,248044,대전교통공사_역별 수송실적_20171231.csv,2017-12-01,False,475087,15.768427567821774,-1.3732556642903737,432077.6666666667,435094.5833333333,False,일반 구간
2018,중앙로,1,1105,202440,223767,대전교통공사_역별 수송실적_20181231.csv,2018-01-01,False,426207,-10.288641869804904,-1.2856739191862143,437223.6666666667,434632.0,False,일반 구간
2018,중앙로,2,1105,194715,213812,대전교통공사_역별 수송실적_20181231.csv,2018-02-01,False,408527,-4.148219057875635,-8.583416315159376,436607.0,431435.5,False,일반 구간
2018,중앙로,3,1105,213646,235855,대전교통공사_역별 수송실적_20181231.csv,2018-03-01,False,449501,10.029692039938599,0.1673537604456765,428078.3333333333,431498.0833333333,False,일반 구간
2018,중앙로,4,1105,191537,213416,대전교통공사_역별 수송실적_20181231.csv,2018-04-01,False,404953,-9.910545249065073,-3.6236937114896284,420993.6666666667,430229.25,False,일반 구간
2018,중앙로,5,1105,218206,240537,대전교통공사_역별 수송실적_20181231.csv,2018-05-01,False,458743,13.283022968097535,-1.8233842611120488,437732.3333333333,429519.25,False,일반 구간
2018,중앙로,6,1105,194073,216566,대전교통공사_역별 수송실적_20181231.csv,2018-06-01,False,410639,-10.486045563638024,-1.236471210736445,424778.3333333333,429090.8333333333,False,일반 구간
2018,중앙로,7,1105,209556,232526,대전교통공사_역별 수송실적_20181231.csv,2018-07-01,False,442082,7.657090534508404,-0.14298137628044882,437154.6666666667,429038.0833333333,False,일반 구간
2018,중앙로,8,1105,203477,223600,대전교통공사_역별 수송실적_20181231.csv,2018-08-01,False,427077,-3.3941666930569436,-0.2890396086992042,426599.3333333333,428934.9166666667,False,일반 구간
2018,중앙로,9,1105,189585,210726,대전교통공사_역별 수송실적_20181231.csv,2018-09-01,False,400311,-6.2672539143995065,-5.421292500773767,423156.6666666667,427022.75,False,일반 구간
2018,중앙로,10,1105,204208,223706,대전교통공사_역별 수송실적_20181231.csv,2018-10-01,False,427914,6.895388835180638,4.173878749370075,418434.0,428451.5,False,일반 구간
2018,중앙로,11,1105,196141,217751,대전교통공사_역별 수송실적_20181231.csv,2018-11-01,False,413892,-3.276826652084297,0.8565294838648319,414039.0,428744.4166666667,False,일반 구간
2018,중앙로,12,1105,219046,239959,대전교통공사_역별 수송실적_20181231.csv,2018-12-01,False,459005,10.899703304243612,-3.385064209292188,433603.6666666667,427404.25,False,일반 구간
2019,중앙로,1,1105,207834,227764,대전교통공사_역별 수송실적_20191231.csv,2019-01-01,False,435598,-5.099508719948586,2.2033894328342907,436165.0,428186.8333333333,False,일반 구간
2019,중앙로,2,1105,194192,213731,대전교통공사_역별 수송실적_20191231.csv,2019-02-01,False,407923,-6.353334955624224,-0.14784824503643046,434175.3333333333,428136.5,False,일반 구간
2019,중앙로,3,1105,206113,227008,대전교통공사_역별 수송실적_20191231.csv,2019-03-01,False,433121,6.177146177097148,-3.6440408363941357,425547.3333333333,426771.5,False,일반 구간
2019,중앙로,4,1105,189117,210069,대전교통공사_역별 수송실적_20191231.csv,2019-04-01,False,399186,-7.83499299272028,-1.424115885053323,413410.0,426290.9166666667,False,일반 구간
2019,중앙로,5,1105,215687,238381,대전교통공사_역별 수송실적_20191231.csv,2019-05-01,False,454068,13.748478153041432,-1.0190891196159901,428791.6666666667,425901.3333333333,False,일반 구간
2019,중앙로,6,1105,189905,210869,대전교통공사_역별 수송실적_20191231.csv,2019-06-01,False,400774,-11.7370085537849,-2.402353405302471,418009.3333333333,425079.25,False,일반 구간
2019,중앙로,7,1105,205061,226607,대전교통공사_역별 수송실적_20191231.csv,2019-07-01,False,431668,7.708583890172527,-2.355671572242257,428836.6666666667,424211.4166666667,False,일반 구간
2019,중앙로,8,1105,202415,223041,대전교통공사_역별 수송실적_20191231.csv,2019-08-01,False,425456,-1.4390689140728496,-0.3795568480625233,419299.3333333333,424076.3333333333,False,일반 구간
2019,중앙로,9,1105,182351,202380,대전교통공사_역별 수송실적_20191231.csv,2019-09-01,False,384731,-9.572082659546465,-3.891973990222597,413951.6666666667,422778.0,False,일반 구간
2019,중앙로,10,1105,193373,215019,대전교통공사_역별 수송실적_20191231.csv,2019-10-01,False,408392,6.150011306601244,-4.562131643274114,406193.0,421151.1666666667,False,일반 구간
2019,중앙로,11,1105,186547,208632,대전교통공사_역별 수송실적_20191231.csv,2019-11-01,False,395179,-3.2353718975885903,-4.521227759898716,396100.6666666667,419591.75,False,일반 구간
2019,중앙로,12,1105,212489,235300,대전교통공사_역별 수송실적_20191231.csv,2019-12-01,False,447789,13.312954382697463,-2.4435463665973156,417120.0,418657.0833333333,False,일반 구간
2020,중앙로,1,1105,186599,207634,대전교통공사_역별 수송실적_20200531.csv,2020-01-01,False,394233,-11.960097277959036,-9.496140937286214,412400.3333333333,415210.0,False,일반 구간
2020,중앙로,2,1105,135093,148384,대전교통공사_역별 수송실적_20200531.csv,2020-02-01,False,283477,-28.094045906862185,-30.507228079809178,375166.3333333333,404839.5,True,팬데믹 구간
2020,중앙로,3,1105,77624,85910,대전교통공사_역별 수송실적_20200531.csv,2020-03-01,False,163534,-42.31136917633529,-62.24288362836251,280414.6666666667,382373.9166666667,True,팬데믹 구간
2020,중앙로,4,1105,99793,112023,대전교통공사_역별 수송실적_20200531.csv,2020-04-01,False,211816,29.52413565374785,-46.938018868397194,219609.0,366759.75,False,팬데믹 구간
2020,중앙로,5,1105,131212,148421,대전교통공사_역별 수송실적_20200531.csv,2020-05-01,False,279633,32.016939230275334,-38.4160522212532,218327.66666666666,352223.5,False,팬데믹 구간
2020,중앙로,6,1105,116007,128223,대전교통공사_역별 수송실적_20211231.csv,2020-06-01,False,244230,-12.660522899657767,-39.060418090993934,245226.33333333334,339178.1666666667,False,팬데믹 구간
2020,중앙로,7,1105,112863,125416,대전교통공사_역별 수송실적_20211231.csv,2020-07-01,False,238279,-2.436637595708968,-44.80040216091996,254047.33333333334,323062.4166666667,False,팬데믹 구간
2020,중앙로,8,1105,117901,129749,대전교통공사_역별 수송실적_20211231.csv,2020-08-01,False,247650,3.9327846767864605,-41.791865668835314,243386.33333333334,308245.25,False,팬데믹 구간
2020,중앙로,9,1105,100549,112475,대전교통공사_역별 수송실적_20211231.csv,2020-09-01,False,213024,-13.98182919442762,-44.63040410052738,232984.33333333334,293936.3333333333,False,팬데믹 구간
2020,중앙로,10,1105,120901,135790,대전교통공사_역별 수송실적_20211231.csv,2020-10-01,False,256691,20.498629262430534,-37.14592842171247,239121.66666666666,281294.5833333333,False,팬데믹 구간
2020,중앙로,11,1105,128255,142892,대전교통공사_역별 수송실적_20211231.csv,2020-11-01,False,271147,5.631673880268484,-31.386283178002884,246954.0,270958.5833333333,False,팬데믹 구간
2020,중앙로,12,1105,106034,114487,대전교통공사_역별 수송실적_20211231.csv,2020-12-01,False,220521,-18.671052971266512,-50.753368215833795,249453.0,252019.58333333334,False,팬데믹 구간
2021,중앙로,1,1105,107961,117605,대전교통공사_역별 수송실적_20211231.csv,2021-01-01,False,225566,2.2877639771268887,-42.783582297778224,239078.0,237964.0,False,팬데믹 구간
2021,중앙로,2,1105,114053,124374,대전교통공사_역별 수송실적_20211231.csv,2021-02-01,False,238427,5.701657164643614,-15.891941850661606,228171.33333333334,234209.83333333334,False,팬데믹 구간
2021,중앙로,3,1105,130453,145486,대전교통공사_역별 수송실적_20211231.csv,2021-03-01,False,275939,15.73311747411157,68.7349419692541,246644.0,243576.91666666666,False,팬데믹 구간
2021,중앙로,4,1105,118001,129530,대전교통공사_역별 수송실적_20211231.csv,2021-04-01,False,247531,-10.295028973794928,16.861332477244396,253965.66666666666,246553.16666666666,False,팬데믹 구간
2021,중앙로,5,1105,130372,145295,대전교통공사_역별 수송실적_20211231.csv,2021-05-01,False,275667,11.366657105574651,-1.418287541170038,266379.0,246222.66666666666,False,팬데믹 구간
2021,중앙로,6,1105,126023,139491,대전교통공사_역별 수송실적_20211231.csv,2021-06-01,False,265514,-3.6830668886736584,8.714736109405074,262904.0,247996.33333333334,False,팬데믹 구간
2021,중앙로,7,1105,126945,138107,대전교통공사_역별 수송실적_20211231.csv,2021-07-01,False,265052,-0.1740021241817713,11.235988064411885,268744.3333333333,250227.41666666666,False,팬데믹 구간
2021,중앙로,8,1105,111080,119884,대전교통공사_역별 수송실적_20211231.csv,2021-08-01,False,230964,-12.860872583493055,-6.737734706238641,253843.33333333334,248836.91666666666,False,팬데믹 구간
2021,중앙로,9,1105,118545,129915,대전교통공사_역별 수송실적_20211231.csv,2021-09-01,False,248460,7.575206525692324,16.634745380802162,248158.66666666666,251789.91666666666,False,팬데믹 구간
2021,중앙로,10,1105,131797,144743,대전교통공사_역별 수송실적_20211231.csv,2021-10-01,False,276540,11.301617966674726,7.732643528600525,251988.0,253444.0,False,팬데믹 구간
2021,중앙로,11,1105,136593,151778,대전교통공사_역별 수송실적_20211231.csv,2021-11-01,False,288371,4.278223765097278,6.352273858829349,271123.6666666667,254879.33333333334,False,팬데믹 구간
2021,중앙로,12,1105,141199,152910,대전교통공사_역별 수송실적_20211231.csv,2021-12-01,False,294109,1.9897978645564196,33.37006452900177,286340.0,261011.66666666666,False,팬데믹 구간
2022,중앙로,1,1105,134600,145082,대전교통공사_역별 수송실적_20221231.csv,2022-01-01,False,279682,-4.9053242165319695,23.991204348173035,287387.3333333333,265521.3333333333,False,팬데믹 구간
2022,중앙로,2,1105,112270,119989,대전교통공사_역별 수송실적_20221231.csv,2022-02-01,False,232259,-16.95604293447558,-2.5869553364342157,268683.3333333333,265007.3333333333,False,팬데믹 구간
2022,중앙로,3,1105,122776,129843,대전교통공사_역별 수송실적_20221231.csv,2022-03-01,False,252619,8.766075803305796,-8.451143187443598,254853.33333333334,263064.0,False,팬데믹 구간
2022,중앙로,4,1105,132929,145954,대전교통공사_역별 수송실적_20221231.csv,2022-04-01,False,278883,10.396684334907501,12.66588831297899,254587.0,265676.6666666667,False,팬데믹 구간
2022,중앙로,5,1105,162828,175516,대전교통공사_역별 수송실적_20221231.csv,2022-05-01,False,338344,21.321127497911306,22.736490040519897,289948.6666666667,270899.75,True,일반 구간
2022,중앙로,6,1105,142274,156353,대전교통공사_역별 수송실적_20221231.csv,2022-06-01,False,298627,-11.738644692975198,12.471282116950523,305284.6666666667,273659.1666666667,False,일반 구간
2022,중앙로,7,1105,153752,167626,대전교통공사_역별 수송실적_20221231.csv,2022-07-01,False,321378,7.618534157996426,21.2509243469206,319449.6666666667,278353.0,False,일반 구간
2022,중앙로,8,1105,143421,157209,대전교통공사_역별 수송실적_20221231.csv,2022-08-01,False,300630,-6.455949069320244,30.163142307892144,306878.3333333333,284158.5,False,일반 구간
2022,중앙로,9,1105,137715,152854,대전교통공사_역별 수송실적_20221231.csv,2022-09-01,False,290569,-3.3466387253434426,16.94799967801659,304192.3333333333,287667.5833333333,False,일반 구간
2022,중앙로,10,1105,152734,167274,대전교통공사_역별 수송실적_20221231.csv,2022-10-01,False,320008,10.131500607428867,15.71852173284154,303735.6666666667,291289.9166666667,False,일반 구간
2022,중앙로,11,1105,141020,155571,대전교통공사_역별 수송실적_20221231.csv,2022-11-01,False,296591,-7.317629559261018,2.850494675262083,302389.3333333333,291974.9166666667,False,일반 구간
2022,중앙로,12,1105,167930,182775,대전교통공사_역별 수송실적_20221231.csv,2022-12-01,False,350705,18.24532774089571,19.243205750249047,322434.6666666667,296691.25,False,일반 구간
2023,중앙로,1,1105,150261,165006,대전교통공사_역별 수송실적_20231231.csv,2023-01-01,False,315267,-10.104788925165021,12.723378694374322,320854.3333333333,299656.6666666667,False,일반 구간
2023,중앙로,2,1105,155600,171044,대전교통공사_역별 수송실적_20231231.csv,2023-02-01,False,326644,3.6086872397047554,40.63782243099298,330872.0,307522.0833333333,False,일반 구간
2023,중앙로,3,1105,157885,173968,대전교통공사_역별 수송실적_20231231.csv,2023-03-01,False,331853,1.5947024895605066,31.365020049956648,324588.0,314124.9166666667,False,일반 구간
2023,중앙로,4,1105,150194,165512,대전교통공사_역별 수송실적_20231231.csv,2023-04-01,False,315706,-4.865708611945651,13.203744939634188,324734.3333333333,317193.5,False,일반 구간
2023,중앙로,5,1105,162978,178251,대전교통공사_역별 수송실적_20231231.csv,2023-05-01,False,341229,8.084420315103301,0.8526824770056507,329596.0,317433.9166666667,False,일반 구간
2023,중앙로,6,1105,157771,172187,대전교통공사_역별 수송실적_20231231.csv,2023-06-01,False,329958,-3.3030604081130233,10.491683605300262,328964.3333333333,320044.8333333333,False,일반 구간
2023,중앙로,7,1105,167455,182090,대전교통공사_역별 수송실적_20231231.csv,2023-07-01,False,349545,5.936210063098946,8.764445606108694,340244.0,322392.0833333333,False,일반 구간
2023,중앙로,8,1105,230352,247541,대전교통공사_역별 수송실적_20231231.csv,2023-08-01,False,477893,36.718591311562164,58.963842597212526,385798.6666666667,337164.0,True,일반 구간
2023,중앙로,9,1105,150580,168941,대전교통공사_역별 수송실적_20231231.csv,2023-09-01,False,319521,-33.139635859910065,9.963898419996632,382319.6666666667,339576.6666666667,False,일반 구간
2023,중앙로,10,1105,163859,183131,대전교통공사_역별 수송실적_20231231.csv,2023-10-01,False,346990,8.596931031137235,8.431664208394785,381468.0,341825.1666666667,False,일반 구간
2023,중앙로,11,1105,155256,171450,대전교통공사_역별 수송실적_20231231.csv,2023-11-01,False,326706,-5.845701605233577,10.153713362846473,331072.3333333333,344334.75,False,일반 구간
2023,중앙로,12,1105,184651,203280,대전교통공사_역별 수송실적_20231231.csv,2023-12-01,False,387931,18.74009047890153,10.614619124335277,353875.6666666667,347436.9166666667,False,일반 구간
2024,중앙로,1,1105,170912,187244,대전교통공사_역별 수송실적_20241231.csv,2024-01-01,False,358156,-7.6753340155852445,13.604024525243673,357597.6666666667,351011.0,False,일반 구간
2024,중앙로,2,1105,165652,182331,대전교통공사_역별 수송실적_20241231.csv,2024-02-01,False,347983,-2.8403824031986047,6.532800235118352,364690.0,352789.25,False,일반 구간
2024,중앙로,3,1105,172816,188401,대전교통공사_역별 수송실적_20241231.csv,2024-03-01,False,361217,3.8030593448530547,8.848496171497612,355785.3333333333,355236.25,False,일반 구간
2024,중앙로,4,1105,164598,180163,대전교통공사_역별 수송실적_20241231.csv,2024-04-01,False,344761,-4.555710279416525,9.203182707962476,351320.3333333333,357657.5,False,일반 구간
2024,중앙로,5,1105,191009,204301,대전교통공사_역별 수송실적_20241231.csv,2024-05-01,False,395310,14.662041240163482,15.84888740406003,367096.0,362164.25,False,일반 구간
2024,중앙로,6,1105,173389,189039,대전교통공사_역별 수송실적_20241231.csv,2024-06-01,False,362428,-8.318028888720242,9.840646385297514,367499.6666666667,364870.0833333333,False,일반 구간
2024,중앙로,7,1105,194708,211538,대전교통공사_역별 수송실적_20241231.csv,2024-07-01,False,406246,12.090125486993287,16.2213734998355,387994.6666666667,369595.1666666667,False,일반 구간
2024,중앙로,8,1105,266771,283399,대전교통공사_역별 수송실적_20241231.csv,2024-08-01,False,550170,35.42779498136597,15.124096816651434,439614.6666666667,375618.25,True,일반 구간
2024,중앙로,9,1105,163889,179234,대전교통공사_역별 수송실적_20241231.csv,2024-09-01,False,343123,-37.63327698711307,7.386681939528228,433179.6666666667,377585.0833333333,False,일반 구간
2024,중앙로,10,1105,171784,189725,대전교통공사_역별 수송실적_20241231.csv,2024-10-01,False,361509,5.358428318707875,4.184270440070326,418267.3333333333,378795.0,False,일반 구간
2024,중앙로,11,1105,168184,187272,대전교통공사_역별 수송실적_20241231.csv,2024-11-01,False,355456,-1.6743704859353392,8.799960821043996,353362.6666666667,381190.8333333333,False,일반 구간
2024,중앙로,12,1105,191786,211196,대전교통공사_역별 수송실적_20241231.csv,2024-12-01,False,402982,13.370431220741818,3.879813678205668,373315.6666666667,382445.0833333333,False,일반 구간
2026,중앙로,1,1105,221954,242785,대전교통공사_역별 수송실적_20260731.csv,2026-01-01,False,464739,15.325002109275342,29.758820178916444,407725.6666666667,391327.0,False,일반 구간
2026,중앙로,2,1105,204380,223275,대전교통공사_역별 수송실적_20260731.csv,2026-02-01,False,427655,-7.979532597866756,22.895371325610725,431792.0,397966.3333333333,False,일반 구간
2026,중앙로,3,1105,211897,228623,대전교통공사_역별 수송실적_20260731.csv,2026-03-01,False,440520,3.008266008815519,21.954393065664135,444304.6666666667,404574.9166666667,False,일반 구간
2026,중앙로,4,1105,206546,223455,대전교통공사_역별 수송실적_20260731.csv,2026-04-01,False,430001,-2.387859802052117,24.724374276672823,432725.3333333333,411678.25,False,일반 구간
2026,중앙로,5,1105,236317,256283,대전교통공사_역별 수송실적_20260731.csv,2026-05-01,False,492600,14.557873121225295,24.611064734006227,454373.6666666667,419785.75,False,일반 구간
2026,중앙로,6,1105,208419,228302,대전교통공사_역별 수송실적_20260731.csv,2026-06-01,False,436721,-11.343686561104349,20.498692154027843,453107.3333333333,425976.8333333333,False,일반 구간
2026,중앙로,7,1105,237680,257709,대전교통공사_역별 수송실적_20260731.csv,2026-07-01,False,495389,13.433748319865547,21.94310836291311,474903.3333333333,433405.4166666667,False,일반 구간
2015,지족,1,1121,90410,86414,대전교통공사_역별 수송실적_20151231.csv,2015-01-01,False,176824,,,176824.0,176824.0,False,일반 구간
2015,지족,2,1121,75538,71770,대전교통공사_역별 수송실적_20151231.csv,2015-02-01,False,147308,-16.69230421209791,,162066.0,162066.0,False,일반 구간
2015,지족,3,1121,102807,99351,대전교통공사_역별 수송실적_20151231.csv,2015-03-01,False,202158,37.23490916990251,,175430.0,175430.0,False,일반 구간
2015,지족,4,1121,99733,96104,대전교통공사_역별 수송실적_20151231.csv,2015-04-01,False,195837,-3.1267622354791746,,181767.66666666666,180531.75,False,일반 구간
2015,지족,5,1121,98185,93185,대전교통공사_역별 수송실적_20151231.csv,2015-05-01,False,191370,-2.2809785689119066,,196455.0,182699.4,False,일반 구간
2015,지족,6,1121,82110,80174,대전교통공사_역별 수송실적_20151231.csv,2015-06-01,False,162284,-15.198829492605947,,183163.66666666666,179296.83333333334,False,일반 구간
2015,지족,7,1121,88212,85121,대전교통공사_역별 수송실적_20151231.csv,2015-07-01,False,173333,6.808434596140089,,175662.33333333334,178444.85714285713,False,일반 구간
2015,지족,8,1121,84429,81207,대전교통공사_역별 수송실적_20151231.csv,2015-08-01,False,165636,-4.440585462664348,,167084.33333333334,176843.75,False,일반 구간
2015,지족,9,1121,90728,88181,대전교통공사_역별 수송실적_20151231.csv,2015-09-01,False,178909,8.013354584752097,,172626.0,177073.22222222222,False,일반 구간
2015,지족,10,1121,97810,93160,대전교통공사_역별 수송실적_20151231.csv,2015-10-01,False,190970,6.7414160271422885,,178505.0,178462.9,False,일반 구간
2015,지족,11,1121,95548,91612,대전교통공사_역별 수송실적_20151231.csv,2015-11-01,False,187160,-1.995077760904851,,185679.66666666666,179253.54545454544,False,일반 구간
2015,지족,12,1121,96072,91381,대전교통공사_역별 수송실적_20151231.csv,2015-12-01,False,187453,0.15655054498824317,,188527.66666666666,179936.83333333334,False,일반 구간
2016,지족,1,1121,86574,82928,대전교통공사_역별 수송실적_20161231.csv,2016-01-01,False,169502,-9.576267117624148,-4.140840609871965,181371.66666666666,179326.66666666666,False,일반 구간
2016,지족,2,1121,77989,73941,대전교통공사_역별 수송실적_20161231.csv,2016-02-01,False,151930,-10.366839329329448,3.137643576723592,169628.33333333334,179711.83333333334,False,일반 구간
2016,지족,3,1121,98622,95020,대전교통공사_역별 수송실적_20161231.csv,2016-03-01,False,193642,27.4547488975186,-4.212546621949165,171691.33333333334,179002.16666666666,False,일반 구간
2016,지족,4,1121,93678,89543,대전교통공사_역별 수송실적_20161231.csv,2016-04-01,False,183221,-5.381580442259426,-6.442092148061906,176264.33333333334,177950.83333333334,False,일반 구간
2016,지족,5,1121,95774,92631,대전교통공사_역별 수송실적_20161231.csv,2016-05-01,False,188405,2.829369995797415,-1.5493546532894364,188422.66666666666,177703.75,False,일반 구간
2016,지족,6,1121,89684,86739,대전교통공사_역별 수송실적_20161231.csv,2016-06-01,False,176423,-6.359703829516206,8.712504005323996,182683.0,178882.0,False,일반 구간
2016,지족,7,1121,85418,82011,대전교통공사_역별 수송실적_20161231.csv,2016-07-01,False,167429,-5.097974753858625,-3.406160396462299,177419.0,178390.0,False,일반 구간
2016,지족,8,1121,84021,81090,대전교통공사_역별 수송실적_20161231.csv,2016-08-01,False,165111,-1.3844674459024375,-0.31696008114178165,169654.33333333334,178346.25,False,일반 구간
2016,지족,9,1121,88586,84617,대전교통공사_역별 수송실적_20161231.csv,2016-09-01,False,173203,4.900945424593162,-3.1893308888876426,168581.0,177870.75,False,일반 구간
2016,지족,10,1121,95849,92237,대전교통공사_역별 수송실적_20161231.csv,2016-10-01,False,188086,8.592807283938498,-1.510184845787299,175466.66666666666,177630.41666666666,False,일반 구간
2016,지족,11,1121,96335,91747,대전교통공사_역별 수송실적_20161231.csv,2016-11-01,False,188082,-0.0021266867284097657,0.49262662962170634,183123.66666666666,177707.25,False,일반 구간
2016,지족,12,1121,98081,92814,대전교통공사_역별 수송실적_20161231.csv,2016-12-01,False,190895,1.4956242489977845,1.8361936058638673,189021.0,177994.08333333334,False,일반 구간
2017,지족,1,1121,85546,81933,대전교통공사_역별 수송실적_20171231.csv,2017-01-01,False,167479,-12.266429188821082,-1.193496241932246,182152.0,177825.5,False,일반 구간
2017,지족,2,1121,85086,81102,대전교통공사_역별 수송실적_20171231.csv,2017-02-01,False,166188,-0.7708429116486282,9.384585006252877,174854.0,179013.66666666666,False,일반 구간
2017,지족,3,1121,101226,96832,대전교통공사_역별 수송실적_20171231.csv,2017-03-01,False,198058,19.177076563891493,2.2804969996178537,177241.66666666666,179381.66666666666,False,일반 구간
2017,지족,4,1121,94516,90550,대전교통공사_역별 수송실적_20171231.csv,2017-04-01,False,185066,-6.559694634904922,1.0069806408653958,183104.0,179535.41666666666,False,일반 구간
2017,지족,5,1121,96074,91614,대전교통공사_역별 수송실적_20171231.csv,2017-05-01,False,187688,1.41679184723289,-0.3805631485363947,190270.66666666666,179475.66666666666,False,일반 구간
2017,지족,6,1121,92172,88116,대전교통공사_역별 수송실적_20171231.csv,2017-06-01,False,180288,-3.942713439324841,2.19075744092323,184347.33333333334,179797.75,False,일반 구간
2017,지족,7,1121,84106,80997,대전교통공사_역별 수송실적_20171231.csv,2017-07-01,False,165103,-8.42263489527867,-1.3892455906682866,177693.0,179603.91666666666,False,일반 구간
2017,지족,8,1121,84606,81095,대전교통공사_역별 수송실적_20171231.csv,2017-08-01,False,165701,0.36219814297742126,0.3573353683279823,170364.0,179653.08333333334,False,일반 구간
2017,지족,9,1121,92343,88287,대전교통공사_역별 수송실적_20171231.csv,2017-09-01,False,180630,9.009601631854958,4.288031962494876,170478.0,180272.0,False,일반 구간
2017,지족,10,1121,80930,76960,대전교통공사_역별 수송실적_20171231.csv,2017-10-01,False,157890,-12.589270885235015,-16.0543581127782,168073.66666666666,177755.66666666666,False,일반 구간
2017,지족,11,1121,93205,89272,대전교통공사_역별 수송실적_20171231.csv,2017-11-01,False,182477,15.57223383368167,-2.9800831552195373,173665.66666666666,177288.58333333334,False,일반 구간
2017,지족,12,1121,90674,85843,대전교통공사_역별 수송실적_20171231.csv,2017-12-01,False,176517,-3.2661650509379303,-7.531889258492885,172294.66666666666,176090.41666666666,False,일반 구간
2018,지족,1,1121,87613,83473,대전교통공사_역별 수송실적_20181231.csv,2018-01-01,False,171086,-3.0767574794495767,2.1537028522979007,176693.33333333334,176391.0,False,일반 구간
2018,지족,2,1121,75745,71688,대전교통공사_역별 수송실적_20181231.csv,2018-02-01,False,147433,-13.825210712740965,-11.28541170240932,165012.0,174828.08333333334,False,일반 구간
2018,지족,3,1121,94930,90185,대전교통공사_역별 수송실적_20181231.csv,2018-03-01,False,185115,25.55872837153148,-6.534954407294835,167878.0,173749.5,False,일반 구간
2018,지족,4,1121,90278,87709,대전교통공사_역별 수송실적_20181231.csv,2018-04-01,False,177987,-3.8505793695810753,-3.825121848421642,170178.33333333334,173159.58333333334,False,일반 구간
2018,지족,5,1121,93357,90165,대전교통공사_역별 수송실적_20181231.csv,2018-05-01,False,183522,3.1097776803923782,-2.2196411065172006,182208.0,172812.41666666666,False,일반 구간
2018,지족,6,1121,83941,81184,대전교통공사_역별 수송실적_20181231.csv,2018-06-01,False,165125,-10.024411242248888,-8.410432197373098,175544.66666666666,171548.83333333334,False,일반 구간
2018,지족,7,1121,82151,80301,대전교통공사_역별 수송실적_20181231.csv,2018-07-01,False,162452,-1.618773656320971,-1.6056643428647543,170366.33333333334,171327.91666666666,False,일반 구간
2018,지족,8,1121,81102,78757,대전교통공사_역별 수송실적_20181231.csv,2018-08-01,False,159859,-1.5961637899194803,-3.525627485651872,162478.66666666666,170841.08333333334,False,일반 구간
2018,지족,9,1121,78911,75941,대전교통공사_역별 수송실적_20181231.csv,2018-09-01,False,154852,-3.13213519413984,-14.271162043957265,159054.33333333334,168692.91666666666,False,일반 구간
2018,지족,10,1121,91570,88318,대전교통공사_역별 수송실적_20181231.csv,2018-10-01,False,179888,16.16769560612714,13.93248464120591,164866.33333333334,170526.08333333334,False,일반 구간
2018,지족,11,1121,92617,88933,대전교통공사_역별 수송실적_20181231.csv,2018-11-01,False,181550,0.9239082095526152,-0.5080092285603133,172096.66666666666,170448.83333333334,False,일반 구간
2018,지족,12,1121,87647,83439,대전교통공사_역별 수송실적_20181231.csv,2018-12-01,False,171086,-5.763701459652992,-3.0767574794495767,177508.0,169996.25,False,일반 구간
2019,지족,1,1121,87013,84328,대전교통공사_역별 수송실적_20191231.csv,2019-01-01,False,171341,0.14904784728149156,0.14904784728149156,174659.0,170017.5,False,일반 구간
2019,지족,2,1121,72584,69557,대전교통공사_역별 수송실적_20191231.csv,2019-02-01,False,142141,-17.04203897490968,-3.5894270617840007,161522.66666666666,169576.5,True,일반 구간
2019,지족,3,1121,90262,87549,대전교통공사_역별 수송실적_20191231.csv,2019-03-01,False,177811,25.09480023357089,-3.9456554033978852,163764.33333333334,168967.83333333334,False,일반 구간
2019,지족,4,1121,91089,88550,대전교통공사_역별 수송실적_20191231.csv,2019-04-01,False,179639,1.028057881683364,0.9281576744369024,166530.33333333334,169105.5,False,일반 구간
2019,지족,5,1121,95051,92269,대전교통공사_역별 수송실적_20191231.csv,2019-05-01,False,187320,4.275797571796769,2.069506653153308,181590.0,169422.0,False,일반 구간
2019,지족,6,1121,81740,79773,대전교통공사_역별 수송실적_20191231.csv,2019-06-01,False,161513,-13.776959214178941,-2.187433762301283,176157.33333333334,169121.0,False,일반 구간
2019,지족,7,1121,84601,82551,대전교통공사_역별 수송실적_20191231.csv,2019-07-01,False,167152,3.4913598286206105,2.8931622879373675,171995.0,169512.66666666666,False,일반 구간
2019,지족,8,1121,78460,76098,대전교통공사_역별 수송실적_20191231.csv,2019-08-01,False,154558,-7.534459653489045,-3.3160472666537433,161074.33333333334,169070.91666666666,False,일반 구간
2019,지족,9,1121,81264,79077,대전교통공사_역별 수송실적_20191231.csv,2019-09-01,False,160341,3.7416374435486954,3.54467491540309,160683.66666666666,169528.33333333334,False,일반 구간
2019,지족,10,1121,89021,86479,대전교통공사_역별 수송실적_20191231.csv,2019-10-01,False,175500,9.45422568151626,-2.4392955616828194,163466.33333333334,169162.66666666666,False,일반 구간
2019,지족,11,1121,88613,85904,대전교통공사_역별 수송실적_20191231.csv,2019-11-01,False,174517,-0.5601139601139615,-3.8738639493252514,170119.33333333334,168576.58333333334,False,일반 구간
2019,지족,12,1121,88474,85461,대전교통공사_역별 수송실적_20191231.csv,2019-12-01,False,173935,-0.3334918661219266,1.665244380019404,174650.66666666666,168814.0,False,일반 구간
2020,지족,1,1121,78454,75856,대전교통공사_역별 수송실적_20200531.csv,2020-01-01,False,154310,-11.282950527495906,-9.939827595263251,167587.33333333334,167394.75,False,일반 구간
2020,지족,2,1121,63112,61533,대전교통공사_역별 수송실적_20200531.csv,2020-02-01,False,124645,-19.224288769360378,-12.308904538451259,150963.33333333334,165936.75,True,팬데믹 구간
2020,지족,3,1121,42955,41829,대전교통공사_역별 수송실적_20200531.csv,2020-03-01,False,84784,-31.979622126840223,-52.3179105904584,121246.33333333333,158184.5,True,팬데믹 구간
2020,지족,4,1121,45483,43831,대전교통공사_역별 수송실적_20200531.csv,2020-04-01,False,89314,5.342989243253449,-50.28139769203792,99581.0,150657.41666666666,False,팬데믹 구간
2020,지족,5,1121,54258,51867,대전교통공사_역별 수송실적_20200531.csv,2020-05-01,False,106125,18.82235707727793,-43.34561178731582,93407.66666666667,143891.16666666666,False,팬데믹 구간
2020,지족,6,1121,53580,51547,대전교통공사_역별 수송실적_20211231.csv,2020-06-01,False,105127,-0.9404004711425218,-34.91112170537356,100188.66666666667,139192.33333333334,False,팬데믹 구간
2020,지족,7,1121,52611,51046,대전교통공사_역별 수송실적_20211231.csv,2020-07-01,False,103657,-1.398308712319385,-37.98638365080884,104969.66666666667,133901.08333333334,False,팬데믹 구간
2020,지족,8,1121,47137,45188,대전교통공사_역별 수송실적_20211231.csv,2020-08-01,False,92325,-10.932209112746849,-40.2651431824946,100369.66666666667,128715.0,False,팬데믹 구간
2020,지족,9,1121,45460,43573,대전교통공사_역별 수송실적_20211231.csv,2020-09-01,False,89033,-3.565664771188737,-44.47271752078383,95005.0,122772.66666666667,False,팬데믹 구간
2020,지족,10,1121,49112,46567,대전교통공사_역별 수송실적_20211231.csv,2020-10-01,False,95679,7.464647939528035,-45.48205128205128,92345.66666666667,116120.91666666667,False,팬데믹 구간
2020,지족,11,1121,52154,49408,대전교통공사_역별 수송실적_20211231.csv,2020-11-01,False,101562,6.1486846643464155,-41.80395033148633,95424.66666666667,110041.33333333333,False,팬데믹 구간
2020,지족,12,1121,43338,41743,대전교통공사_역별 수송실적_20211231.csv,2020-12-01,False,85081,-16.22752604320513,-51.08460056917814,94107.33333333333,102636.83333333333,False,팬데믹 구간
2021,지족,1,1121,43033,41138,대전교통공사_역별 수송실적_20211231.csv,2021-01-01,False,84171,-1.0695689989539403,-45.45330827554922,90271.33333333333,96791.91666666667,False,팬데믹 구간
2021,지족,2,1121,41539,39359,대전교통공사_역별 수송실적_20211231.csv,2021-02-01,False,80898,-3.8885126706347806,-35.097276264591436,83383.33333333333,93146.33333333333,False,팬데믹 구간
2021,지족,3,1121,56098,53898,대전교통공사_역별 수송실적_20211231.csv,2021-03-01,False,109996,35.96875077257782,29.736742781656922,91688.33333333333,95247.33333333333,False,팬데믹 구간
2021,지족,4,1121,50987,48760,대전교통공사_역별 수송실적_20211231.csv,2021-04-01,False,99747,-9.317611549510897,11.681259377029352,96880.33333333333,96116.75,False,팬데믹 구간
2021,지족,5,1121,51740,49761,대전교통공사_역별 수송실적_20211231.csv,2021-05-01,False,101501,1.7584488756554162,-4.357126030624259,103748.0,95731.41666666667,False,팬데믹 구간
2021,지족,6,1121,50699,48457,대전교통공사_역별 수송실적_20211231.csv,2021-06-01,False,99156,-2.3103220657924584,-5.679796817183025,100134.66666666667,95233.83333333333,False,팬데믹 구간
2021,지족,7,1121,45447,43298,대전교통공사_역별 수송실적_20211231.csv,2021-07-01,False,88745,-10.49961676550083,-14.385907367568041,96467.33333333333,93991.16666666667,False,팬데믹 구간
2021,지족,8,1121,40687,39405,대전교통공사_역별 수송실적_20211231.csv,2021-08-01,False,80092,-9.750408473716831,-13.249932304359602,89331.0,92971.75,False,팬데믹 구간
2021,지족,9,1121,47516,45196,대전교통공사_역별 수송실적_20211231.csv,2021-09-01,False,92712,15.75687958847325,4.132175710129959,87183.0,93278.33333333333,False,팬데믹 구간
2021,지족,10,1121,52227,49580,대전교통공사_역별 수송실적_20211231.csv,2021-10-01,False,101807,9.80994908965398,6.404749213516037,91537.0,93789.0,False,팬데믹 구간
2021,지족,11,1121,55181,51932,대전교통공사_역별 수송실적_20211231.csv,2021-11-01,False,107113,5.211822369778107,5.465626907701693,100544.0,94251.58333333333,False,팬데믹 구간
2021,지족,12,1121,51084,48948,대전교통공사_역별 수송실적_20211231.csv,2021-12-01,False,100032,-6.610775536116065,17.57266604764871,102984.0,95497.5,False,팬데믹 구간
2022,지족,1,1121,47610,45668,대전교통공사_역별 수송실적_20221231.csv,2022-01-01,False,93278,-6.75183941138836,10.819640968979805,100141.0,96256.41666666667,False,팬데믹 구간
2022,지족,2,1121,39942,38663,대전교통공사_역별 수송실적_20221231.csv,2022-02-01,False,78605,-15.730397306974853,-2.8344334841405194,90638.33333333333,96065.33333333333,False,팬데믹 구간
2022,지족,3,1121,50804,48915,대전교통공사_역별 수송실적_20221231.csv,2022-03-01,False,99719,26.86088671204121,-9.343067020618934,90534.0,95208.91666666667,False,팬데믹 구간
2022,지족,4,1121,55451,52356,대전교통공사_역별 수송실적_20221231.csv,2022-04-01,False,107807,8.11079132361936,8.080443522110947,95377.0,95880.58333333333,False,팬데믹 구간
2022,지족,5,1121,62102,58551,대전교통공사_역별 수송실적_20221231.csv,2022-05-01,False,120653,11.915738310128287,18.868779617934806,109393.0,97476.58333333333,False,일반 구간
2022,지족,6,1121,58240,55333,대전교통공사_역별 수송실적_20221231.csv,2022-06-01,False,113573,-5.868067930345699,14.53971519625641,114011.0,98678.0,False,일반 구간
2022,지족,7,1121,54903,52189,대전교통공사_역별 수송실적_20221231.csv,2022-07-01,False,107092,-5.70646192316836,20.673840779762244,113772.66666666667,100206.91666666667,False,일반 구간
2022,지족,8,1121,51997,49721,대전교통공사_역별 수송실적_20221231.csv,2022-08-01,False,101718,-5.018115265379297,27.00144833441542,107461.0,102009.08333333333,False,일반 구간
2022,지족,9,1121,57999,54440,대전교통공사_역별 수송실적_20221231.csv,2022-09-01,False,112439,10.539924103895082,21.27772025196306,107083.0,103653.0,False,일반 구간
2022,지족,10,1121,59950,56744,대전교통공사_역별 수송실적_20221231.csv,2022-10-01,False,116694,3.784274139755772,14.622766607404202,110283.66666666667,104893.58333333333,False,일반 구간
2022,지족,11,1121,61818,58515,대전교통공사_역별 수송실적_20221231.csv,2022-11-01,False,120333,3.118412257699621,12.3421060002054,116488.66666666667,105995.25,False,일반 구간
2022,지족,12,1121,64227,60861,대전교통공사_역별 수송실적_20221231.csv,2022-12-01,False,125088,3.9515344917852913,25.047984644913623,120705.0,108083.25,False,일반 구간
2023,지족,1,1121,56632,53770,대전교통공사_역별 수송실적_20231231.csv,2023-01-01,False,110402,-11.740534663596824,18.3580265443084,118607.66666666667,109510.25,False,일반 구간
2023,지족,2,1121,56579,54081,대전교통공사_역별 수송실적_20231231.csv,2023-02-01,False,110660,0.23369141863371912,40.779848610139304,115383.33333333333,112181.5,False,일반 구간
2023,지족,3,1121,66532,63572,대전교통공사_역별 수송실적_20231231.csv,2023-03-01,False,130104,17.570938008313753,30.47062244908192,117055.33333333333,114713.58333333333,False,일반 구간
2023,지족,4,1121,62233,59207,대전교통공사_역별 수송실적_20231231.csv,2023-04-01,False,121440,-6.65928795425198,12.645746565621895,120734.66666666667,115849.66666666667,False,일반 구간
2023,지족,5,1121,64540,61171,대전교통공사_역별 수송실적_20231231.csv,2023-05-01,False,125711,3.5169631093544096,4.192187512950363,125751.66666666667,116271.16666666667,False,일반 구간
2023,지족,6,1121,61298,58786,대전교통공사_역별 수송실적_20231231.csv,2023-06-01,False,120084,-4.4761397172880635,5.732876652021157,122411.66666666667,116813.75,False,일반 구간
2023,지족,7,1121,57997,55670,대전교통공사_역별 수송실적_20231231.csv,2023-07-01,False,113667,-5.343759368442091,6.139580921077203,119820.66666666667,117361.66666666667,False,일반 구간
2023,지족,8,1121,56240,54538,대전교통공사_역별 수송실적_20231231.csv,2023-08-01,False,110778,-2.5416347752645896,8.906978115967679,114843.0,118116.66666666667,False,일반 구간
2023,지족,9,1121,57293,54511,대전교통공사_역별 수송실적_20231231.csv,2023-09-01,False,111804,0.9261766776796909,-0.5647506648049139,112083.0,118063.75,False,일반 구간
2023,지족,10,1121,60774,57806,대전교통공사_역별 수송실적_20231231.csv,2023-10-01,False,118580,6.060606060606055,1.6161927776920937,113720.66666666667,118220.91666666667,False,일반 구간
2023,지족,11,1121,63511,60816,대전교통공사_역별 수송실적_20231231.csv,2023-11-01,False,124327,4.846517119244398,3.319122767653093,118237.0,118553.75,False,일반 구간
2023,지족,12,1121,62681,59530,대전교통공사_역별 수송실적_20231231.csv,2023-12-01,False,122211,-1.7019633707883286,-2.2999808135072963,121706.0,118314.0,False,일반 구간
2024,지족,1,1121,61519,58661,대전교통공사_역별 수송실적_20241231.csv,2024-01-01,False,120180,-1.661879863514737,8.85672361007952,122239.33333333333,119128.83333333333,False,일반 구간
2024,지족,2,1121,54795,52345,대전교통공사_역별 수송실적_20241231.csv,2024-02-01,False,107140,-10.850391080046595,-3.1809145129224614,116510.33333333333,118835.5,False,일반 구간
2024,지족,3,1121,62855,60567,대전교통공사_역별 수송실적_20241231.csv,2024-03-01,False,123422,15.19693858502893,-5.135891286970429,116914.0,118278.66666666667,False,일반 구간
2024,지족,4,1121,63581,60994,대전교통공사_역별 수송실적_20241231.csv,2024-04-01,False,124575,0.9341932556594434,2.5815217391304435,118379.0,118539.91666666667,False,일반 구간
2024,지족,5,1121,64931,62318,대전교통공사_역별 수송실적_20241231.csv,2024-05-01,False,127249,2.146498093517968,1.2234410672097074,125082.0,118668.08333333333,False,일반 구간
2024,지족,6,1121,60240,58466,대전교통공사_역별 수송실적_20241231.csv,2024-06-01,False,118706,-6.71360875134579,-1.1475300622897255,123510.0,118553.25,False,일반 구간
2024,지족,7,1121,65618,64531,대전교통공사_역별 수송실적_20241231.csv,2024-07-01,False,130149,9.639782319343592,14.500250732402552,125368.0,119926.75,False,일반 구간
2024,지족,8,1121,59792,58328,대전교통공사_역별 수송실적_20241231.csv,2024-08-01,False,118120,-9.24248361493365,6.627669753922261,122325.0,120538.58333333333,False,일반 구간
2024,지족,9,1121,58378,56543,대전교통공사_역별 수송실적_20241231.csv,2024-09-01,False,114921,-2.7082627836098827,2.7879145647740744,121063.33333333333,120798.33333333333,False,일반 구간
2024,지족,10,1121,65380,63488,대전교통공사_역별 수송실적_20241231.csv,2024-10-01,False,128868,12.136163103349261,8.67599932534997,120636.33333333333,121655.66666666667,False,일반 구간
2024,지족,11,1121,66595,64353,대전교통공사_역별 수송실적_20241231.csv,2024-11-01,False,130948,1.6140546916224352,5.325472343095217,124912.33333333333,122207.41666666667,False,일반 구간
2024,지족,12,1121,67072,64730,대전교통공사_역별 수송실적_20241231.csv,2024-12-01,False,131802,0.652167272505122,7.847902398311124,130539.33333333333,123006.66666666667,False,일반 구간
2026,지족,1,1121,62128,61081,대전교통공사_역별 수송실적_20260731.csv,2026-01-01,False,123209,-6.5196279267385915,2.5203860875353534,128653.0,123259.08333333333,False,일반 구간
2026,지족,2,1121,54168,53103,대전교통공사_역별 수송실적_20260731.csv,2026-02-01,False,107271,-12.93574333043852,0.12226992719805985,120760.66666666667,123270.0,True,일반 구간
2026,지족,3,1121,65107,64195,대전교통공사_역별 수송실적_20260731.csv,2026-03-01,False,129302,20.537703573193134,4.764142535366456,119927.33333333333,123760.0,False,일반 구간
2026,지족,4,1121,67251,66233,대전교통공사_역별 수송실적_20260731.csv,2026-04-01,False,133484,3.2342887194320324,7.151515151515153,123352.33333333333,124502.41666666667,False,일반 구간
2026,지족,5,1121,63888,62266,대전교통공사_역별 수송실적_20260731.csv,2026-05-01,False,126154,-5.491294836834381,-0.8605175679180177,129646.66666666667,124411.16666666667,False,일반 구간
2026,지족,6,1121,61921,60683,대전교통공사_역별 수송실적_20260731.csv,2026-06-01,False,122604,-2.814020958511021,3.2837430289960112,127414.0,124736.0,False,일반 구간
2026,지족,7,1121,60116,58684,대전교통공사_역별 수송실적_20260731.csv,2026-07-01,False,118800,-3.1026720172261935,-8.720005532120878,122519.33333333333,123790.25,False,일반 구간
2015,탄방,1,1110,164160,181992,대전교통공사_역별 수송실적_20151231.csv,2015-01-01,False,346152,,,346152.0,346152.0,False,일반 구간
2015,탄방,2,1110,136396,150984,대전교통공사_역별 수송실적_20151231.csv,2015-02-01,False,287380,-16.97866833067554,,316766.0,316766.0,False,일반 구간
2015,탄방,3,1110,167602,185462,대전교통공사_역별 수송실적_20151231.csv,2015-03-01,False,353064,22.85614865335097,,328865.3333333333,328865.3333333333,False,일반 구간
2015,탄방,4,1110,161455,179554,대전교통공사_역별 수송실적_20151231.csv,2015-04-01,False,341009,-3.4143951238302384,,327151.0,331901.25,False,일반 구간
2015,탄방,5,1110,160225,178636,대전교통공사_역별 수송실적_20151231.csv,2015-05-01,False,338861,-0.629895398655167,,344311.3333333333,333293.2,False,일반 구간
2015,탄방,6,1110,135997,152341,대전교통공사_역별 수송실적_20151231.csv,2015-06-01,False,288338,-14.909653220642094,,322736.0,325800.6666666667,False,일반 구간
2015,탄방,7,1110,154594,173902,대전교통공사_역별 수송실적_20151231.csv,2015-07-01,False,328496,13.927404643161845,,318565.0,326185.71428571426,False,일반 구간
2015,탄방,8,1110,148663,166379,대전교통공사_역별 수송실적_20151231.csv,2015-08-01,False,315042,-4.095635867712244,,310625.3333333333,324792.75,False,일반 구간
2015,탄방,9,1110,150338,168426,대전교통공사_역별 수송실적_20151231.csv,2015-09-01,False,318764,1.1814297776169491,,320767.3333333333,324122.8888888889,False,일반 구간
2015,탄방,10,1110,160797,180004,대전교통공사_역별 수송실적_20151231.csv,2015-10-01,False,340801,6.9132649860084605,,324869.0,325790.7,False,일반 구간
2015,탄방,11,1110,154400,172963,대전교통공사_역별 수송실적_20151231.csv,2015-11-01,False,327363,-3.9430635473487463,,328976.0,325933.63636363635,False,일반 구간
2015,탄방,12,1110,165052,185672,대전교통공사_역별 수송실적_20151231.csv,2015-12-01,False,350724,7.13611495495825,,339629.3333333333,327999.5,False,일반 구간
2016,탄방,1,1110,151458,168160,대전교통공사_역별 수송실적_20161231.csv,2016-01-01,False,319618,-8.869082241306558,-7.665418660010637,332568.3333333333,325788.3333333333,False,일반 구간
2016,탄방,2,1110,137537,152840,대전교통공사_역별 수송실적_20161231.csv,2016-02-01,False,290377,-9.148733800974917,1.0428700675064295,320239.6666666667,326038.0833333333,False,일반 구간
2016,탄방,3,1110,161574,178420,대전교통공사_역별 수송실적_20161231.csv,2016-03-01,False,339994,17.087097118573435,-3.701878412978954,316663.0,324948.9166666667,False,일반 구간
2016,탄방,4,1110,152253,168916,대전교통공사_역별 수송실적_20161231.csv,2016-04-01,False,321169,-5.53686241521909,-5.818028263183672,317180.0,323295.5833333333,False,일반 구간
2016,탄방,5,1110,157918,176453,대전교통공사_역별 수송실적_20161231.csv,2016-05-01,False,334371,4.110608433566121,-1.3250270759987082,331844.6666666667,322921.4166666667,False,일반 구간
2016,탄방,6,1110,154112,173144,대전교통공사_역별 수송실적_20161231.csv,2016-06-01,False,327256,-2.127875922254019,13.497353800054102,327598.6666666667,326164.5833333333,False,일반 구간
2016,탄방,7,1110,153491,172355,대전교통공사_역별 수송실적_20161231.csv,2016-07-01,False,325846,-0.4308553548292515,-0.8067069309824149,329157.6666666667,325943.75,False,일반 구간
2016,탄방,8,1110,150005,167350,대전교통공사_역별 수송실적_20161231.csv,2016-08-01,False,317355,-2.605832202942493,0.7341878225760379,323485.6666666667,326136.5,False,일반 구간
2016,탄방,9,1110,140495,158138,대전교통공사_역별 수송실적_20161231.csv,2016-09-01,False,298633,-5.899387121677613,-6.3153304639168795,313944.6666666667,324458.9166666667,False,일반 구간
2016,탄방,10,1110,152650,174615,대전교통공사_역별 수송실적_20161231.csv,2016-10-01,False,327265,9.587687897854558,-3.9718193315160466,314417.6666666667,323330.9166666667,False,일반 구간
2016,탄방,11,1110,152936,173278,대전교통공사_역별 수송실적_20161231.csv,2016-11-01,False,326214,-0.3211464715139112,-0.35098651955168814,317370.6666666667,323235.1666666667,False,일반 구간
2016,탄방,12,1110,166089,189227,대전교통공사_역별 수송실적_20161231.csv,2016-12-01,False,355316,8.921137658101742,1.3092916367285934,336265.0,323617.8333333333,False,일반 구간
2017,탄방,1,1110,150724,169012,대전교통공사_역별 수송실적_20171231.csv,2017-01-01,False,319736,-10.01362167760529,0.036919072142360676,333755.3333333333,323627.6666666667,False,일반 구간
2017,탄방,2,1110,148053,163782,대전교통공사_역별 수송실적_20171231.csv,2017-02-01,False,311835,-2.471101158455724,7.389703729978625,328962.3333333333,325415.8333333333,False,일반 구간
2017,탄방,3,1110,162561,181787,대전교통공사_역별 수송실적_20171231.csv,2017-03-01,False,344348,10.426347266984148,1.2806108343088374,325306.3333333333,325778.6666666667,False,일반 구간
2017,탄방,4,1110,152157,170128,대전교통공사_역별 수송실적_20171231.csv,2017-04-01,False,322285,-6.407181107484295,0.3474806098969774,326156.0,325871.6666666667,False,일반 구간
2017,탄방,5,1110,158553,177570,대전교통공사_역별 수송실적_20171231.csv,2017-05-01,False,336123,4.293715189971614,0.5239688848614366,334252.0,326017.6666666667,False,일반 구간
2017,탄방,6,1110,153779,172487,대전교통공사_역별 수송실적_20171231.csv,2017-06-01,False,326266,-2.932557426894322,-0.302515461901387,328224.6666666667,325935.1666666667,False,일반 구간
2017,탄방,7,1110,150504,168178,대전교통공사_역별 수송실적_20171231.csv,2017-07-01,False,318682,-2.324483703481206,-2.1985846074526028,327023.6666666667,325338.1666666667,False,일반 구간
2017,탄방,8,1110,153352,171842,대전교통공사_역별 수송실적_20171231.csv,2017-08-01,False,325194,2.0434163209720024,2.4701044571536546,323380.6666666667,325991.4166666667,False,일반 구간
2017,탄방,9,1110,159154,178338,대전교통공사_역별 수송실적_20171231.csv,2017-09-01,False,337492,3.781742590576709,13.012292680313298,327122.6666666667,329229.6666666667,False,일반 구간
2017,탄방,10,1110,140555,158816,대전교통공사_역별 수송실적_20171231.csv,2017-10-01,False,299371,-11.295378853424676,-8.523367912853496,320685.6666666667,326905.1666666667,False,일반 구간
2017,탄방,11,1110,159339,179830,대전교통공사_역별 수송실적_20171231.csv,2017-11-01,False,339169,13.29387282001262,3.9713194406125973,325344.0,327984.75,False,일반 구간
2017,탄방,12,1110,166934,188613,대전교통공사_역별 수송실적_20171231.csv,2017-12-01,False,355547,4.828861128228112,0.06501255220705549,331362.3333333333,328004.0,False,일반 구간
2018,탄방,1,1110,166770,185059,대전교통공사_역별 수송실적_20181231.csv,2018-01-01,False,351829,-1.0457126624609403,10.037343308229296,348848.3333333333,330678.4166666667,False,일반 구간
2018,탄방,2,1110,137512,151811,대전교통공사_역별 수송실적_20181231.csv,2018-02-01,False,289323,-17.76601701394712,-7.219202462840924,332233.0,328802.4166666667,False,일반 구간
2018,탄방,3,1110,164833,183118,대전교통공사_역별 수송실적_20181231.csv,2018-03-01,False,347951,20.26385734974405,1.046325229128664,329701.0,329102.6666666667,False,일반 구간
2018,탄방,4,1110,156067,173799,대전교통공사_역별 수송실적_20181231.csv,2018-04-01,False,329866,-5.197570922342509,2.352265851653046,322380.0,329734.4166666667,False,일반 구간
2018,탄방,5,1110,161715,180777,대전교통공사_역별 수송실적_20181231.csv,2018-05-01,False,342492,3.8276148496662277,1.8948420667434185,340103.0,330265.1666666667,False,일반 구간
2018,탄방,6,1110,152698,169081,대전교통공사_역별 수송실적_20181231.csv,2018-06-01,False,321779,-6.047732501781066,-1.3752582248839906,331379.0,329891.25,False,일반 구간
2018,탄방,7,1110,154660,171144,대전교통공사_역별 수송실적_20181231.csv,2018-07-01,False,325804,1.2508585084794133,2.23482970484683,330025.0,330484.75,False,일반 구간
2018,탄방,8,1110,148717,164509,대전교통공사_역별 수송실적_20181231.csv,2018-08-01,False,313226,-3.8606033075100354,-3.680264703530811,320269.6666666667,329487.4166666667,False,일반 구간
2018,탄방,9,1110,141020,156922,대전교통공사_역별 수송실적_20181231.csv,2018-09-01,False,297942,-4.879543843742217,-11.71879629739372,312324.0,326191.5833333333,False,일반 구간
2018,탄방,10,1110,161331,178614,대전교통공사_역별 수송실적_20181231.csv,2018-10-01,False,339945,14.09771029260729,13.553082963947748,317037.6666666667,329572.75,False,일반 구간
2018,탄방,11,1110,161786,180720,대전교통공사_역별 수송실적_20181231.csv,2018-11-01,False,342506,0.753357160717183,0.9838752952068042,326797.6666666667,329850.8333333333,False,일반 구간
2018,탄방,12,1110,165239,183164,대전교통공사_역별 수송실적_20181231.csv,2018-12-01,False,348403,1.721721663270137,-2.0092983487415172,343618.0,329255.5,False,일반 구간
2019,탄방,1,1110,165944,181698,대전교통공사_역별 수송실적_20191231.csv,2019-01-01,False,347642,-0.21842521447863472,-1.1900667653888641,346183.6666666667,328906.5833333333,False,일반 구간
2019,탄방,2,1110,135238,148639,대전교통공사_역별 수송실적_20191231.csv,2019-02-01,False,283877,-18.342145080283746,-1.8823252904193621,326640.6666666667,328452.75,True,일반 구간
2019,탄방,3,1110,160137,175661,대전교통공사_역별 수송실적_20191231.csv,2019-03-01,False,335798,18.289963611000548,-3.492733172199536,322439.0,327440.0,False,일반 구간
2019,탄방,4,1110,158920,174611,대전교통공사_역별 수송실적_20191231.csv,2019-04-01,False,333531,-0.6751082496024408,1.1110572171730393,317735.3333333333,327745.4166666667,False,일반 구간
2019,탄방,5,1110,166130,183972,대전교통공사_역별 수송실적_20191231.csv,2019-05-01,False,350102,4.968353766216627,2.2219497097742513,339810.3333333333,328379.5833333333,False,일반 구간
2019,탄방,6,1110,153214,168218,대전교통공사_역별 수송실적_20191231.csv,2019-06-01,False,321432,-8.18904205060239,-0.1078379881844338,335021.6666666667,328350.6666666667,False,일반 구간
2019,탄방,7,1110,161760,176626,대전교통공사_역별 수송실적_20191231.csv,2019-07-01,False,338386,5.274521516214947,3.861831039520691,336640.0,329399.1666666667,False,일반 구간
2019,탄방,8,1110,149426,162672,대전교통공사_역별 수송실적_20191231.csv,2019-08-01,False,312098,-7.768642910758716,-0.36012336140678336,323972.0,329305.1666666667,False,일반 구간
2019,탄방,9,1110,142991,158007,대전교통공사_역별 수송실적_20191231.csv,2019-09-01,False,300998,-3.5565751783093735,1.0257029891723946,317160.6666666667,329559.8333333333,False,일반 구간
2019,탄방,10,1110,159012,175684,대전교통공사_역별 수송실적_20191231.csv,2019-10-01,False,334696,11.1954232254035,-1.5440733059759681,315930.6666666667,329122.4166666667,False,일반 구간
2019,탄방,11,1110,155788,172066,대전교통공사_역별 수송실적_20191231.csv,2019-11-01,False,327854,-2.0442431340679357,-4.277881263393923,321182.6666666667,327901.4166666667,False,일반 구간
2019,탄방,12,1110,163909,182356,대전교통공사_역별 수송실적_20191231.csv,2019-12-01,False,346265,5.615609387105236,-0.6136571728716511,336271.6666666667,327723.25,False,일반 구간
2020,탄방,1,1110,148694,160913,대전교통공사_역별 수송실적_20200531.csv,2020-01-01,False,309607,-10.586689385297387,-10.940852946421897,327908.6666666667,324553.6666666667,False,일반 구간
2020,탄방,2,1110,115657,126219,대전교통공사_역별 수송실적_20200531.csv,2020-02-01,False,241876,-21.876443362068688,-14.795492413968026,299249.3333333333,321053.5833333333,True,팬데믹 구간
2020,탄방,3,1110,77052,84329,대전교통공사_역별 수송실적_20200531.csv,2020-03-01,False,161381,-33.27944897385437,-51.94104789188738,237621.33333333334,306518.8333333333,True,팬데믹 구간
2020,탄방,4,1110,88697,97298,대전교통공사_역별 수송실적_20200531.csv,2020-04-01,False,185995,15.252105266419225,-44.234568900641925,196417.33333333334,294224.1666666667,False,팬데믹 구간
2020,탄방,5,1110,104394,114450,대전교통공사_역별 수송실적_20200531.csv,2020-05-01,False,218844,17.66122745235088,-37.49135966089882,188740.0,283286.0,False,팬데믹 구간
2020,탄방,6,1110,104649,114569,대전교통공사_역별 수송실적_20211231.csv,2020-06-01,False,219218,0.17089799126317473,-31.799571915677348,208019.0,274768.1666666667,False,팬데믹 구간
2020,탄방,7,1110,103171,112914,대전교통공사_역별 수송실적_20211231.csv,2020-07-01,False,216085,-1.4291709622385018,-36.14245270194394,218049.0,264576.4166666667,False,팬데믹 구간
2020,탄방,8,1110,96257,105868,대전교통공사_역별 수송실적_20211231.csv,2020-08-01,False,202125,-6.460420667792766,-35.2366884760556,212476.0,255412.0,False,팬데믹 구간
2020,탄방,9,1110,92609,101611,대전교통공사_역별 수송실적_20211231.csv,2020-09-01,False,194220,-3.910946196660481,-35.47465431663998,204143.33333333334,246513.83333333334,False,팬데믹 구간
2020,탄방,10,1110,102493,112143,대전교통공사_역별 수송실적_20211231.csv,2020-10-01,False,214636,10.511790752754614,-35.87135788894997,203660.33333333334,236508.83333333334,False,팬데믹 구간
2020,탄방,11,1110,108868,119778,대전교통공사_역별 수송실적_20211231.csv,2020-11-01,False,228646,6.527329991240993,-30.25981076942785,212500.66666666666,228241.5,False,팬데믹 구간
2020,탄방,12,1110,97740,106250,대전교통공사_역별 수송실적_20211231.csv,2020-12-01,False,203990,-10.783481889033709,-41.08847270154361,215757.33333333334,216385.25,False,팬데믹 구간
2021,탄방,1,1110,101074,108158,대전교통공사_역별 수송실적_20211231.csv,2021-01-01,False,209232,2.569733810480912,-32.42013261974051,213956.0,208020.66666666666,False,팬데믹 구간
2021,탄방,2,1110,93019,100804,대전교통공사_역별 수송실적_20211231.csv,2021-02-01,False,193823,-7.364552267339608,-19.866791248408276,202348.33333333334,204016.25,False,팬데믹 구간
2021,탄방,3,1110,112444,122617,대전교통공사_역별 수송실적_20211231.csv,2021-03-01,False,235061,21.276112742037846,45.65593223489755,212705.33333333334,210156.25,False,팬데믹 구간
2021,탄방,4,1110,108766,117410,대전교통공사_역별 수송실적_20211231.csv,2021-04-01,False,226176,-3.7798699061094787,21.60326890507809,218353.33333333334,213504.66666666666,False,팬데믹 구간
2021,탄방,5,1110,106595,115796,대전교통공사_역별 수송실적_20211231.csv,2021-05-01,False,222391,-1.6734755234861343,1.6207892379960231,227876.0,213800.25,False,팬데믹 구간
2021,탄방,6,1110,110655,120182,대전교통공사_역별 수송실적_20211231.csv,2021-06-01,False,230837,3.7978155590828733,5.3002034504465945,226468.0,214768.5,False,팬데믹 구간
2021,탄방,7,1110,105718,113292,대전교통공사_역별 수송실적_20211231.csv,2021-07-01,False,219010,-5.123528723731463,1.3536339866256242,224079.33333333334,215012.25,False,팬데믹 구간
2021,탄방,8,1110,93360,99850,대전교통공사_역별 수송실적_20211231.csv,2021-08-01,False,193210,-11.78028400529656,-4.410636982065553,214352.33333333334,214269.33333333334,False,팬데믹 구간
2021,탄방,9,1110,94289,102900,대전교통공사_역별 수송실적_20211231.csv,2021-09-01,False,197189,2.059417214429904,1.5286788178354493,203136.33333333334,214516.75,False,팬데믹 구간
2021,탄방,10,1110,104574,114111,대전교통공사_역별 수송실적_20211231.csv,2021-10-01,False,218685,10.90121659930321,1.8864496170260425,203028.0,214854.16666666666,False,팬데믹 구간
2021,탄방,11,1110,112513,122017,대전교통공사_역별 수송실적_20211231.csv,2021-11-01,False,234530,7.245581544230295,2.5734104248488876,216801.33333333334,215344.5,False,팬데믹 구간
2021,탄방,12,1110,110604,120527,대전교통공사_역별 수송실적_20211231.csv,2021-12-01,False,231131,-1.4492815418070237,13.305063973724195,228115.33333333334,217606.25,False,팬데믹 구간
2022,탄방,1,1110,104472,112370,대전교통공사_역별 수송실적_20221231.csv,2022-01-01,False,216842,-6.182208358030728,3.6371109581708305,227501.0,218240.41666666666,False,팬데믹 구간
2022,탄방,2,1110,85609,92270,대전교통공사_역별 수송실적_20221231.csv,2022-02-01,False,177879,-17.968382508923554,-8.226061922475658,208617.33333333334,216911.75,True,팬데믹 구간
2022,탄방,3,1110,98898,107077,대전교통공사_역별 수송실적_20221231.csv,2022-03-01,False,205975,15.795006718049919,-12.373809351615117,200232.0,214487.91666666666,False,팬데믹 구간
2022,탄방,4,1110,106175,115739,대전교통공사_역별 수송실적_20221231.csv,2022-04-01,False,221914,7.73831775700935,-1.8843732314657635,201922.66666666666,214132.75,False,팬데믹 구간
2022,탄방,5,1110,118080,130665,대전교통공사_역별 수송실적_20221231.csv,2022-05-01,False,248745,12.090719828401998,11.850299697379828,225544.66666666666,216328.91666666666,False,일반 구간
2022,탄방,6,1110,116248,127370,대전교통공사_역별 수송실적_20221231.csv,2022-06-01,False,243618,-2.0611469577277886,5.536807357572648,238092.33333333334,217394.0,False,일반 구간
2022,탄방,7,1110,117563,129022,대전교통공사_역별 수송실적_20221231.csv,2022-07-01,False,246585,1.2178903036721422,12.590749280854752,246316.0,219691.91666666666,False,일반 구간
2022,탄방,8,1110,111357,121216,대전교통공사_역별 수송실적_20221231.csv,2022-08-01,False,232573,-5.682421882920696,20.373169090626785,240925.33333333334,222972.16666666666,False,일반 구간
2022,탄방,9,1110,111488,123418,대전교통공사_역별 수송실적_20221231.csv,2022-09-01,False,234906,1.0031259002549753,19.127334689054653,238021.33333333334,226115.25,False,일반 구간
2022,탄방,10,1110,119707,131609,대전교통공사_역별 수송실적_20221231.csv,2022-10-01,False,251316,6.985773032617293,14.921462377392135,239598.33333333334,228834.5,False,일반 구간
2022,탄방,11,1110,121591,133964,대전교통공사_역별 수송실적_20221231.csv,2022-11-01,False,255555,1.6867211001289295,8.964737986611526,247259.0,230586.58333333334,False,일반 구간
2022,탄방,12,1110,129567,141854,대전교통공사_역별 수송실적_20221231.csv,2022-12-01,False,271421,6.20844827923539,17.431672947376153,259430.66666666666,233944.08333333334,False,일반 구간
2023,탄방,1,1110,116685,126386,대전교통공사_역별 수송실적_20231231.csv,2023-01-01,False,243071,-10.445028203418305,12.095903930050444,256682.33333333334,236129.83333333334,False,일반 구간
2023,탄방,2,1110,116917,126850,대전교통공사_역별 수송실적_20231231.csv,2023-02-01,False,243767,0.28633609110095826,37.04090983196442,252753.0,241620.5,False,일반 구간
2023,탄방,3,1110,129437,142505,대전교통공사_역별 수송실적_20231231.csv,2023-03-01,False,271942,11.558168250829691,32.02670226969293,252926.66666666666,247117.75,False,일반 구간
2023,탄방,4,1110,119749,130911,대전교통공사_역별 수송실적_20231231.csv,2023-04-01,False,250660,-7.825933471107804,12.953666735762503,255456.33333333334,249513.25,False,일반 구간
2023,탄방,5,1110,124179,136420,대전교통공사_역별 수송실적_20231231.csv,2023-05-01,False,260599,3.9651320513843347,4.76552292508392,261067.0,250501.08333333334,False,일반 구간
2023,탄방,6,1110,121687,133764,대전교통공사_역별 수송실적_20231231.csv,2023-06-01,False,255451,-1.9754488697193762,4.85719446017947,255570.0,251487.16666666666,False,일반 구간
2023,탄방,7,1110,121634,131604,대전교통공사_역별 수송실적_20231231.csv,2023-07-01,False,253238,-0.8663109559171822,2.6980554372731502,256429.33333333334,252041.58333333334,False,일반 구간
2023,탄방,8,1110,125076,135576,대전교통공사_역별 수송실적_20231231.csv,2023-08-01,False,260652,2.9276806798347765,12.073198522614415,256447.0,254381.5,False,일반 구간
2023,탄방,9,1110,117100,127820,대전교통공사_역별 수송실적_20231231.csv,2023-09-01,False,244920,-6.035633718521249,4.262981788460074,252936.66666666666,255216.0,False,일반 구간
2023,탄방,10,1110,124662,136570,대전교통공사_역별 수송실적_20231231.csv,2023-10-01,False,261232,6.66013392128042,3.945630202613448,255601.33333333334,256042.33333333334,False,일반 구간
2023,탄방,11,1110,126567,137833,대전교통공사_역별 수송실적_20231231.csv,2023-11-01,False,264400,1.212715134439879,3.461094480640181,256850.66666666666,256779.41666666666,False,일반 구간
2023,탄방,12,1110,127545,138210,대전교통공사_역별 수송실적_20231231.csv,2023-12-01,False,265755,0.5124810892586984,-2.0875319153639604,263795.6666666667,256307.25,False,일반 구간
2024,탄방,1,1110,127987,138814,대전교통공사_역별 수송실적_20241231.csv,2024-01-01,False,266801,0.39359560497451707,9.762579657795456,265652.0,258284.75,False,일반 구간
2024,탄방,2,1110,114395,123401,대전교통공사_역별 수송실적_20241231.csv,2024-02-01,False,237796,-10.871398532989007,-2.449470190796954,256784.0,257787.16666666666,True,일반 구간
2024,탄방,3,1110,127172,138691,대전교통공사_역별 수송실적_20241231.csv,2024-03-01,False,265863,11.802973977695164,-2.2354031374337224,256820.0,257280.58333333334,False,일반 구간
2024,탄방,4,1110,126666,138194,대전교통공사_역별 수송실적_20241231.csv,2024-04-01,False,264860,-0.3772619732719473,5.665044283092646,256173.0,258463.91666666666,False,일반 구간
2024,탄방,5,1110,128939,141451,대전교통공사_역별 수송실적_20241231.csv,2024-05-01,False,270390,2.087895491958025,3.7571134194682276,267037.6666666667,259279.83333333334,False,일반 구간
2024,탄방,6,1110,121675,132471,대전교통공사_역별 수송실적_20241231.csv,2024-06-01,False,254146,-6.007618624949151,-0.5108611827708609,263132.0,259171.08333333334,False,일반 구간
2024,탄방,7,1110,129183,140071,대전교통공사_역별 수송실적_20241231.csv,2024-07-01,False,269254,5.944614512917767,6.324485266824098,264596.6666666667,260505.75,False,일반 구간
2024,탄방,8,1110,125060,134184,대전교통공사_역별 수송실적_20241231.csv,2024-08-01,False,259244,-3.717679217393244,-0.5401838466614461,260881.33333333334,260388.41666666666,False,일반 구간
2024,탄방,9,1110,113859,123566,대전교통공사_역별 수송실적_20241231.csv,2024-09-01,False,237425,-8.416395364984341,-3.060182916870813,255307.66666666666,259763.83333333334,False,일반 구간
2024,탄방,10,1110,126286,136713,대전교통공사_역별 수송실적_20241231.csv,2024-10-01,False,262999,10.771401495209009,0.6764102407055717,253222.66666666666,259911.08333333334,False,일반 구간
2024,탄방,11,1110,127438,137878,대전교통공사_역별 수송실적_20241231.csv,2024-11-01,False,265316,0.8809919429351387,0.34644478063539097,255246.66666666666,259987.41666666666,False,일반 구간
2024,탄방,12,1110,128049,139519,대전교통공사_역별 수송실적_20241231.csv,2024-12-01,False,267568,0.8487991677848195,0.6822072961938597,265294.3333333333,260138.5,False,일반 구간
2026,탄방,1,1110,137419,147822,대전교통공사_역별 수송실적_20260731.csv,2026-01-01,False,285241,6.605049931232432,6.911518322644961,272708.3333333333,261675.16666666666,False,일반 구간
2026,탄방,2,1110,116644,125664,대전교통공사_역별 수송실적_20260731.csv,2026-02-01,False,242308,-15.051482781227099,1.8974246833420194,265039.0,262051.16666666666,False,일반 구간
2026,탄방,3,1110,143494,156533,대전교통공사_역별 수송실적_20260731.csv,2026-03-01,False,300027,23.82050943427374,12.850227372744616,275858.6666666667,264898.1666666667,True,일반 구간
2026,탄방,4,1110,146558,158651,대전교통공사_역별 수송실적_20260731.csv,2026-04-01,False,305209,1.7271778873234833,15.234085932190599,282514.6666666667,268260.5833333333,False,일반 구간
2026,탄방,5,1110,139805,151112,대전교통공사_역별 수송실적_20260731.csv,2026-05-01,False,290917,-4.68269284326478,7.591626909279192,298717.6666666667,269971.1666666667,False,일반 구간
2026,탄방,6,1110,140340,152605,대전교통공사_역별 수송실적_20260731.csv,2026-06-01,False,292945,0.6971060474293411,15.26642166313852,296357.0,273204.4166666667,False,일반 구간
2026,탄방,7,1110,140014,151032,대전교통공사_역별 수송실적_20260731.csv,2026-07-01,False,291046,-0.6482445510249346,8.093473077465884,291636.0,275020.4166666667,False,일반 구간
2015,판암,1,1101,140103,119964,대전교통공사_역별 수송실적_20151231.csv,2015-01-01,False,260067,,,260067.0,260067.0,False,일반 구간
2015,판암,2,1101,121727,104621,대전교통공사_역별 수송실적_20151231.csv,2015-02-01,False,226348,-12.965505042931246,,243207.5,243207.5,False,일반 구간
2015,판암,3,1101,149704,131925,대전교통공사_역별 수송실적_20151231.csv,2015-03-01,False,281629,24.42301235266051,,256014.66666666666,256014.66666666666,False,일반 구간
2015,판암,4,1101,146309,128569,대전교통공사_역별 수송실적_20151231.csv,2015-04-01,False,274878,-2.3971252960455103,,260951.66666666666,260730.5,False,일반 구간
2015,판암,5,1101,151499,133522,대전교통공사_역별 수송실적_20151231.csv,2015-05-01,False,285021,3.6900006548359565,,280509.3333333333,265588.6,False,일반 구간
2015,판암,6,1101,123259,108598,대전교통공사_역별 수송실적_20151231.csv,2015-06-01,False,231857,-18.652660681142798,,263918.6666666667,259966.66666666666,False,일반 구간
2015,판암,7,1101,138325,120236,대전교통공사_역별 수송실적_20151231.csv,2015-07-01,False,258561,11.517443941739947,,258479.66666666666,259765.85714285713,False,일반 구간
2015,판암,8,1101,133538,116638,대전교통공사_역별 수송실적_20151231.csv,2015-08-01,False,250176,-3.2429484725074564,,246864.66666666666,258567.125,False,일반 구간
2015,판암,9,1101,137300,119704,대전교통공사_역별 수송실적_20151231.csv,2015-09-01,False,257004,2.729278587874129,,255247.0,258393.44444444444,False,일반 구간
2015,판암,10,1101,145278,126231,대전교통공사_역별 수송실적_20151231.csv,2015-10-01,False,271509,5.643881029089037,,259563.0,259705.0,False,일반 구간
2015,판암,11,1101,134557,117150,대전교통공사_역별 수송실적_20151231.csv,2015-11-01,False,251707,-7.293312560541276,,260073.33333333334,258977.9090909091,False,일반 구간
2015,판암,12,1101,140927,122454,대전교통공사_역별 수송실적_20151231.csv,2015-12-01,False,263381,4.6379321989455935,,262199.0,259344.83333333334,False,일반 구간
2016,판암,1,1101,125966,109511,대전교통공사_역별 수송실적_20161231.csv,2016-01-01,False,235477,-10.59453795072538,-9.455255761015435,250188.33333333334,257295.66666666666,False,일반 구간
2016,판암,2,1101,117145,101554,대전교통공사_역별 수송실적_20161231.csv,2016-02-01,False,218699,-7.125112006692802,-3.3793097354516077,239185.66666666666,256658.25,False,일반 구간
2016,판암,3,1101,140817,123636,대전교통공사_역별 수송실적_20161231.csv,2016-03-01,False,264453,20.920991865532066,-6.098803745352932,239543.0,255226.91666666666,False,일반 구간
2016,판암,4,1101,137629,120329,대전교통공사_역별 수송실적_20161231.csv,2016-04-01,False,257958,-2.456012977731392,-6.155458057756535,247036.66666666666,253816.91666666666,False,일반 구간
2016,판암,5,1101,141688,123867,대전교통공사_역별 수송실적_20161231.csv,2016-05-01,False,265555,2.9450530706549127,-6.8296721995923075,262655.3333333333,252194.75,False,일반 구간
2016,판암,6,1101,133458,115693,대전교통공사_역별 수송실적_20161231.csv,2016-06-01,False,249151,-6.177251416843966,7.45890786131107,257554.66666666666,253635.91666666666,False,일반 구간
2016,판암,7,1101,129611,112299,대전교통공사_역별 수송실적_20161231.csv,2016-07-01,False,241910,-2.9062696918735975,-6.439872989352613,252205.33333333334,252248.33333333334,False,일반 구간
2016,판암,8,1101,127842,110563,대전교통공사_역별 수송실적_20161231.csv,2016-08-01,False,238405,-1.4488859493200001,-4.705087618316705,243155.33333333334,251267.41666666666,False,일반 구간
2016,판암,9,1101,125959,108488,대전교통공사_역별 수송실적_20161231.csv,2016-09-01,False,234447,-1.6602000796963168,-8.776906196012513,238254.0,249387.66666666666,False,일반 구간
2016,판암,10,1101,135574,116546,대전교통공사_역별 수송실적_20161231.csv,2016-10-01,False,252120,7.538164275934434,-7.1411997392351605,241657.33333333334,247771.91666666666,False,일반 구간
2016,판암,11,1101,131590,113042,대전교통공사_역별 수송실적_20161231.csv,2016-11-01,False,244632,-2.970014278914801,-2.8108078043121543,243733.0,247182.33333333334,False,일반 구간
2016,판암,12,1101,134611,115485,대전교통공사_역별 수송실적_20161231.csv,2016-12-01,False,250096,2.233558978383865,-5.044023676726872,248949.33333333334,246075.25,False,일반 구간
2017,판암,1,1101,119873,102724,대전교통공사_역별 수송실적_20171231.csv,2017-01-01,False,222597,-10.995377774934422,-5.469748637871219,239108.33333333334,245001.91666666666,False,일반 구간
2017,판암,2,1101,117214,101434,대전교통공사_역별 수송실적_20171231.csv,2017-02-01,False,218648,-1.7740580510968273,-0.023319722541026433,230447.0,244997.66666666666,False,일반 구간
2017,판암,3,1101,134120,118008,대전교통공사_역별 수송실적_20171231.csv,2017-03-01,False,252128,15.312282755845018,-4.660563502777427,231124.33333333334,243970.58333333334,False,일반 구간
2017,판암,4,1101,131167,114539,대전교통공사_역별 수송실적_20171231.csv,2017-04-01,False,245706,-2.547118923721281,-4.749610401693294,238827.33333333334,242949.58333333334,False,일반 구간
2017,판암,5,1101,133288,116143,대전교통공사_역별 수송실적_20171231.csv,2017-05-01,False,249431,1.516039494355037,-6.071811865715205,249088.33333333334,241605.91666666666,False,일반 구간
2017,판암,6,1101,127581,110535,대전교통공사_역별 수송실적_20171231.csv,2017-06-01,False,238116,-4.536324674960213,-4.429041023315183,244417.66666666666,240686.33333333334,False,일반 구간
2017,판암,7,1101,120744,104537,대전교통공사_역별 수송실적_20171231.csv,2017-07-01,False,225281,-5.3902299719464475,-6.8740440659749495,237609.33333333334,239300.58333333334,False,일반 구간
2017,판암,8,1101,122091,104509,대전교통공사_역별 수송실적_20171231.csv,2017-08-01,False,226600,0.5854910090065335,-4.951657893081096,229999.0,238316.83333333334,False,일반 구간
2017,판암,9,1101,128567,111104,대전교통공사_역별 수송실적_20171231.csv,2017-09-01,False,239671,5.768314210061787,2.228222156820081,230517.33333333334,238752.16666666666,False,일반 구간
2017,판암,10,1101,120147,102797,대전교통공사_역별 수송실적_20171231.csv,2017-10-01,False,222944,-6.979150585594418,-11.572267174361418,229738.33333333334,236320.83333333334,False,일반 구간
2017,판암,11,1101,127827,109975,대전교통공사_역별 수송실적_20171231.csv,2017-11-01,False,237802,6.66445385388259,-2.79194872297982,233472.33333333334,235751.66666666666,False,일반 구간
2017,판암,12,1101,126770,108988,대전교통공사_역별 수송실적_20171231.csv,2017-12-01,False,235758,-0.8595386077492995,-5.7329985285650364,232168.0,234556.83333333334,False,일반 구간
2018,판암,1,1101,120099,103185,대전교통공사_역별 수송실적_20181231.csv,2018-01-01,False,223284,-5.291018756521515,0.3086294963543956,232281.33333333334,234614.08333333334,False,일반 구간
2018,판암,2,1101,106864,91641,대전교통공사_역별 수송실적_20181231.csv,2018-02-01,False,198505,-11.097526020673222,-9.212524239874131,219182.33333333334,232935.5,True,일반 구간
2018,판암,3,1101,131243,113647,대전교통공사_역별 수송실적_20181231.csv,2018-03-01,False,244890,23.367169592705483,-2.8707640563523262,222226.33333333334,232332.33333333334,False,일반 구간
2018,판암,4,1101,127007,109070,대전교통공사_역별 수송실적_20181231.csv,2018-04-01,False,236077,-3.5987586263220184,-3.9189112190992526,226490.66666666666,231529.91666666666,False,일반 구간
2018,판암,5,1101,132921,114269,대전교통공사_역별 수송실적_20181231.csv,2018-05-01,False,247190,4.707362428360229,-0.8984448605025008,242719.0,231343.16666666666,False,일반 구간
2018,판암,6,1101,125279,107398,대전교통공사_역별 수송실적_20181231.csv,2018-06-01,False,232677,-5.871192200331732,-2.2841808194325464,238648.0,230889.91666666666,False,일반 구간
2018,판암,7,1101,124685,107462,대전교통공사_역별 수송실적_20181231.csv,2018-07-01,False,232147,-0.2277835798123573,3.04774925537441,237338.0,231462.08333333334,False,일반 구간
2018,판암,8,1101,126214,109154,대전교통공사_역별 수송실적_20181231.csv,2018-08-01,False,235368,1.3874829310738468,3.86937334510149,233397.33333333334,232192.75,False,일반 구간
2018,판암,9,1101,126963,108963,대전교통공사_역별 수송실적_20181231.csv,2018-09-01,False,235926,0.23707555827470195,-1.5625586741825237,234480.33333333334,231880.66666666666,False,일반 구간
2018,판암,10,1101,142876,123988,대전교통공사_역별 수송실적_20181231.csv,2018-10-01,False,266864,13.113433873333168,19.700014353380226,246052.66666666666,235540.66666666666,False,일반 구간
2018,판암,11,1101,140956,122627,대전교통공사_역별 수송실적_20181231.csv,2018-11-01,False,263583,-1.2294651957551417,10.841372234043444,255457.66666666666,237689.08333333334,False,일반 구간
2018,판암,12,1101,140145,121476,대전교통공사_역별 수송실적_20181231.csv,2018-12-01,False,261621,-0.7443575647898437,10.970147354490623,264022.6666666667,239844.33333333334,False,일반 구간
2019,판암,1,1101,138321,120249,대전교통공사_역별 수송실적_20191231.csv,2019-01-01,False,258570,-1.1661907874367938,15.803192346966188,261258.0,242784.83333333334,False,일반 구간
2019,판암,2,1101,119817,103675,대전교통공사_역별 수송실적_20191231.csv,2019-02-01,False,223492,-13.566152299183976,12.587592252084324,247894.33333333334,244867.08333333334,False,일반 구간
2019,판암,3,1101,141861,124491,대전교통공사_역별 수송실적_20191231.csv,2019-03-01,False,266352,19.17742022085802,8.763934827881915,249471.33333333334,246655.58333333334,False,일반 구간
2019,판암,4,1101,144259,125906,대전교통공사_역별 수송실적_20191231.csv,2019-04-01,False,270165,1.4315642458100575,14.439356650584333,253336.33333333334,249496.25,False,일반 구간
2019,판암,5,1101,150564,131562,대전교통공사_역별 수송실적_20191231.csv,2019-05-01,False,282126,4.42729443118095,14.133257817872892,272881.0,252407.58333333334,False,일반 구간
2019,판암,6,1101,138420,121391,대전교통공사_역별 수송실적_20191231.csv,2019-06-01,False,259811,-7.909586496813481,11.66165972571418,270700.6666666667,254668.75,False,일반 구간
2019,판암,7,1101,142571,124234,대전교통공사_역별 수송실적_20191231.csv,2019-07-01,False,266805,2.691956845553123,14.929333568816316,269580.6666666667,257556.91666666666,False,일반 구간
2019,판암,8,1101,135613,117908,대전교통공사_역별 수송실적_20191231.csv,2019-08-01,False,253521,-4.978917186709397,7.712603242581828,260045.66666666666,259069.66666666666,False,일반 구간
2019,판암,9,1101,131335,113965,대전교통공사_역별 수송실적_20191231.csv,2019-09-01,False,245300,-3.2427293991424744,3.9732797572120004,255208.66666666666,259850.83333333334,False,일반 구간
2019,판암,10,1101,144413,126160,대전교통공사_역별 수송실적_20191231.csv,2019-10-01,False,270573,10.30289441500203,1.3898465135799398,256464.66666666666,260159.91666666666,False,일반 구간
2019,판암,11,1101,139646,122203,대전교통공사_역별 수송실적_20191231.csv,2019-11-01,False,261849,-3.224268496856675,-0.6578572973219066,259240.66666666666,260015.41666666666,False,일반 구간
2019,판암,12,1101,142901,124518,대전교통공사_역별 수송실적_20191231.csv,2019-12-01,False,267419,2.1271801687231973,2.2161829516743614,266613.6666666667,260498.58333333334,False,일반 구간
2020,판암,1,1101,128432,112353,대전교통공사_역별 수송실적_20200531.csv,2020-01-01,False,240785,-9.959651333674868,-6.8782147967668354,256684.33333333334,259016.5,False,일반 구간
2020,판암,2,1101,100092,87988,대전교통공사_역별 수송실적_20200531.csv,2020-02-01,False,188080,-21.88882197811326,-15.844862455926833,232094.66666666666,256065.5,True,팬데믹 구간
2020,판암,3,1101,71716,64084,대전교통공사_역별 수송실적_20200531.csv,2020-03-01,False,135800,-27.796682262866867,-49.014837508259745,188221.66666666666,245186.16666666666,True,팬데믹 구간
2020,판암,4,1101,84142,74939,대전교통공사_역별 수송실적_20200531.csv,2020-04-01,False,159081,17.143593519882174,-41.117095108544774,160987.0,235929.16666666666,False,팬데믹 구간
2020,판암,5,1101,101009,89941,대전교통공사_역별 수송실적_20200531.csv,2020-05-01,False,190950,20.033190638731213,-32.317475170668416,161943.66666666666,228331.16666666666,False,팬데믹 구간
2020,판암,6,1101,95301,85491,대전교통공사_역별 수송실적_20211231.csv,2020-06-01,False,180792,-5.319717203456397,-30.414031738456025,176941.0,221746.25,False,팬데믹 구간
2020,판암,7,1101,90156,80844,대전교통공사_역별 수송실적_20211231.csv,2020-07-01,False,171000,-5.416168857029069,-35.908247596559285,180914.0,213762.5,False,팬데믹 구간
2020,판암,8,1101,89795,80053,대전교통공사_역별 수송실적_20211231.csv,2020-08-01,False,169848,-0.6736842105263152,-33.004366502183245,173880.0,206789.75,False,팬데믹 구간
2020,판암,9,1101,87751,78304,대전교통공사_역별 수송실적_20211231.csv,2020-09-01,False,166055,-2.233173190146487,-32.305340399510804,168967.66666666666,200186.0,False,팬데믹 구간
2020,판암,10,1101,98978,87464,대전교통공사_역별 수송실적_20211231.csv,2020-10-01,False,186442,12.277257535154007,-31.093642011582823,174115.0,193175.08333333334,False,팬데믹 구간
2020,판암,11,1101,102678,91241,대전교통공사_역별 수송실적_20211231.csv,2020-11-01,False,193919,4.010362471975193,-25.94243247062238,182138.66666666666,187514.25,False,팬데믹 구간
2020,판암,12,1101,89293,80396,대전교통공사_역별 수송실적_20211231.csv,2020-12-01,False,169689,-12.494907667634426,-36.54564559735846,183350.0,179370.08333333334,False,팬데믹 구간
2021,판암,1,1101,87780,79156,대전교통공사_역별 수송실적_20211231.csv,2021-01-01,False,166936,-1.6223797653354022,-30.670099881637146,176848.0,173216.0,False,팬데믹 구간
2021,판암,2,1101,87565,77467,대전교통공사_역별 수송실적_20211231.csv,2021-02-01,False,165032,-1.1405568601140503,-12.254359846873674,167219.0,171295.33333333334,False,팬데믹 구간
2021,판암,3,1101,107780,96539,대전교통공사_역별 수송실적_20211231.csv,2021-03-01,False,204319,23.80568616995491,50.455817378497784,178762.33333333334,177005.25,False,팬데믹 구간
2021,판암,4,1101,103133,92681,대전교통공사_역별 수송실적_20211231.csv,2021-04-01,False,195814,-4.162608470088436,23.090752509727743,188388.33333333334,180066.33333333334,False,팬데믹 구간
2021,판암,5,1101,103473,92716,대전교통공사_역별 수송실적_20211231.csv,2021-05-01,False,196189,0.19150826805029997,2.743650170201617,198774.0,180502.91666666666,False,팬데믹 구간
2021,판암,6,1101,105545,94961,대전교통공사_역별 수송실적_20211231.csv,2021-06-01,False,200506,2.2004291779865293,10.90424355059958,197503.0,182145.75,False,팬데믹 구간
2021,판암,7,1101,100286,89934,대전교통공사_역별 수송실적_20211231.csv,2021-07-01,False,190220,-5.13002104675172,11.239766081871338,195638.33333333334,183747.41666666666,False,팬데믹 구간
2021,판암,8,1101,90574,82078,대전교통공사_역별 수송실적_20211231.csv,2021-08-01,False,172652,-9.235621911470925,1.6508878526682702,187792.66666666666,183981.08333333334,False,팬데믹 구간
2021,판암,9,1101,97183,87862,대전교통공사_역별 수송실적_20211231.csv,2021-09-01,False,185045,7.17802284363922,11.435970009936458,182639.0,185563.58333333334,False,팬데믹 구간
2021,판암,10,1101,105876,95900,대전교통공사_역별 수송실적_20211231.csv,2021-10-01,False,201776,9.041584479450936,8.224541680522623,186491.0,186841.41666666666,False,팬데믹 구간
2021,판암,11,1101,111247,99093,대전교통공사_역별 수송실적_20211231.csv,2021-11-01,False,210340,4.244310522559669,8.467968584821506,199053.66666666666,188209.83333333334,False,팬데믹 구간
2021,판암,12,1101,106946,95401,대전교통공사_역별 수송실적_20211231.csv,2021-12-01,False,202347,-3.8000380336597916,19.245796722238918,204821.0,190931.33333333334,False,팬데믹 구간
2022,판암,1,1101,100289,91005,대전교통공사_역별 수송실적_20221231.csv,2022-01-01,False,191294,-5.462398750660991,14.59122058753055,201327.0,192961.16666666666,False,팬데믹 구간
2022,판암,2,1101,84788,76866,대전교통공사_역별 수송실적_20221231.csv,2022-02-01,False,161654,-15.494474473846543,-2.0468757574288676,185098.33333333334,192679.66666666666,True,팬데믹 구간
2022,판암,3,1101,99886,90952,대전교통공사_역별 수송실적_20221231.csv,2022-03-01,False,190838,18.053373253986905,-6.598015847767458,181262.0,191556.25,False,팬데믹 구간
2022,판암,4,1101,108678,98388,대전교통공사_역별 수송실적_20221231.csv,2022-04-01,False,207066,8.503547511501907,5.746269418938388,186519.33333333334,192493.91666666666,False,팬데믹 구간
2022,판암,5,1101,121440,109668,대전교통공사_역별 수송실적_20221231.csv,2022-05-01,False,231108,11.61079076236562,17.798653339381932,209670.66666666666,195403.83333333334,False,일반 구간
2022,판암,6,1101,114266,102832,대전교통공사_역별 수송실적_20221231.csv,2022-06-01,False,217098,-6.062100835972794,8.27506408785772,218424.0,196786.5,False,일반 구간
2022,판암,7,1101,113534,102263,대전교통공사_역별 수송실적_20221231.csv,2022-07-01,False,215797,-0.5992685331048686,13.44600988329303,221334.33333333334,198917.91666666666,False,일반 구간
2022,판암,8,1101,106876,95605,대전교통공사_역별 수송실적_20221231.csv,2022-08-01,False,202481,-6.170614049314871,17.27695016565114,211792.0,201403.66666666666,False,일반 구간
2022,판암,9,1101,111500,100342,대전교통공사_역별 수송실적_20221231.csv,2022-09-01,False,211842,4.623149826403461,14.481342376178773,210040.0,203636.75,False,일반 구간
2022,판암,10,1101,118300,106521,대전교통공사_역별 수송실적_20221231.csv,2022-10-01,False,224821,6.12673596359552,11.421080802474037,213048.0,205557.16666666666,False,일반 구간
2022,판암,11,1101,117439,105499,대전교통공사_역별 수송실적_20221231.csv,2022-11-01,False,222938,-0.8375552105897577,5.989350575259111,219867.0,206607.0,False,일반 구간
2022,판암,12,1101,118294,106032,대전교통공사_역별 수송실적_20221231.csv,2022-12-01,False,224326,0.6225946227202073,10.862034030650314,224028.33333333334,208438.58333333334,False,일반 구간
2023,판암,1,1101,107462,96768,대전교통공사_역별 수송실적_20231231.csv,2023-01-01,False,204230,-8.958390913224502,6.762365782512791,217164.66666666666,209516.58333333334,False,일반 구간
2023,판암,2,1101,109549,98253,대전교통공사_역별 수송실적_20231231.csv,2023-02-01,False,207802,1.7490084708416953,28.547391342002058,212119.33333333334,213362.25,False,일반 구간
2023,판암,3,1101,126568,114675,대전교통공사_역별 수송실적_20231231.csv,2023-03-01,False,241243,16.092722880434263,26.41245454259633,217758.33333333334,217562.66666666666,True,일반 구간
2023,판암,4,1101,120298,108580,대전교통공사_역별 수송실적_20231231.csv,2023-04-01,False,228878,-5.125537321290152,10.533839452155359,225974.33333333334,219380.33333333334,False,일반 구간
2023,판암,5,1101,125280,113086,대전교통공사_역별 수송실적_20231231.csv,2023-05-01,False,238366,4.145439928695627,3.1405230455025412,236162.33333333334,219985.16666666666,False,일반 구간
2023,판암,6,1101,121264,109868,대전교통공사_역별 수송실적_20231231.csv,2023-06-01,False,231132,-3.034828792696942,6.464361716828337,232792.0,221154.66666666666,False,일반 구간
2023,판암,7,1101,116496,105649,대전교통공사_역별 수송실적_20231231.csv,2023-07-01,False,222145,-3.8882543308585538,2.941653498426766,230547.66666666666,221683.66666666666,False,일반 구간
2023,판암,8,1101,122115,111887,대전교통공사_역별 수송실적_20231231.csv,2023-08-01,False,234002,5.337504782912061,15.567386569604057,229093.0,224310.41666666666,False,일반 구간
2023,판암,9,1101,114847,103996,대전교통공사_역별 수송실적_20231231.csv,2023-09-01,False,218843,-6.478149759403761,3.3048215179237284,224996.66666666666,224893.83333333334,False,일반 구간
2023,판암,10,1101,121516,110128,대전교통공사_역별 수송실적_20231231.csv,2023-10-01,False,231644,5.84939888413154,3.034858843257515,228163.0,225462.41666666666,False,일반 구간
2023,판암,11,1101,119377,108820,대전교통공사_역별 수송실적_20231231.csv,2023-11-01,False,228197,-1.4880592633523815,2.358951816200028,226228.0,225900.66666666666,False,일반 구간
2023,판암,12,1101,119269,108284,대전교통공사_역별 수송실적_20231231.csv,2023-12-01,False,227553,-0.282212299022333,1.4385314230182855,229131.33333333334,226169.58333333334,False,일반 구간
2024,판암,1,1101,114992,103857,대전교통공사_역별 수송실적_20241231.csv,2024-01-01,False,218849,-3.825042957025393,7.15810605689664,224866.33333333334,227387.83333333334,False,일반 구간
2024,판암,2,1101,106104,95195,대전교통공사_역별 수송실적_20241231.csv,2024-02-01,False,201299,-8.019227869444222,-3.1294212760223705,215900.33333333334,226845.91666666666,True,일반 구간
2024,판암,3,1101,120014,109800,대전교통공사_역별 수송실적_20241231.csv,2024-03-01,False,229814,14.165495109265326,-4.7375467889223755,216654.0,225893.5,False,일반 구간
2024,판암,4,1101,122536,110947,대전교통공사_역별 수송실적_20241231.csv,2024-04-01,False,233483,1.596508480771397,2.0119889198612295,221532.0,226277.25,False,일반 구간
2024,판암,5,1101,125939,113504,대전교통공사_역별 수송실적_20241231.csv,2024-05-01,False,239443,2.552648372686672,0.45182618326438106,234246.66666666666,226367.0,False,일반 구간
2024,판암,6,1101,115747,105051,대전교통공사_역별 수송실적_20241231.csv,2024-06-01,False,220798,-7.7868219158630625,-4.471038194624722,231241.33333333334,225505.83333333334,False,일반 구간
2024,판암,7,1101,118327,107255,대전교통공사_역별 수송실적_20241231.csv,2024-07-01,False,225582,2.1666862924482944,1.5471876477075819,228607.66666666666,225792.25,False,일반 구간
2024,판암,8,1101,119463,109486,대전교통공사_역별 수송실적_20241231.csv,2024-08-01,False,228949,1.492583628126365,-2.1593832531345836,225109.66666666666,225371.16666666666,False,일반 구간
2024,판암,9,1101,110092,98974,대전교통공사_역별 수송실적_20241231.csv,2024-09-01,False,209066,-8.68446684632822,-4.467586351859554,221199.0,224556.41666666666,False,일반 구간
2024,판암,10,1101,121263,109560,대전교통공사_역별 수송실적_20241231.csv,2024-10-01,False,230823,10.40676150115274,-0.3544231665832065,222946.0,224488.0,False,일반 구간
2024,판암,11,1101,120076,108336,대전교통공사_역별 수송실적_20241231.csv,2024-11-01,False,228412,-1.0445232927394632,0.09421683895931565,222767.0,224505.91666666666,False,일반 구간
2024,판암,12,1101,121099,108711,대전교통공사_역별 수송실적_20241231.csv,2024-12-01,False,229810,0.6120519062045693,0.9918568421422691,229681.66666666666,224694.0,False,일반 구간
2026,판암,1,1101,116786,104534,대전교통공사_역별 수송실적_20260731.csv,2026-01-01,False,221320,-3.6943562073016856,1.1290890065753123,226514.0,224899.91666666666,False,일반 구간
2026,판암,2,1101,104192,94008,대전교통공사_역별 수송실적_20260731.csv,2026-02-01,False,198200,-10.44641243448401,-1.5395009413856964,216443.33333333334,224641.66666666666,True,일반 구간
2026,판암,3,1101,127854,116086,대전교통공사_역별 수송실적_20260731.csv,2026-03-01,False,243940,23.077699293642784,6.146709948044937,221153.33333333334,225818.83333333334,False,일반 구간
2026,판암,4,1101,132760,119557,대전교통공사_역별 수송실적_20260731.csv,2026-04-01,False,252317,3.434041157661727,8.066540176372584,231485.66666666666,227388.33333333334,False,일반 구간
2026,판암,5,1101,128815,116105,대전교통공사_역별 수송실적_20260731.csv,2026-05-01,False,244920,-2.9316296563449917,2.2873919889075944,247059.0,227844.75,False,일반 구간
2026,판암,6,1101,125168,113026,대전교통공사_역별 수송실적_20260731.csv,2026-06-01,False,238194,-2.7462028417442386,7.8786945533926955,245143.66666666666,229294.41666666666,False,일반 구간
2026,판암,7,1101,119340,108042,대전교통공사_역별 수송실적_20260731.csv,2026-07-01,False,227382,-4.539157157611018,0.7979360055323514,236832.0,229444.41666666666,False,일반 구간
2015,현충원,1,1118,65106,47687,대전교통공사_역별 수송실적_20151231.csv,2015-01-01,False,112793,,,112793.0,112793.0,False,일반 구간
2015,현충원,2,1118,58230,41334,대전교통공사_역별 수송실적_20151231.csv,2015-02-01,False,99564,-11.728564715895494,,106178.5,106178.5,False,일반 구간
2015,현충원,3,1118,93398,74004,대전교통공사_역별 수송실적_20151231.csv,2015-03-01,False,167402,68.13506890040577,,126586.33333333333,126586.33333333333,False,일반 구간
2015,현충원,4,1118,94376,75480,대전교통공사_역별 수송실적_20151231.csv,2015-04-01,False,169856,1.4659323066630092,,145607.33333333334,137403.75,False,일반 구간
2015,현충원,5,1118,97146,75809,대전교통공사_역별 수송실적_20151231.csv,2015-05-01,False,172955,1.824486623963839,,170071.0,144514.0,False,일반 구간
2015,현충원,6,1118,67760,54438,대전교통공사_역별 수송실적_20151231.csv,2015-06-01,False,122198,-29.346939955479744,,155003.0,140794.66666666666,False,일반 구간
2015,현충원,7,1118,66539,49152,대전교통공사_역별 수송실적_20151231.csv,2015-07-01,False,115691,-5.324964402036036,,136948.0,137208.42857142858,False,일반 구간
2015,현충원,8,1118,68876,50571,대전교통공사_역별 수송실적_20151231.csv,2015-08-01,False,119447,3.2465792498984403,,119112.0,134988.25,False,일반 구간
2015,현충원,9,1118,84123,67270,대전교통공사_역별 수송실적_20151231.csv,2015-09-01,False,151393,26.74491615528225,,128843.66666666667,136811.0,False,일반 구간
2015,현충원,10,1118,90302,72464,대전교통공사_역별 수송실적_20151231.csv,2015-10-01,False,162766,7.512236364957436,,144535.33333333334,139406.5,False,일반 구간
2015,현충원,11,1118,83180,67012,대전교통공사_역별 수송실적_20151231.csv,2015-11-01,False,150192,-7.725200594718795,,154783.66666666666,140387.0,False,일반 구간
2015,현충원,12,1118,77692,59305,대전교통공사_역별 수송실적_20151231.csv,2015-12-01,False,136997,-8.785421327367636,,149985.0,140104.5,False,일반 구간
2016,현충원,1,1118,63731,45872,대전교통공사_역별 수송실적_20161231.csv,2016-01-01,False,109603,-19.996058307846155,-2.8281896926227734,132264.0,139838.66666666666,False,일반 구간
2016,현충원,2,1118,60419,43063,대전교통공사_역별 수송실적_20161231.csv,2016-02-01,False,103482,-5.584701148691185,3.9351572857659445,116694.0,140165.16666666666,False,일반 구간
2016,현충원,3,1118,90487,72955,대전교통공사_역별 수송실적_20161231.csv,2016-03-01,False,163442,57.942444096557864,-2.3655631354464135,125509.0,139835.16666666666,False,일반 구간
2016,현충원,4,1118,94828,75758,대전교통공사_역별 수송실적_20161231.csv,2016-04-01,False,170586,4.370969518238876,0.4297758100979543,145836.66666666666,139896.0,False,일반 구간
2016,현충원,5,1118,96681,77078,대전교통공사_역별 수송실적_20161231.csv,2016-05-01,False,173759,1.8600588559436249,0.4648608019427014,169262.33333333334,139963.0,False,일반 구간
2016,현충원,6,1118,81896,64716,대전교통공사_역별 수송실적_20161231.csv,2016-06-01,False,146612,-15.623363394126343,19.979050393623467,163652.33333333334,141997.5,False,일반 구간
2016,현충원,7,1118,68029,51067,대전교통공사_역별 수송실적_20161231.csv,2016-07-01,False,119096,-18.767904400731183,2.9431848631267687,146489.0,142281.25,False,일반 구간
2016,현충원,8,1118,68740,52282,대전교통공사_역별 수송실적_20161231.csv,2016-08-01,False,121022,1.617182776919468,1.3185764397598998,128910.0,142412.5,False,일반 구간
2016,현충원,9,1118,80542,64981,대전교통공사_역별 수송실적_20161231.csv,2016-09-01,False,145523,20.24507940704996,-3.8773259001406934,128547.0,141923.33333333334,False,일반 구간
2016,현충원,10,1118,86112,70352,대전교통공사_역별 수송실적_20161231.csv,2016-10-01,False,156464,7.518399153398425,-3.87181598122458,141003.0,141398.16666666666,False,일반 구간
2016,현충원,11,1118,84169,69371,대전교통공사_역별 수송실적_20161231.csv,2016-11-01,False,153540,-1.868800490847733,2.22914669223393,151842.33333333334,141677.16666666666,False,일반 구간
2016,현충원,12,1118,76082,58340,대전교통공사_역별 수송실적_20161231.csv,2016-12-01,False,134422,-12.451478442099784,-1.8796032029898435,148142.0,141462.58333333334,False,일반 구간
2017,현충원,1,1118,64339,47098,대전교통공사_역별 수송실적_20171231.csv,2017-01-01,False,111437,-17.099135558167568,1.673311861901583,133133.0,141615.41666666666,False,일반 구간
2017,현충원,2,1118,63108,46273,대전교통공사_역별 수송실적_20171231.csv,2017-02-01,False,109381,-1.8449886482945543,5.700508300960561,118413.33333333333,142107.0,False,일반 구간
2017,현충원,3,1118,93379,76059,대전교통공사_역별 수송실적_20171231.csv,2017-03-01,False,169438,54.90624514312357,3.6685796796417147,130085.33333333333,142606.66666666666,False,일반 구간
2017,현충원,4,1118,92304,75618,대전교통공사_역별 수송실적_20171231.csv,2017-04-01,False,167922,-0.8947225533823544,-1.5616756357497152,148913.66666666666,142384.66666666666,False,일반 구간
2017,현충원,5,1118,93343,76684,대전교통공사_역별 수송실적_20171231.csv,2017-05-01,False,170027,1.2535581996403034,-2.1478024159899634,169129.0,142073.66666666666,False,일반 구간
2017,현충원,6,1118,80213,65399,대전교통공사_역별 수송실적_20171231.csv,2017-06-01,False,145612,-14.359484081939922,-0.6820724088069219,161187.0,141990.33333333334,False,일반 구간
2017,현충원,7,1118,65301,50058,대전교통공사_역별 수송실적_20171231.csv,2017-07-01,False,115359,-20.776446996126698,-3.1378047961308497,143666.0,141678.91666666666,False,일반 구간
2017,현충원,8,1118,67468,52661,대전교통공사_역별 수송실적_20171231.csv,2017-08-01,False,120129,4.1349179517852885,-0.7378823684949798,127033.33333333333,141604.5,False,일반 구간
2017,현충원,9,1118,84039,69570,대전교통공사_역별 수송실적_20171231.csv,2017-09-01,False,153609,27.870039707314632,5.556509967496548,129699.0,142278.33333333334,False,일반 구간
2017,현충원,10,1118,78045,63913,대전교통공사_역별 수송실적_20171231.csv,2017-10-01,False,141958,-7.584842033995409,-9.271142243583185,138565.33333333334,141069.5,False,일반 구간
2017,현충원,11,1118,81866,67563,대전교통공사_역별 수송실적_20171231.csv,2017-11-01,False,149429,5.26282421561306,-2.6774781815813498,148332.0,140726.91666666666,False,일반 구간
2017,현충원,12,1118,72509,55541,대전교통공사_역별 수송실적_20171231.csv,2017-12-01,False,128050,-14.30712913825295,-4.740295487345825,139812.33333333334,140195.91666666666,False,일반 구간
2018,현충원,1,1118,62057,46231,대전교통공사_역별 수송실적_20181231.csv,2018-01-01,False,108288,-15.433033971105036,-2.825811893715735,128589.0,139933.5,False,일반 구간
2018,현충원,2,1118,56458,41254,대전교통공사_역별 수송실적_20181231.csv,2018-02-01,False,97712,-9.766548463356973,-10.66821477221821,111350.0,138961.08333333334,False,일반 구간
2018,현충원,3,1118,86229,72211,대전교통공사_역별 수송실적_20181231.csv,2018-03-01,False,158440,62.149991812673974,-6.490869816688106,121480.0,138044.58333333334,False,일반 구간
2018,현충원,4,1118,87152,72598,대전교통공사_역별 수송실적_20181231.csv,2018-04-01,False,159750,0.8268114112597758,-4.866545181691495,138634.0,137363.58333333334,False,일반 구간
2018,현충원,5,1118,88902,73818,대전교통공사_역별 수송실적_20181231.csv,2018-05-01,False,162720,1.8591549295774668,-4.29755274162339,160303.33333333334,136754.66666666666,False,일반 구간
2018,현충원,6,1118,79258,65133,대전교통공사_역별 수송실적_20181231.csv,2018-06-01,False,144391,-11.264134709931174,-0.8385297915006973,155620.33333333334,136652.91666666666,False,일반 구간
2018,현충원,7,1118,65374,50678,대전교통공사_역별 수송실적_20181231.csv,2018-07-01,False,116052,-19.62656952303121,0.6007333628065492,141054.33333333334,136710.66666666666,False,일반 구간
2018,현충원,8,1118,63019,48543,대전교통공사_역별 수송실적_20181231.csv,2018-08-01,False,111562,-3.8689552959018325,-7.131500303840044,124001.66666666667,135996.75,False,일반 구간
2018,현충원,9,1118,78309,64344,대전교통공사_역별 수송실적_20181231.csv,2018-09-01,False,142653,27.868808375611763,-7.1323945862547085,123422.33333333333,135083.75,False,일반 구간
2018,현충원,10,1118,87227,72746,대전교통공사_역별 수송실적_20181231.csv,2018-10-01,False,159973,12.141349989134476,12.690373208977302,138062.66666666666,136585.0,False,일반 구간
2018,현충원,11,1118,85255,70349,대전교통공사_역별 수송실적_20181231.csv,2018-11-01,False,155604,-2.7310858707406904,4.132397325820292,152743.33333333334,137099.58333333334,False,일반 구간
2018,현충원,12,1118,74244,58947,대전교통공사_역별 수송실적_20181231.csv,2018-12-01,False,133191,-14.403871365774656,4.014837953924255,149589.33333333334,137528.0,False,일반 구간
2019,현충원,1,1118,65815,51200,대전교통공사_역별 수송실적_20191231.csv,2019-01-01,False,117015,-12.144964749870491,8.059064716312058,135270.0,138255.25,False,일반 구간
2019,현충원,2,1118,58538,44008,대전교통공사_역별 수송실적_20191231.csv,2019-02-01,False,102546,-12.365081399820532,4.947191747175372,117584.0,138658.08333333334,False,일반 구간
2019,현충원,3,1118,85085,70261,대전교통공사_역별 수송실적_20191231.csv,2019-03-01,False,155346,51.48908782400095,-1.9527896995708116,124969.0,138400.25,False,일반 구간
2019,현충원,4,1118,89349,74141,대전교통공사_역별 수송실적_20191231.csv,2019-04-01,False,163490,5.242490955673151,2.3411580594679293,140460.66666666666,138711.91666666666,False,일반 구간
2019,현충원,5,1118,92774,76201,대전교통공사_역별 수송실적_20191231.csv,2019-05-01,False,168975,3.3549452565906135,3.8440265486725744,162603.66666666666,139233.16666666666,False,일반 구간
2019,현충원,6,1118,77183,63329,대전교통공사_역별 수송실적_20191231.csv,2019-06-01,False,140512,-16.84450362479657,-2.686455527006526,157659.0,138909.91666666666,False,일반 구간
2019,현충원,7,1118,67443,53511,대전교통공사_역별 수송실적_20191231.csv,2019-07-01,False,120954,-13.919095877932131,4.223968565815328,143480.33333333334,139318.41666666666,False,일반 구간
2019,현충원,8,1118,66124,52221,대전교통공사_역별 수송실적_20191231.csv,2019-08-01,False,118345,-2.157018370620234,6.080027249421849,126603.66666666667,139883.66666666666,False,일반 구간
2019,현충원,9,1118,76009,63537,대전교통공사_역별 수송실적_20191231.csv,2019-09-01,False,139546,17.91457180278,-2.178012379690575,126281.66666666667,139624.75,False,일반 구간
2019,현충원,10,1118,83993,70475,대전교통공사_역별 수송실적_20191231.csv,2019-10-01,False,154468,10.693248104567665,-3.4412057034624577,137453.0,139166.0,False,일반 구간
2019,현충원,11,1118,82308,67926,대전교통공사_역별 수송실적_20191231.csv,2019-11-01,False,150234,-2.7410207939508546,-3.4510680959358386,148082.66666666666,138718.5,False,일반 구간
2019,현충원,12,1118,76473,59798,대전교통공사_역별 수송실적_20191231.csv,2019-12-01,False,136271,-9.294167764953343,2.312468560188008,146991.0,138975.16666666666,False,일반 구간
2020,현충원,1,1118,62740,48412,대전교통공사_역별 수송실적_20200531.csv,2020-01-01,False,111152,-18.43312223437121,-5.010468743323504,132552.33333333334,138486.58333333334,False,일반 구간
2020,현충원,2,1118,45240,35353,대전교통공사_역별 수송실적_20200531.csv,2020-02-01,False,80593,-27.492982582409674,-21.40795350379342,109338.66666666667,136657.16666666666,True,팬데믹 구간
2020,현충원,3,1118,29934,24833,대전교통공사_역별 수송실적_20200531.csv,2020-03-01,False,54767,-32.0449666844515,-64.7451495371622,82170.66666666667,128275.58333333333,True,팬데믹 구간
2020,현충원,4,1118,37736,30618,대전교통공사_역별 수송실적_20200531.csv,2020-04-01,False,68354,24.808735187247798,-58.190715028442106,67904.66666666667,120347.58333333333,False,팬데믹 구간
2020,현충원,5,1118,47357,38773,대전교통공사_역별 수송실적_20200531.csv,2020-05-01,False,86130,26.005793369810103,-49.02796271637816,69750.33333333333,113443.83333333333,False,팬데믹 구간
2020,현충원,6,1118,44604,36613,대전교통공사_역별 수송실적_20211231.csv,2020-06-01,False,81217,-5.704168117961217,-42.19924276930084,78567.0,108502.58333333333,False,팬데믹 구간
2020,현충원,7,1118,41473,34042,대전교통공사_역별 수송실적_20211231.csv,2020-07-01,False,75515,-7.020697637194184,-37.56717429766688,80954.0,104716.0,False,팬데믹 구간
2020,현충원,8,1118,39742,32321,대전교통공사_역별 수송실적_20211231.csv,2020-08-01,False,72063,-4.571277229689463,-39.10769360767248,76265.0,100859.16666666667,False,팬데믹 구간
2020,현충원,9,1118,39515,32936,대전교통공사_역별 수송실적_20211231.csv,2020-09-01,False,72451,0.5384177733372297,-48.080919553408904,73343.0,95267.91666666667,False,팬데믹 구간
2020,현충원,10,1118,47489,39913,대전교통공사_역별 수송실적_20211231.csv,2020-10-01,False,87402,20.636016066030827,-43.417406841546466,77305.33333333333,89679.08333333333,False,팬데믹 구간
2020,현충원,11,1118,47850,39737,대전교통공사_역별 수송실적_20211231.csv,2020-11-01,False,87587,0.21166563694194895,-41.69961526685037,82480.0,84458.5,False,팬데믹 구간
2020,현충원,12,1118,36247,29524,대전교통공사_역별 수송실적_20211231.csv,2020-12-01,False,65771,-24.907805952938222,-51.73514540878104,80253.33333333333,78583.5,False,팬데믹 구간
2021,현충원,1,1118,34624,28254,대전교통공사_역별 수송실적_20211231.csv,2021-01-01,False,62878,-4.39859512551124,-43.43061753274795,72078.66666666667,74560.66666666667,False,팬데믹 구간
2021,현충원,2,1118,35808,28629,대전교통공사_역별 수송실적_20211231.csv,2021-02-01,False,64437,2.4794045612137827,-20.046406015410767,64362.0,73214.33333333333,False,팬데믹 구간
2021,현충원,3,1118,47118,39572,대전교통공사_역별 수송실적_20211231.csv,2021-03-01,False,86690,34.53450657231094,58.28875052495115,71335.0,75874.58333333333,False,팬데믹 구간
2021,현충원,4,1118,47048,39548,대전교통공사_역별 수송실적_20211231.csv,2021-04-01,False,86596,-0.10843234513784328,26.687538403019584,79241.0,77394.75,False,팬데믹 구간
2021,현충원,5,1118,50284,41962,대전교통공사_역별 수송실적_20211231.csv,2021-05-01,False,92246,6.524550787565242,7.100893997445712,88510.66666666667,77904.41666666667,False,팬데믹 구간
2021,현충원,6,1118,51261,43103,대전교통공사_역별 수송실적_20211231.csv,2021-06-01,False,94364,2.2960345164017903,16.187497691370023,91068.66666666667,79000.0,False,팬데믹 구간
2021,현충원,7,1118,45273,37156,대전교통공사_역별 수송실적_20211231.csv,2021-07-01,False,82429,-12.64783180026281,9.15579686155068,89679.66666666667,79576.16666666667,False,팬데믹 구간
2021,현충원,8,1118,40530,33530,대전교통공사_역별 수송실적_20211231.csv,2021-08-01,False,74060,-10.152980140484535,2.771186323078423,83617.66666666667,79742.58333333333,False,팬데믹 구간
2021,현충원,9,1118,45053,37811,대전교통공사_역별 수송실적_20211231.csv,2021-09-01,False,82864,11.887658655144474,14.372472429642102,79784.33333333333,80610.33333333333,False,팬데믹 구간
2021,현충원,10,1118,53746,45121,대전교통공사_역별 수송실적_20211231.csv,2021-10-01,False,98867,19.312367252365313,13.117548797510349,85263.66666666667,81565.75,False,팬데믹 구간
2021,현충원,11,1118,59361,49683,대전교통공사_역별 수송실적_20211231.csv,2021-11-01,False,109044,10.293626791548238,24.497927774669748,96925.0,83353.83333333333,False,팬데믹 구간
2021,현충원,12,1118,52210,42514,대전교통공사_역별 수송실적_20211231.csv,2021-12-01,False,94724,-13.13231356149811,44.020921074637755,100878.33333333333,85766.58333333333,False,팬데믹 구간
2022,현충원,1,1118,44930,36378,대전교통공사_역별 수송실적_20221231.csv,2022-01-01,False,81308,-14.163253240994889,29.310728712745316,95025.33333333333,87302.41666666667,False,팬데믹 구간
2022,현충원,2,1118,37968,31281,대전교통공사_역별 수송실적_20221231.csv,2022-02-01,False,69249,-14.831258916711764,7.46775920666698,81760.33333333333,87703.41666666667,False,팬데믹 구간
2022,현충원,3,1118,57199,49383,대전교통공사_역별 수송실적_20221231.csv,2022-03-01,False,106582,53.911247815852946,22.94612988810705,85713.0,89361.08333333333,False,팬데믹 구간
2022,현충원,4,1118,65188,54834,대전교통공사_역별 수송실적_20221231.csv,2022-04-01,False,120022,12.610009194798376,38.599935331885995,98617.66666666667,92146.58333333333,False,팬데믹 구간
2022,현충원,5,1118,74666,62635,대전교통공사_역별 수송실적_20221231.csv,2022-05-01,False,137301,14.396527303327723,48.84222622119117,121301.66666666667,95901.16666666667,True,일반 구간
2022,현충원,6,1118,64524,54120,대전교통공사_역별 수송실적_20221231.csv,2022-06-01,False,118644,-13.588393383879216,25.73015132889662,125322.33333333333,97924.5,False,일반 구간
2022,현충원,7,1118,55231,45564,대전교통공사_역별 수송실적_20221231.csv,2022-07-01,False,100795,-15.044165739523274,22.280993339722666,118913.33333333333,99455.0,False,일반 구간
2022,현충원,8,1118,52131,43415,대전교통공사_역별 수송실적_20221231.csv,2022-08-01,False,95546,-5.2075995833126605,29.011612206319203,104995.0,101245.5,False,일반 구간
2022,현충원,9,1118,66883,55933,대전교통공사_역별 수송실적_20221231.csv,2022-09-01,False,122816,28.541226215644812,48.21394091523461,106385.66666666667,104574.83333333333,False,일반 구간
2022,현충원,10,1118,69570,58472,대전교통공사_역별 수송실적_20221231.csv,2022-10-01,False,128042,4.255145909327784,29.50934083162229,115468.0,107006.08333333333,False,일반 구간
2022,현충원,11,1118,69840,58118,대전교통공사_역별 수송실적_20221231.csv,2022-11-01,False,127958,-0.06560347386014298,17.345291808811126,126272.0,108582.25,False,일반 구간
2022,현충원,12,1118,61109,49007,대전교통공사_역별 수송실적_20221231.csv,2022-12-01,False,110116,-13.943637756138738,16.249313795870112,122038.66666666667,109864.91666666667,False,일반 구간
2023,현충원,1,1118,51013,41140,대전교통공사_역별 수송실적_20231231.csv,2023-01-01,False,92153,-16.312797413636527,13.338170905691937,110075.66666666667,110768.66666666667,False,일반 구간
2023,현충원,2,1118,53215,42981,대전교통공사_역별 수송실적_20231231.csv,2023-02-01,False,96196,4.387268998296312,38.91319730248812,99488.33333333333,113014.25,False,일반 구간
2023,현충원,3,1118,77250,64692,대전교통공사_역별 수송실적_20231231.csv,2023-03-01,False,141942,47.55499189155474,33.1763337148862,110097.0,115960.91666666667,False,일반 구간
2023,현충원,4,1118,73859,61658,대전교통공사_역별 수송실적_20231231.csv,2023-04-01,False,135517,-4.52649673810429,12.910133142257262,124551.66666666667,117252.16666666667,False,일반 구간
2023,현충원,5,1118,77506,65316,대전교통공사_역별 수송실적_20231231.csv,2023-05-01,False,142822,5.390467616608996,4.021092344556854,140093.66666666666,117712.25,False,일반 구간
2023,현충원,6,1118,69205,57895,대전교통공사_역별 수송실적_20231231.csv,2023-06-01,False,127100,-11.008107994566663,7.1272040726880315,135146.33333333334,118416.91666666667,False,일반 구간
2023,현충원,7,1118,55662,45725,대전교통공사_역별 수송실적_20231231.csv,2023-07-01,False,101387,-20.230527143981114,0.5873307207698852,123769.66666666667,118466.25,False,일반 구간
2023,현충원,8,1118,55815,45870,대전교통공사_역별 수송실적_20231231.csv,2023-08-01,False,101685,0.2939232840502237,6.4251774014610685,110057.33333333333,118977.83333333333,False,일반 구간
2023,현충원,9,1118,69353,57121,대전교통공사_역별 수송실적_20231231.csv,2023-09-01,False,126474,24.378226877120525,2.978439291297552,109848.66666666667,119282.66666666667,False,일반 구간
2023,현충원,10,1118,73527,61077,대전교통공사_역별 수송실적_20231231.csv,2023-10-01,False,134604,6.428198681151853,5.1248808984551975,120921.0,119829.5,False,일반 구간
2023,현충원,11,1118,71059,58592,대전교통공사_역별 수송실적_20231231.csv,2023-11-01,False,129651,-3.679682624587677,1.3230903890339096,130243.0,119970.58333333333,False,일반 구간
2023,현충원,12,1118,63018,50892,대전교통공사_역별 수송실적_20231231.csv,2023-12-01,False,113910,-12.141055603119144,3.445457517526962,126055.0,120286.75,False,일반 구간
2024,현충원,1,1118,53660,42901,대전교통공사_역별 수송실적_20241231.csv,2024-01-01,False,96561,-15.230445088227551,4.783349429752692,113374.0,120654.08333333333,False,일반 구간
2024,현충원,2,1118,50794,41362,대전교통공사_역별 수송실적_20241231.csv,2024-02-01,False,92156,-4.561883161939084,-4.199758825730804,100875.66666666667,120317.41666666667,False,일반 구간
2024,현충원,3,1118,71327,59698,대전교통공사_역별 수송실적_20241231.csv,2024-03-01,False,131025,42.17739485220713,-7.6911696326668615,106580.66666666667,119407.66666666667,False,일반 구간
2024,현충원,4,1118,75329,62972,대전교통공사_역별 수송실적_20241231.csv,2024-04-01,False,138301,5.553138713985883,2.054354804194314,120494.0,119639.66666666667,False,일반 구간
2024,현충원,5,1118,78837,65627,대전교통공사_역별 수송실적_20241231.csv,2024-05-01,False,144464,4.456222297741874,1.1496828219742072,137930.0,119776.5,False,일반 구간
2024,현충원,6,1118,66264,54782,대전교통공사_역별 수송실적_20241231.csv,2024-06-01,False,121046,-16.210266917709603,-4.7631785995279285,134603.66666666666,119272.0,False,일반 구간
2024,현충원,7,1118,56982,45945,대전교통공사_역별 수송실적_20241231.csv,2024-07-01,False,102927,-14.96868958908184,1.518932407507867,122812.33333333333,119400.33333333333,False,일반 구간
2024,현충원,8,1118,56735,45802,대전교통공사_역별 수송실적_20241231.csv,2024-08-01,False,102537,-0.37890932408406464,0.8378816934651034,108836.66666666667,119471.33333333333,False,일반 구간
2024,현충원,9,1118,66122,54706,대전교통공사_역별 수송실적_20241231.csv,2024-09-01,False,120828,17.83843880745486,-4.464158641301774,108764.0,119000.83333333333,False,일반 구간
2024,현충원,10,1118,72966,60327,대전교통공사_역별 수송실적_20241231.csv,2024-10-01,False,133293,10.316317409871889,-0.9739680841579723,118886.0,118891.58333333333,False,일반 구간
2024,현충원,11,1118,72986,59716,대전교통공사_역별 수송실적_20241231.csv,2024-11-01,False,132702,-0.4433841236974212,2.35324062290303,128941.0,119145.83333333333,False,일반 구간
2024,현충원,12,1118,64310,51235,대전교통공사_역별 수송실적_20241231.csv,2024-12-01,False,115545,-12.92896866663652,1.4353436923887353,127180.0,119282.08333333333,False,일반 구간
2026,현충원,1,1118,57773,45844,대전교통공사_역별 수송실적_20260731.csv,2026-01-01,False,103617,-10.323250681552643,7.307297977444316,117288.0,119870.08333333333,False,일반 구간
2026,현충원,2,1118,54836,43298,대전교통공사_역별 수송실적_20260731.csv,2026-02-01,False,98134,-5.291602729281875,6.486826685185987,105765.33333333333,120368.25,False,일반 구간
2026,현충원,3,1118,81897,67023,대전교통공사_역별 수송실적_20260731.csv,2026-03-01,False,148920,51.75168646952126,13.657698912421301,116890.33333333333,121859.5,False,일반 구간
2026,현충원,4,1118,88438,71329,대전교통공사_역별 수송실적_20260731.csv,2026-04-01,False,159767,7.283776524308361,15.52121821244965,135607.0,123648.33333333333,False,일반 구간
2026,현충원,5,1118,86478,70503,대전교통공사_역별 수송실적_20260731.csv,2026-05-01,False,156981,-1.743789393303996,8.664442352419988,155222.66666666666,124691.41666666667,False,일반 구간
2026,현충원,6,1118,78258,63156,대전교통공사_역별 수송실적_20260731.csv,2026-06-01,False,141414,-9.916486708582573,16.82666093881664,152720.66666666666,126388.75,False,일반 구간
2026,현충원,7,1118,65992,52424,대전교통공사_역별 수송실적_20260731.csv,2026-07-01,False,118416,-16.262887691459117,15.04852954035385,138937.0,127679.5,False,일반 구간
