년도,역명,월,역번호,승차인원,하차인원,_source_file
2015,갈마,1,1113,102738,99367,대전교통공사_역별 수송실적_20151231.csv
2015,갈마,2,1113,88780,86083,대전교통공사_역별 수송실적_20151231.csv
2015,갈마,3,1113,104817,101697,대전교통공사_역별 수송실적_20151231.csv
2015,갈마,4,1113,101945,98594,대전교통공사_역별 수송실적_20151231.csv
2015,갈마,5,1113,106050,101782,대전교통공사_역별 수송실적_20151231.csv
2015,갈마,6,1113,85273,81762,대전교통공사_역별 수송실적_20151231.csv
2015,갈마,7,1113,97766,94312,대전교통공사_역별 수송실적_20151231.csv
2015,갈마,8,1113,92866,88985,대전교통공사_역별 수송실적_20151231.csv
2015,갈마,9,1113,94316,91355,대전교통공사_역별 수송실적_20151231.csv
2015,갈마,10,1113,101341,97619,대전교통공사_역별 수송실적_20151231.csv
2015,갈마,11,1113,97762,93304,대전교통공사_역별 수송실적_20151231.csv
2015,갈마,12,1113,105262,100754,대전교통공사_역별 수송실적_20151231.csv
2016,갈마,1,1113,95582,91830,대전교통공사_역별 수송실적_20161231.csv
2016,갈마,2,1113,89420,86263,대전교통공사_역별 수송실적_20161231.csv
2016,갈마,3,1113,102295,98354,대전교통공사_역별 수송실적_20161231.csv
2016,갈마,4,1113,99387,95075,대전교통공사_역별 수송실적_20161231.csv
2016,갈마,5,1113,102199,98069,대전교통공사_역별 수송실적_20161231.csv
2016,갈마,6,1113,96288,91441,대전교통공사_역별 수송실적_20161231.csv
2016,갈마,7,1113,94645,90212,대전교통공사_역별 수송실적_20161231.csv
2016,갈마,8,1113,90839,86467,대전교통공사_역별 수송실적_20161231.csv
2016,갈마,9,1113,89973,86040,대전교통공사_역별 수송실적_20161231.csv
2016,갈마,10,1113,98329,93356,대전교통공사_역별 수송실적_20161231.csv
2016,갈마,11,1113,97587,93020,대전교통공사_역별 수송실적_20161231.csv
2016,갈마,12,1113,102468,97483,대전교통공사_역별 수송실적_20161231.csv
2017,갈마,1,1113,92699,89788,대전교통공사_역별 수송실적_20171231.csv
2017,갈마,2,1113,91773,88997,대전교통공사_역별 수송실적_20171231.csv
2017,갈마,3,1113,101785,97571,대전교통공사_역별 수송실적_20171231.csv
2017,갈마,4,1113,97875,93399,대전교통공사_역별 수송실적_20171231.csv
2017,갈마,5,1113,100391,95746,대전교통공사_역별 수송실적_20171231.csv
2017,갈마,6,1113,96071,91808,대전교통공사_역별 수송실적_20171231.csv
2017,갈마,7,1113,92827,88364,대전교통공사_역별 수송실적_20171231.csv
2017,갈마,8,1113,91783,87085,대전교통공사_역별 수송실적_20171231.csv
2017,갈마,9,1113,96462,92097,대전교통공사_역별 수송실적_20171231.csv
2017,갈마,10,1113,87961,85147,대전교통공사_역별 수송실적_20171231.csv
2017,갈마,11,1113,94172,91024,대전교통공사_역별 수송실적_20171231.csv
2017,갈마,12,1113,96350,93764,대전교통공사_역별 수송실적_20171231.csv
2018,갈마,1,1113,92431,89718,대전교통공사_역별 수송실적_20181231.csv
2018,갈마,2,1113,82157,80384,대전교통공사_역별 수송실적_20181231.csv
2018,갈마,3,1113,96523,93641,대전교통공사_역별 수송실적_20181231.csv
2018,갈마,4,1113,94028,90990,대전교통공사_역별 수송실적_20181231.csv
2018,갈마,5,1113,99357,95466,대전교통공사_역별 수송실적_20181231.csv
2018,갈마,6,1113,93307,89965,대전교통공사_역별 수송실적_20181231.csv
2018,갈마,7,1113,89771,86770,대전교통공사_역별 수송실적_20181231.csv
2018,갈마,8,1113,86872,83658,대전교통공사_역별 수송실적_20181231.csv
2018,갈마,9,1113,87286,84021,대전교통공사_역별 수송실적_20181231.csv
2018,갈마,10,1113,97119,93089,대전교통공사_역별 수송실적_20181231.csv
2018,갈마,11,1113,97185,92966,대전교통공사_역별 수송실적_20181231.csv
2018,갈마,12,1113,96148,93326,대전교통공사_역별 수송실적_20181231.csv
2019,갈마,1,1113,96113,93410,대전교통공사_역별 수송실적_20191231.csv
2019,갈마,2,1113,82140,80381,대전교통공사_역별 수송실적_20191231.csv
2019,갈마,3,1113,96175,93869,대전교통공사_역별 수송실적_20191231.csv
2019,갈마,4,1113,95555,92054,대전교통공사_역별 수송실적_20191231.csv
2019,갈마,5,1113,99886,97076,대전교통공사_역별 수송실적_20191231.csv
2019,갈마,6,1113,91652,89080,대전교통공사_역별 수송실적_20191231.csv
2019,갈마,7,1113,93438,90431,대전교통공사_역별 수송실적_20191231.csv
2019,갈마,8,1113,88601,86187,대전교통공사_역별 수송실적_20191231.csv
2019,갈마,9,1113,86322,84183,대전교통공사_역별 수송실적_20191231.csv
2019,갈마,10,1113,97387,93652,대전교통공사_역별 수송실적_20191231.csv
2019,갈마,11,1113,95825,93804,대전교통공사_역별 수송실적_20191231.csv
2019,갈마,12,1113,99782,98212,대전교통공사_역별 수송실적_20191231.csv
2020,갈마,1,1113,91645,90480,대전교통공사_역별 수송실적_20200531.csv
2020,갈마,2,1113,69244,68864,대전교통공사_역별 수송실적_20200531.csv
2020,갈마,3,1113,44121,43567,대전교통공사_역별 수송실적_20200531.csv
2020,갈마,4,1113,53922,53223,대전교통공사_역별 수송실적_20200531.csv
2020,갈마,5,1113,66916,66213,대전교통공사_역별 수송실적_20200531.csv
2020,갈마,6,1113,63563,62627,대전교통공사_역별 수송실적_20211231.csv
2020,갈마,7,1113,61885,60383,대전교통공사_역별 수송실적_20211231.csv
2020,갈마,8,1113,59405,58368,대전교통공사_역별 수송실적_20211231.csv
2020,갈마,9,1113,57408,55533,대전교통공사_역별 수송실적_20211231.csv
2020,갈마,10,1113,65436,64407,대전교통공사_역별 수송실적_20211231.csv
2020,갈마,11,1113,70188,69048,대전교통공사_역별 수송실적_20211231.csv
2020,갈마,12,1113,59583,58677,대전교통공사_역별 수송실적_20211231.csv
2021,갈마,1,1113,60998,60104,대전교통공사_역별 수송실적_20211231.csv
2021,갈마,2,1113,59994,59547,대전교통공사_역별 수송실적_20211231.csv
2021,갈마,3,1113,72786,72040,대전교통공사_역별 수송실적_20211231.csv
2021,갈마,4,1113,70148,68522,대전교통공사_역별 수송실적_20211231.csv
2021,갈마,5,1113,70310,69424,대전교통공사_역별 수송실적_20211231.csv
2021,갈마,6,1113,70348,69334,대전교통공사_역별 수송실적_20211231.csv
2021,갈마,7,1113,65391,65036,대전교통공사_역별 수송실적_20211231.csv
2021,갈마,8,1113,58455,58023,대전교통공사_역별 수송실적_20211231.csv
2021,갈마,9,1113,64271,63298,대전교통공사_역별 수송실적_20211231.csv
2021,갈마,10,1113,72516,71576,대전교통공사_역별 수송실적_20211231.csv
2021,갈마,11,1113,76750,76281,대전교통공사_역별 수송실적_20211231.csv
2021,갈마,12,1113,74540,74525,대전교통공사_역별 수송실적_20211231.csv
2022,갈마,1,1113,72001,72626,대전교통공사_역별 수송실적_20221231.csv
2022,갈마,2,1113,58875,59910,대전교통공사_역별 수송실적_20221231.csv
2022,갈마,3,1113,68682,68428,대전교통공사_역별 수송실적_20221231.csv
2022,갈마,4,1113,74809,74701,대전교통공사_역별 수송실적_20221231.csv
2022,갈마,5,1113,84884,85206,대전교통공사_역별 수송실적_20221231.csv
2022,갈마,6,1113,81358,81024,대전교통공사_역별 수송실적_20221231.csv
2022,갈마,7,1113,79571,79617,대전교통공사_역별 수송실적_20221231.csv
2022,갈마,8,1113,75375,75539,대전교통공사_역별 수송실적_20221231.csv
2022,갈마,9,1113,78548,79118,대전교통공사_역별 수송실적_20221231.csv
2022,갈마,10,1113,83974,84037,대전교통공사_역별 수송실적_20221231.csv
2022,갈마,11,1113,83325,82861,대전교통공사_역별 수송실적_20221231.csv
2022,갈마,12,1113,87818,88349,대전교통공사_역별 수송실적_20221231.csv
2023,갈마,1,1113,79123,80190,대전교통공사_역별 수송실적_20231231.csv
2023,갈마,2,1113,80975,81999,대전교통공사_역별 수송실적_20231231.csv
2023,갈마,3,1113,90493,90634,대전교통공사_역별 수송실적_20231231.csv
2023,갈마,4,1113,86685,86370,대전교통공사_역별 수송실적_20231231.csv
2023,갈마,5,1113,90148,89707,대전교통공사_역별 수송실적_20231231.csv
2023,갈마,6,1113,88654,87968,대전교통공사_역별 수송실적_20231231.csv
2023,갈마,7,1113,85414,85099,대전교통공사_역별 수송실적_20231231.csv
2023,갈마,8,1113,86961,86574,대전교통공사_역별 수송실적_20231231.csv
2023,갈마,9,1113,82665,81575,대전교통공사_역별 수송실적_20231231.csv
2023,갈마,10,1113,86917,85828,대전교통공사_역별 수송실적_20231231.csv
2023,갈마,11,1113,87197,86034,대전교통공사_역별 수송실적_20231231.csv
2023,갈마,12,1113,88595,87752,대전교통공사_역별 수송실적_20231231.csv
2024,갈마,1,1113,85352,85507,대전교통공사_역별 수송실적_20241231.csv
2024,갈마,2,1113,78887,79279,대전교통공사_역별 수송실적_20241231.csv
2024,갈마,3,1113,87503,87259,대전교통공사_역별 수송실적_20241231.csv
2024,갈마,4,1113,87422,86398,대전교통공사_역별 수송실적_20241231.csv
2024,갈마,5,1113,90480,89546,대전교통공사_역별 수송실적_20241231.csv
2024,갈마,6,1113,84867,84289,대전교통공사_역별 수송실적_20241231.csv
2024,갈마,7,1113,86517,86338,대전교통공사_역별 수송실적_20241231.csv
2024,갈마,8,1113,84512,84780,대전교통공사_역별 수송실적_20241231.csv
2024,갈마,9,1113,77547,77991,대전교통공사_역별 수송실적_20241231.csv
2024,갈마,10,1113,86979,86596,대전교통공사_역별 수송실적_20241231.csv
2024,갈마,11,1113,86631,86814,대전교통공사_역별 수송실적_20241231.csv
2024,갈마,12,1113,87271,88061,대전교통공사_역별 수송실적_20241231.csv
2026,갈마,1,1113,86945,88362,대전교통공사_역별 수송실적_20260731.csv
2026,갈마,2,1113,76851,78237,대전교통공사_역별 수송실적_20260731.csv
2026,갈마,3,1113,90221,91046,대전교통공사_역별 수송실적_20260731.csv
2026,갈마,4,1113,92667,93186,대전교통공사_역별 수송실적_20260731.csv
2026,갈마,5,1113,91696,92401,대전교통공사_역별 수송실적_20260731.csv
2026,갈마,6,1113,88509,88311,대전교통공사_역별 수송실적_20260731.csv
2026,갈마,7,1113,87188,87830,대전교통공사_역별 수송실적_20260731.csv
2015,갑천,1,1115,33925,32950,대전교통공사_역별 수송실적_20151231.csv
2015,갑천,2,1115,28176,27137,대전교통공사_역별 수송실적_20151231.csv
2015,갑천,3,1115,35817,35317,대전교통공사_역별 수송실적_20151231.csv
2015,갑천,4,1115,35060,34257,대전교통공사_역별 수송실적_20151231.csv
2015,갑천,5,1115,36009,35654,대전교통공사_역별 수송실적_20151231.csv
2015,갑천,6,1115,28939,27944,대전교통공사_역별 수송실적_20151231.csv
2015,갑천,7,1115,32100,30544,대전교통공사_역별 수송실적_20151231.csv
2015,갑천,8,1115,30318,28782,대전교통공사_역별 수송실적_20151231.csv
2015,갑천,9,1115,31319,29934,대전교통공사_역별 수송실적_20151231.csv
2015,갑천,10,1115,33400,32979,대전교통공사_역별 수송실적_20151231.csv
2015,갑천,11,1115,31698,30967,대전교통공사_역별 수송실적_20151231.csv
2015,갑천,12,1115,33212,32085,대전교통공사_역별 수송실적_20151231.csv
2016,갑천,1,1115,31294,30363,대전교통공사_역별 수송실적_20161231.csv
2016,갑천,2,1115,28973,28144,대전교통공사_역별 수송실적_20161231.csv
2016,갑천,3,1115,34302,33425,대전교통공사_역별 수송실적_20161231.csv
2016,갑천,4,1115,33397,33173,대전교통공사_역별 수송실적_20161231.csv
2016,갑천,5,1115,35175,33883,대전교통공사_역별 수송실적_20161231.csv
2016,갑천,6,1115,32889,31856,대전교통공사_역별 수송실적_20161231.csv
2016,갑천,7,1115,30320,29057,대전교통공사_역별 수송실적_20161231.csv
2016,갑천,8,1115,30793,29403,대전교통공사_역별 수송실적_20161231.csv
2016,갑천,9,1115,30001,28995,대전교통공사_역별 수송실적_20161231.csv
2016,갑천,10,1115,33429,33092,대전교통공사_역별 수송실적_20161231.csv
2016,갑천,11,1115,31827,31346,대전교통공사_역별 수송실적_20161231.csv
2016,갑천,12,1115,33294,32031,대전교통공사_역별 수송실적_20161231.csv
2017,갑천,1,1115,29792,28703,대전교통공사_역별 수송실적_20171231.csv
2017,갑천,2,1115,29878,28903,대전교통공사_역별 수송실적_20171231.csv
2017,갑천,3,1115,34509,33343,대전교통공사_역별 수송실적_20171231.csv
2017,갑천,4,1115,33113,33127,대전교통공사_역별 수송실적_20171231.csv
2017,갑천,5,1115,33500,32499,대전교통공사_역별 수송실적_20171231.csv
2017,갑천,6,1115,32358,31229,대전교통공사_역별 수송실적_20171231.csv
2017,갑천,7,1115,29073,27934,대전교통공사_역별 수송실적_20171231.csv
2017,갑천,8,1115,29341,28171,대전교통공사_역별 수송실적_20171231.csv
2017,갑천,9,1115,32596,32098,대전교통공사_역별 수송실적_20171231.csv
2017,갑천,10,1115,29799,29927,대전교통공사_역별 수송실적_20171231.csv
2017,갑천,11,1115,32840,32285,대전교통공사_역별 수송실적_20171231.csv
2017,갑천,12,1115,31953,31206,대전교통공사_역별 수송실적_20171231.csv
2018,갑천,1,1115,31235,30620,대전교통공사_역별 수송실적_20181231.csv
2018,갑천,2,1115,27165,26337,대전교통공사_역별 수송실적_20181231.csv
2018,갑천,3,1115,33081,32741,대전교통공사_역별 수송실적_20181231.csv
2018,갑천,4,1115,31823,31326,대전교통공사_역별 수송실적_20181231.csv
2018,갑천,5,1115,32900,32143,대전교통공사_역별 수송실적_20181231.csv
2018,갑천,6,1115,31069,30820,대전교통공사_역별 수송실적_20181231.csv
2018,갑천,7,1115,29388,28391,대전교통공사_역별 수송실적_20181231.csv
2018,갑천,8,1115,28948,27807,대전교통공사_역별 수송실적_20181231.csv
2018,갑천,9,1115,27134,26776,대전교통공사_역별 수송실적_20181231.csv
2018,갑천,10,1115,31317,31351,대전교통공사_역별 수송실적_20181231.csv
2018,갑천,11,1115,30726,30461,대전교통공사_역별 수송실적_20181231.csv
2018,갑천,12,1115,29715,29656,대전교통공사_역별 수송실적_20181231.csv
2019,갑천,1,1115,30086,30191,대전교통공사_역별 수송실적_20191231.csv
2019,갑천,2,1115,25968,25838,대전교통공사_역별 수송실적_20191231.csv
2019,갑천,3,1115,30973,31026,대전교통공사_역별 수송실적_20191231.csv
2019,갑천,4,1115,31653,31734,대전교통공사_역별 수송실적_20191231.csv
2019,갑천,5,1115,33043,32450,대전교통공사_역별 수송실적_20191231.csv
2019,갑천,6,1115,30039,29808,대전교통공사_역별 수송실적_20191231.csv
2019,갑천,7,1115,31052,30079,대전교통공사_역별 수송실적_20191231.csv
2019,갑천,8,1115,28802,27848,대전교통공사_역별 수송실적_20191231.csv
2019,갑천,9,1115,27749,27224,대전교통공사_역별 수송실적_20191231.csv
2019,갑천,10,1115,31391,31524,대전교통공사_역별 수송실적_20191231.csv
2019,갑천,11,1115,30760,29972,대전교통공사_역별 수송실적_20191231.csv
2019,갑천,12,1115,30972,30333,대전교통공사_역별 수송실적_20191231.csv
2020,갑천,1,1115,28106,27546,대전교통공사_역별 수송실적_20200531.csv
2020,갑천,2,1115,22839,22154,대전교통공사_역별 수송실적_20200531.csv
2020,갑천,3,1115,16869,16022,대전교통공사_역별 수송실적_20200531.csv
2020,갑천,4,1115,19651,19034,대전교통공사_역별 수송실적_20200531.csv
2020,갑천,5,1115,23372,22570,대전교통공사_역별 수송실적_20200531.csv
2020,갑천,6,1115,22544,21418,대전교통공사_역별 수송실적_20211231.csv
2020,갑천,7,1115,20839,19785,대전교통공사_역별 수송실적_20211231.csv
2020,갑천,8,1115,19365,18732,대전교통공사_역별 수송실적_20211231.csv
2020,갑천,9,1115,20099,19308,대전교통공사_역별 수송실적_20211231.csv
2020,갑천,10,1115,22755,22101,대전교통공사_역별 수송실적_20211231.csv
2020,갑천,11,1115,23769,23177,대전교통공사_역별 수송실적_20211231.csv
2020,갑천,12,1115,20937,20242,대전교통공사_역별 수송실적_20211231.csv
2021,갑천,1,1115,20778,19898,대전교통공사_역별 수송실적_20211231.csv
2021,갑천,2,1115,19740,18976,대전교통공사_역별 수송실적_20211231.csv
2021,갑천,3,1115,23662,22834,대전교통공사_역별 수송실적_20211231.csv
2021,갑천,4,1115,23919,22974,대전교통공사_역별 수송실적_20211231.csv
2021,갑천,5,1115,23538,22535,대전교통공사_역별 수송실적_20211231.csv
2021,갑천,6,1115,24124,22671,대전교통공사_역별 수송실적_20211231.csv
2021,갑천,7,1115,22013,20803,대전교통공사_역별 수송실적_20211231.csv
2021,갑천,8,1115,20370,19704,대전교통공사_역별 수송실적_20211231.csv
2021,갑천,9,1115,21238,20659,대전교통공사_역별 수송실적_20211231.csv
2021,갑천,10,1115,24654,23827,대전교통공사_역별 수송실적_20211231.csv
2021,갑천,11,1115,25736,24267,대전교통공사_역별 수송실적_20211231.csv
2021,갑천,12,1115,25516,23852,대전교통공사_역별 수송실적_20211231.csv
2022,갑천,1,1115,24078,23249,대전교통공사_역별 수송실적_20221231.csv
2022,갑천,2,1115,20958,20331,대전교통공사_역별 수송실적_20221231.csv
2022,갑천,3,1115,24477,23951,대전교통공사_역별 수송실적_20221231.csv
2022,갑천,4,1115,26348,25906,대전교통공사_역별 수송실적_20221231.csv
2022,갑천,5,1115,28977,28121,대전교통공사_역별 수송실적_20221231.csv
2022,갑천,6,1115,27525,26628,대전교통공사_역별 수송실적_20221231.csv
2022,갑천,7,1115,26814,25840,대전교통공사_역별 수송실적_20221231.csv
2022,갑천,8,1115,24419,23930,대전교통공사_역별 수송실적_20221231.csv
2022,갑천,9,1115,26277,25549,대전교통공사_역별 수송실적_20221231.csv
2022,갑천,10,1115,28383,27794,대전교통공사_역별 수송실적_20221231.csv
2022,갑천,11,1115,28788,27965,대전교통공사_역별 수송실적_20221231.csv
2022,갑천,12,1115,28335,27502,대전교통공사_역별 수송실적_20221231.csv
2023,갑천,1,1115,25483,25241,대전교통공사_역별 수송실적_20231231.csv
2023,갑천,2,1115,26321,25934,대전교통공사_역별 수송실적_20231231.csv
2023,갑천,3,1115,30151,29814,대전교통공사_역별 수송실적_20231231.csv
2023,갑천,4,1115,29033,29050,대전교통공사_역별 수송실적_20231231.csv
2023,갑천,5,1115,29326,29099,대전교통공사_역별 수송실적_20231231.csv
2023,갑천,6,1115,28827,27779,대전교통공사_역별 수송실적_20231231.csv
2023,갑천,7,1115,25915,25201,대전교통공사_역별 수송실적_20231231.csv
2023,갑천,8,1115,26892,26353,대전교통공사_역별 수송실적_20231231.csv
2023,갑천,9,1115,26179,25461,대전교통공사_역별 수송실적_20231231.csv
2023,갑천,10,1115,29407,28924,대전교통공사_역별 수송실적_20231231.csv
2023,갑천,11,1115,28990,28603,대전교통공사_역별 수송실적_20231231.csv
2023,갑천,12,1115,28095,27616,대전교통공사_역별 수송실적_20231231.csv
2024,갑천,1,1115,28242,27848,대전교통공사_역별 수송실적_20241231.csv
2024,갑천,2,1115,25419,24829,대전교통공사_역별 수송실적_20241231.csv
2024,갑천,3,1115,28809,28577,대전교통공사_역별 수송실적_20241231.csv
2024,갑천,4,1115,29818,30362,대전교통공사_역별 수송실적_20241231.csv
2024,갑천,5,1115,29493,28654,대전교통공사_역별 수송실적_20241231.csv
2024,갑천,6,1115,27383,27151,대전교통공사_역별 수송실적_20241231.csv
2024,갑천,7,1115,25882,24943,대전교통공사_역별 수송실적_20241231.csv
2024,갑천,8,1115,26793,25999,대전교통공사_역별 수송실적_20241231.csv
2024,갑천,9,1115,25873,24939,대전교통공사_역별 수송실적_20241231.csv
2024,갑천,10,1115,28822,28362,대전교통공사_역별 수송실적_20241231.csv
2024,갑천,11,1115,29383,28828,대전교통공사_역별 수송실적_20241231.csv
2024,갑천,12,1115,28966,28510,대전교통공사_역별 수송실적_20241231.csv
2026,갑천,1,1115,29390,28899,대전교통공사_역별 수송실적_20260731.csv
2026,갑천,2,1115,26126,25751,대전교통공사_역별 수송실적_20260731.csv
2026,갑천,3,1115,33092,32895,대전교통공사_역별 수송실적_20260731.csv
2026,갑천,4,1115,33730,33731,대전교통공사_역별 수송실적_20260731.csv
2026,갑천,5,1115,32826,32127,대전교통공사_역별 수송실적_20260731.csv
2026,갑천,6,1115,32107,30947,대전교통공사_역별 수송실적_20260731.csv
2026,갑천,7,1115,29888,28871,대전교통공사_역별 수송실적_20260731.csv
2015,구암,1,1117,89259,89604,대전교통공사_역별 수송실적_20151231.csv
2015,구암,2,1117,75926,76938,대전교통공사_역별 수송실적_20151231.csv
2015,구암,3,1117,96399,97715,대전교통공사_역별 수송실적_20151231.csv
2015,구암,4,1117,94239,95656,대전교통공사_역별 수송실적_20151231.csv
2015,구암,5,1117,96546,99503,대전교통공사_역별 수송실적_20151231.csv
2015,구암,6,1117,78156,78765,대전교통공사_역별 수송실적_20151231.csv
2015,구암,7,1117,84465,85268,대전교통공사_역별 수송실적_20151231.csv
2015,구암,8,1117,81521,83306,대전교통공사_역별 수송실적_20151231.csv
2015,구암,9,1117,87210,89368,대전교통공사_역별 수송실적_20151231.csv
2015,구암,10,1117,92689,93799,대전교통공사_역별 수송실적_20151231.csv
2015,구암,11,1117,87916,89174,대전교통공사_역별 수송실적_20151231.csv
2015,구암,12,1117,90104,90327,대전교통공사_역별 수송실적_20151231.csv
2016,구암,1,1117,78840,79907,대전교통공사_역별 수송실적_20161231.csv
2016,구암,2,1117,74222,75929,대전교통공사_역별 수송실적_20161231.csv
2016,구암,3,1117,92142,93780,대전교통공사_역별 수송실적_20161231.csv
2016,구암,4,1117,90289,91703,대전교통공사_역별 수송실적_20161231.csv
2016,구암,5,1117,90439,91698,대전교통공사_역별 수송실적_20161231.csv
2016,구암,6,1117,86169,86191,대전교통공사_역별 수송실적_20161231.csv
2016,구암,7,1117,80815,80173,대전교통공사_역별 수송실적_20161231.csv
2016,구암,8,1117,78210,78664,대전교통공사_역별 수송실적_20161231.csv
2016,구암,9,1117,80568,81895,대전교통공사_역별 수송실적_20161231.csv
2016,구암,10,1117,88443,88507,대전교통공사_역별 수송실적_20161231.csv
2016,구암,11,1117,85515,86721,대전교통공사_역별 수송실적_20161231.csv
2016,구암,12,1117,85275,85470,대전교통공사_역별 수송실적_20161231.csv
2017,구암,1,1117,75582,76083,대전교통공사_역별 수송실적_20171231.csv
2017,구암,2,1117,74865,75632,대전교통공사_역별 수송실적_20171231.csv
2017,구암,3,1117,91219,92111,대전교통공사_역별 수송실적_20171231.csv
2017,구암,4,1117,88342,88472,대전교통공사_역별 수송실적_20171231.csv
2017,구암,5,1117,89465,89877,대전교통공사_역별 수송실적_20171231.csv
2017,구암,6,1117,86535,86423,대전교통공사_역별 수송실적_20171231.csv
2017,구암,7,1117,78428,78316,대전교통공사_역별 수송실적_20171231.csv
2017,구암,8,1117,78518,78504,대전교통공사_역별 수송실적_20171231.csv
2017,구암,9,1117,89405,89339,대전교통공사_역별 수송실적_20171231.csv
2017,구암,10,1117,78536,78688,대전교통공사_역별 수송실적_20171231.csv
2017,구암,11,1117,85336,85397,대전교통공사_역별 수송실적_20171231.csv
2017,구암,12,1117,82488,81132,대전교통공사_역별 수송실적_20171231.csv
2018,구암,1,1117,76111,75151,대전교통공사_역별 수송실적_20181231.csv
2018,구암,2,1117,68338,68286,대전교통공사_역별 수송실적_20181231.csv
2018,구암,3,1117,86537,85961,대전교통공사_역별 수송실적_20181231.csv
2018,구암,4,1117,84928,84403,대전교통공사_역별 수송실적_20181231.csv
2018,구암,5,1117,87686,87359,대전교통공사_역별 수송실적_20181231.csv
2018,구암,6,1117,81566,80527,대전교통공사_역별 수송실적_20181231.csv
2018,구암,7,1117,74926,74772,대전교통공사_역별 수송실적_20181231.csv
2018,구암,8,1117,73140,72424,대전교통공사_역별 수송실적_20181231.csv
2018,구암,9,1117,77251,76470,대전교통공사_역별 수송실적_20181231.csv
2018,구암,10,1117,86506,85654,대전교통공사_역별 수송실적_20181231.csv
2018,구암,11,1117,84382,84180,대전교통공사_역별 수송실적_20181231.csv
2018,구암,12,1117,80198,79429,대전교통공사_역별 수송실적_20181231.csv
2019,구암,1,1117,81199,80358,대전교통공사_역별 수송실적_20191231.csv
2019,구암,2,1117,67419,67410,대전교통공사_역별 수송실적_20191231.csv
2019,구암,3,1117,88490,87510,대전교통공사_역별 수송실적_20191231.csv
2019,구암,4,1117,87948,86603,대전교통공사_역별 수송실적_20191231.csv
2019,구암,5,1117,90860,89702,대전교통공사_역별 수송실적_20191231.csv
2019,구암,6,1117,81926,80401,대전교통공사_역별 수송실적_20191231.csv
2019,구암,7,1117,82191,80604,대전교통공사_역별 수송실적_20191231.csv
2019,구암,8,1117,76849,75180,대전교통공사_역별 수송실적_20191231.csv
2019,구암,9,1117,77345,76105,대전교통공사_역별 수송실적_20191231.csv
2019,구암,10,1117,87089,85861,대전교통공사_역별 수송실적_20191231.csv
2019,구암,11,1117,85005,83362,대전교통공사_역별 수송실적_20191231.csv
2019,구암,12,1117,83890,82333,대전교통공사_역별 수송실적_20191231.csv
2020,구암,1,1117,73874,73272,대전교통공사_역별 수송실적_20200531.csv
2020,구암,2,1117,55986,55453,대전교통공사_역별 수송실적_20200531.csv
2020,구암,3,1117,37043,36740,대전교통공사_역별 수송실적_20200531.csv
2020,구암,4,1117,46021,45758,대전교통공사_역별 수송실적_20200531.csv
2020,구암,5,1117,56824,55828,대전교통공사_역별 수송실적_20200531.csv
2020,구암,6,1117,54949,53842,대전교통공사_역별 수송실적_20211231.csv
2020,구암,7,1117,51602,50012,대전교통공사_역별 수송실적_20211231.csv
2020,구암,8,1117,49323,48522,대전교통공사_역별 수송실적_20211231.csv
2020,구암,9,1117,51295,50144,대전교통공사_역별 수송실적_20211231.csv
2020,구암,10,1117,56274,55229,대전교통공사_역별 수송실적_20211231.csv
2020,구암,11,1117,59456,58400,대전교통공사_역별 수송실적_20211231.csv
2020,구암,12,1117,50622,48934,대전교통공사_역별 수송실적_20211231.csv
2021,구암,1,1117,49130,47453,대전교통공사_역별 수송실적_20211231.csv
2021,구암,2,1117,47503,46580,대전교통공사_역별 수송실적_20211231.csv
2021,구암,3,1117,62202,61058,대전교통공사_역별 수송실적_20211231.csv
2021,구암,4,1117,60732,59437,대전교통공사_역별 수송실적_20211231.csv
2021,구암,5,1117,58061,57946,대전교통공사_역별 수송실적_20211231.csv
2021,구암,6,1117,58646,58066,대전교통공사_역별 수송실적_20211231.csv
2021,구암,7,1117,52057,51570,대전교통공사_역별 수송실적_20211231.csv
2021,구암,8,1117,54151,52438,대전교통공사_역별 수송실적_20211231.csv
2021,구암,9,1117,66508,66122,대전교통공사_역별 수송실적_20211231.csv
2021,구암,10,1117,75249,75020,대전교통공사_역별 수송실적_20211231.csv
2021,구암,11,1117,76891,77263,대전교통공사_역별 수송실적_20211231.csv
2021,구암,12,1117,73825,73328,대전교통공사_역별 수송실적_20211231.csv
2022,구암,1,1117,70217,69921,대전교통공사_역별 수송실적_20221231.csv
2022,구암,2,1117,56789,56689,대전교통공사_역별 수송실적_20221231.csv
2022,구암,3,1117,69733,69419,대전교통공사_역별 수송실적_20221231.csv
2022,구암,4,1117,77778,77702,대전교통공사_역별 수송실적_20221231.csv
2022,구암,5,1117,86465,87158,대전교통공사_역별 수송실적_20221231.csv
2022,구암,6,1117,80620,80197,대전교통공사_역별 수송실적_20221231.csv
2022,구암,7,1117,77351,77024,대전교통공사_역별 수송실적_20221231.csv
2022,구암,8,1117,73625,73879,대전교통공사_역별 수송실적_20221231.csv
2022,구암,9,1117,79816,79441,대전교통공사_역별 수송실적_20221231.csv
2022,구암,10,1117,84472,84234,대전교통공사_역별 수송실적_20221231.csv
2022,구암,11,1117,83950,83608,대전교통공사_역별 수송실적_20221231.csv
2022,구암,12,1117,84837,83654,대전교통공사_역별 수송실적_20221231.csv
2023,구암,1,1117,76323,76377,대전교통공사_역별 수송실적_20231231.csv
2023,구암,2,1117,77932,77610,대전교통공사_역별 수송실적_20231231.csv
2023,구암,3,1117,91540,91258,대전교통공사_역별 수송실적_20231231.csv
2023,구암,4,1117,87416,87722,대전교통공사_역별 수송실적_20231231.csv
2023,구암,5,1117,89957,90203,대전교통공사_역별 수송실적_20231231.csv
2023,구암,6,1117,86397,85980,대전교통공사_역별 수송실적_20231231.csv
2023,구암,7,1117,80248,79745,대전교통공사_역별 수송실적_20231231.csv
2023,구암,8,1117,80432,79833,대전교통공사_역별 수송실적_20231231.csv
2023,구암,9,1117,83491,83049,대전교통공사_역별 수송실적_20231231.csv
2023,구암,10,1117,87673,88220,대전교통공사_역별 수송실적_20231231.csv
2023,구암,11,1117,87073,86825,대전교통공사_역별 수송실적_20231231.csv
2023,구암,12,1117,85740,85322,대전교통공사_역별 수송실적_20231231.csv
2024,구암,1,1117,81995,82088,대전교통공사_역별 수송실적_20241231.csv
2024,구암,2,1117,75600,76355,대전교통공사_역별 수송실적_20241231.csv
2024,구암,3,1117,87400,87426,대전교통공사_역별 수송실적_20241231.csv
2024,구암,4,1117,88135,88065,대전교통공사_역별 수송실적_20241231.csv
2024,구암,5,1117,92296,92212,대전교통공사_역별 수송실적_20241231.csv
2024,구암,6,1117,84699,84117,대전교통공사_역별 수송실적_20241231.csv
2024,구암,7,1117,84039,83585,대전교통공사_역별 수송실적_20241231.csv
2024,구암,8,1117,82558,82119,대전교통공사_역별 수송실적_20241231.csv
2024,구암,9,1117,81497,81616,대전교통공사_역별 수송실적_20241231.csv
2024,구암,10,1117,88498,88029,대전교통공사_역별 수송실적_20241231.csv
2024,구암,11,1117,91103,90538,대전교통공사_역별 수송실적_20241231.csv
2024,구암,12,1117,90436,89457,대전교통공사_역별 수송실적_20241231.csv
2026,구암,1,1117,83346,81992,대전교통공사_역별 수송실적_20260731.csv
2026,구암,2,1117,82461,80335,대전교통공사_역별 수송실적_20260731.csv
2026,구암,3,1117,102648,99137,대전교통공사_역별 수송실적_20260731.csv
2026,구암,4,1117,104041,100761,대전교통공사_역별 수송실적_20260731.csv
2026,구암,5,1117,104398,101610,대전교통공사_역별 수송실적_20260731.csv
2026,구암,6,1117,96110,93397,대전교통공사_역별 수송실적_20260731.csv
2026,구암,7,1117,91410,88543,대전교통공사_역별 수송실적_20260731.csv
2015,노은,1,1120,139300,145093,대전교통공사_역별 수송실적_20151231.csv
2015,노은,2,1120,118765,123372,대전교통공사_역별 수송실적_20151231.csv
2015,노은,3,1120,133836,140261,대전교통공사_역별 수송실적_20151231.csv
2015,노은,4,1120,129738,136251,대전교통공사_역별 수송실적_20151231.csv
2015,노은,5,1120,136138,142291,대전교통공사_역별 수송실적_20151231.csv
2015,노은,6,1120,109614,114438,대전교통공사_역별 수송실적_20151231.csv
2015,노은,7,1120,129751,135825,대전교통공사_역별 수송실적_20151231.csv
2015,노은,8,1120,129246,135905,대전교통공사_역별 수송실적_20151231.csv
2015,노은,9,1120,124726,130955,대전교통공사_역별 수송실적_20151231.csv
2015,노은,10,1120,134109,141939,대전교통공사_역별 수송실적_20151231.csv
2015,노은,11,1120,127421,134325,대전교통공사_역별 수송실적_20151231.csv
2015,노은,12,1120,138706,144122,대전교통공사_역별 수송실적_20151231.csv
2016,노은,1,1120,127953,134709,대전교통공사_역별 수송실적_20161231.csv
2016,노은,2,1120,119110,125441,대전교통공사_역별 수송실적_20161231.csv
2016,노은,3,1120,128608,136994,대전교통공사_역별 수송실적_20161231.csv
2016,노은,4,1120,124062,131425,대전교통공사_역별 수송실적_20161231.csv
2016,노은,5,1120,130246,137779,대전교통공사_역별 수송실적_20161231.csv
2016,노은,6,1120,123031,130953,대전교통공사_역별 수송실적_20161231.csv
2016,노은,7,1120,127107,135221,대전교통공사_역별 수송실적_20161231.csv
2016,노은,8,1120,125012,133849,대전교통공사_역별 수송실적_20161231.csv
2016,노은,9,1120,116987,125091,대전교통공사_역별 수송실적_20161231.csv
2016,노은,10,1120,127276,135201,대전교통공사_역별 수송실적_20161231.csv
2016,노은,11,1120,127130,134949,대전교통공사_역별 수송실적_20161231.csv
2016,노은,12,1120,136725,143515,대전교통공사_역별 수송실적_20161231.csv
2017,노은,1,1120,125467,132450,대전교통공사_역별 수송실적_20171231.csv
2017,노은,2,1120,124290,131036,대전교통공사_역별 수송실적_20171231.csv
2017,노은,3,1120,131111,138873,대전교통공사_역별 수송실적_20171231.csv
2017,노은,4,1120,122093,128915,대전교통공사_역별 수송실적_20171231.csv
2017,노은,5,1120,129364,137072,대전교통공사_역별 수송실적_20171231.csv
2017,노은,6,1120,123013,130223,대전교통공사_역별 수송실적_20171231.csv
2017,노은,7,1120,124045,131121,대전교통공사_역별 수송실적_20171231.csv
2017,노은,8,1120,124109,132101,대전교통공사_역별 수송실적_20171231.csv
2017,노은,9,1120,126289,133167,대전교통공사_역별 수송실적_20171231.csv
2017,노은,10,1120,114490,120364,대전교통공사_역별 수송실적_20171231.csv
2017,노은,11,1120,125764,130837,대전교통공사_역별 수송실적_20171231.csv
2017,노은,12,1120,131055,136155,대전교통공사_역별 수송실적_20171231.csv
2018,노은,1,1120,128606,135406,대전교통공사_역별 수송실적_20181231.csv
2018,노은,2,1120,111877,117670,대전교통공사_역별 수송실적_20181231.csv
2018,노은,3,1120,127802,134856,대전교통공사_역별 수송실적_20181231.csv
2018,노은,4,1120,120181,127575,대전교통공사_역별 수송실적_20181231.csv
2018,노은,5,1120,129386,135732,대전교통공사_역별 수송실적_20181231.csv
2018,노은,6,1120,120073,125757,대전교통공사_역별 수송실적_20181231.csv
2018,노은,7,1120,122383,129096,대전교통공사_역별 수송실적_20181231.csv
2018,노은,8,1120,120019,126755,대전교통공사_역별 수송실적_20181231.csv
2018,노은,9,1120,113052,118501,대전교통공사_역별 수송실적_20181231.csv
2018,노은,10,1120,126466,132532,대전교통공사_역별 수송실적_20181231.csv
2018,노은,11,1120,126281,133016,대전교통공사_역별 수송실적_20181231.csv
2018,노은,12,1120,129055,134986,대전교통공사_역별 수송실적_20181231.csv
2019,노은,1,1120,128902,135136,대전교통공사_역별 수송실적_20191231.csv
2019,노은,2,1120,111573,117421,대전교통공사_역별 수송실적_20191231.csv
2019,노은,3,1120,126439,133315,대전교통공사_역별 수송실적_20191231.csv
2019,노은,4,1120,124080,131414,대전교통공사_역별 수송실적_20191231.csv
2019,노은,5,1120,133088,140467,대전교통공사_역별 수송실적_20191231.csv
2019,노은,6,1120,122173,128478,대전교통공사_역별 수송실적_20191231.csv
2019,노은,7,1120,130238,136560,대전교통공사_역별 수송실적_20191231.csv
2019,노은,8,1120,124048,130737,대전교통공사_역별 수송실적_20191231.csv
2019,노은,9,1120,115173,121197,대전교통공사_역별 수송실적_20191231.csv
2019,노은,10,1120,129254,135879,대전교통공사_역별 수송실적_20191231.csv
2019,노은,11,1120,127312,133530,대전교통공사_역별 수송실적_20191231.csv
2019,노은,12,1120,133392,139508,대전교통공사_역별 수송실적_20191231.csv
2020,노은,1,1120,121305,128308,대전교통공사_역별 수송실적_20200531.csv
2020,노은,2,1120,93228,98464,대전교통공사_역별 수송실적_20200531.csv
2020,노은,3,1120,58535,62154,대전교통공사_역별 수송실적_20200531.csv
2020,노은,4,1120,70214,74442,대전교통공사_역별 수송실적_20200531.csv
2020,노은,5,1120,86650,91685,대전교통공사_역별 수송실적_20200531.csv
2020,노은,6,1120,86449,91449,대전교통공사_역별 수송실적_20211231.csv
2020,노은,7,1120,86887,92687,대전교통공사_역별 수송실적_20211231.csv
2020,노은,8,1120,82112,87028,대전교통공사_역별 수송실적_20211231.csv
2020,노은,9,1120,77161,81229,대전교통공사_역별 수송실적_20211231.csv
2020,노은,10,1120,84823,89325,대전교통공사_역별 수송실적_20211231.csv
2020,노은,11,1120,90618,95673,대전교통공사_역별 수송실적_20211231.csv
2020,노은,12,1120,78943,83055,대전교통공사_역별 수송실적_20211231.csv
2021,노은,1,1120,83630,88657,대전교통공사_역별 수송실적_20211231.csv
2021,노은,2,1120,81036,85500,대전교통공사_역별 수송실적_20211231.csv
2021,노은,3,1120,96430,101645,대전교통공사_역별 수송실적_20211231.csv
2021,노은,4,1120,91316,96938,대전교통공사_역별 수송실적_20211231.csv
2021,노은,5,1120,92426,97747,대전교통공사_역별 수송실적_20211231.csv
2021,노은,6,1120,93814,99408,대전교통공사_역별 수송실적_20211231.csv
2021,노은,7,1120,90660,96050,대전교통공사_역별 수송실적_20211231.csv
2021,노은,8,1120,82610,87822,대전교통공사_역별 수송실적_20211231.csv
2021,노은,9,1120,87111,92085,대전교통공사_역별 수송실적_20211231.csv
2021,노은,10,1120,97342,101348,대전교통공사_역별 수송실적_20211231.csv
2021,노은,11,1120,103158,107397,대전교통공사_역별 수송실적_20211231.csv
2021,노은,12,1120,102710,107282,대전교통공사_역별 수송실적_20211231.csv
2022,노은,1,1120,99554,104403,대전교통공사_역별 수송실적_20221231.csv
2022,노은,2,1120,82427,86827,대전교통공사_역별 수송실적_20221231.csv
2022,노은,3,1120,94613,99474,대전교통공사_역별 수송실적_20221231.csv
2022,노은,4,1120,101518,106240,대전교통공사_역별 수송실적_20221231.csv
2022,노은,5,1120,114637,120193,대전교통공사_역별 수송실적_20221231.csv
2022,노은,6,1120,110633,115932,대전교통공사_역별 수송실적_20221231.csv
2022,노은,7,1120,111928,117483,대전교통공사_역별 수송실적_20221231.csv
2022,노은,8,1120,104626,109482,대전교통공사_역별 수송실적_20221231.csv
2022,노은,9,1120,104580,109863,대전교통공사_역별 수송실적_20221231.csv
2022,노은,10,1120,110846,116077,대전교통공사_역별 수송실적_20221231.csv
2022,노은,11,1120,110474,116443,대전교통공사_역별 수송실적_20221231.csv
2022,노은,12,1120,119568,124697,대전교통공사_역별 수송실적_20221231.csv
2023,노은,1,1120,108647,113951,대전교통공사_역별 수송실적_20231231.csv
2023,노은,2,1120,109726,114532,대전교통공사_역별 수송실적_20231231.csv
2023,노은,3,1120,118980,124568,대전교통공사_역별 수송실적_20231231.csv
2023,노은,4,1120,113153,117969,대전교통공사_역별 수송실적_20231231.csv
2023,노은,5,1120,118672,123760,대전교통공사_역별 수송실적_20231231.csv
2023,노은,6,1120,118236,122358,대전교통공사_역별 수송실적_20231231.csv
2023,노은,7,1120,116002,121453,대전교통공사_역별 수송실적_20231231.csv
2023,노은,8,1120,115888,121577,대전교통공사_역별 수송실적_20231231.csv
2023,노은,9,1120,109092,114878,대전교통공사_역별 수송실적_20231231.csv
2023,노은,10,1120,115847,121097,대전교통공사_역별 수송실적_20231231.csv
2023,노은,11,1120,117551,123067,대전교통공사_역별 수송실적_20231231.csv
2023,노은,12,1120,121086,126536,대전교통공사_역별 수송실적_20231231.csv
2024,노은,1,1120,119508,125728,대전교통공사_역별 수송실적_20241231.csv
2024,노은,2,1120,109680,115027,대전교통공사_역별 수송실적_20241231.csv
2024,노은,3,1120,120023,125351,대전교통공사_역별 수송실적_20241231.csv
2024,노은,4,1120,116427,122499,대전교통공사_역별 수송실적_20241231.csv
2024,노은,5,1120,123790,129829,대전교통공사_역별 수송실적_20241231.csv
2024,노은,6,1120,114306,120281,대전교통공사_역별 수송실적_20241231.csv
2024,노은,7,1120,120423,126769,대전교통공사_역별 수송실적_20241231.csv
2024,노은,8,1120,112768,119023,대전교통공사_역별 수송실적_20241231.csv
2024,노은,9,1120,106151,112121,대전교통공사_역별 수송실적_20241231.csv
2024,노은,10,1120,118702,124647,대전교통공사_역별 수송실적_20241231.csv
2024,노은,11,1120,120136,127093,대전교통공사_역별 수송실적_20241231.csv
2024,노은,12,1120,125994,130808,대전교통공사_역별 수송실적_20241231.csv
2026,노은,1,1120,120010,126015,대전교통공사_역별 수송실적_20260731.csv
2026,노은,2,1120,105717,111618,대전교통공사_역별 수송실적_20260731.csv
2026,노은,3,1120,124680,131227,대전교통공사_역별 수송실적_20260731.csv
2026,노은,4,1120,126848,133389,대전교통공사_역별 수송실적_20260731.csv
2026,노은,5,1120,124865,131358,대전교통공사_역별 수송실적_20260731.csv
2026,노은,6,1120,121220,128243,대전교통공사_역별 수송실적_20260731.csv
2026,노은,7,1120,121471,128241,대전교통공사_역별 수송실적_20260731.csv
2015,대동,1,1103,167893,142951,대전교통공사_역별 수송실적_20151231.csv
2015,대동,2,1103,137027,117956,대전교통공사_역별 수송실적_20151231.csv
2015,대동,3,1103,204259,177490,대전교통공사_역별 수송실적_20151231.csv
2015,대동,4,1103,195244,168862,대전교통공사_역별 수송실적_20151231.csv
2015,대동,5,1103,198391,169467,대전교통공사_역별 수송실적_20151231.csv
2015,대동,6,1103,157615,133686,대전교통공사_역별 수송실적_20151231.csv
2015,대동,7,1103,162400,139061,대전교통공사_역별 수송실적_20151231.csv
2015,대동,8,1103,163618,142629,대전교통공사_역별 수송실적_20151231.csv
2015,대동,9,1103,179646,152905,대전교통공사_역별 수송실적_20151231.csv
2015,대동,10,1103,189045,163507,대전교통공사_역별 수송실적_20151231.csv
2015,대동,11,1103,179900,156705,대전교통공사_역별 수송실적_20151231.csv
2015,대동,12,1103,179237,155185,대전교통공사_역별 수송실적_20151231.csv
2016,대동,1,1103,151686,133984,대전교통공사_역별 수송실적_20161231.csv
2016,대동,2,1103,133190,117564,대전교통공사_역별 수송실적_20161231.csv
2016,대동,3,1103,195302,173850,대전교통공사_역별 수송실적_20161231.csv
2016,대동,4,1103,182516,160803,대전교통공사_역별 수송실적_20161231.csv
2016,대동,5,1103,185901,164273,대전교통공사_역별 수송실적_20161231.csv
2016,대동,6,1103,169102,149492,대전교통공사_역별 수송실적_20161231.csv
2016,대동,7,1103,153404,134763,대전교통공사_역별 수송실적_20161231.csv
2016,대동,8,1103,145201,127231,대전교통공사_역별 수송실적_20161231.csv
2016,대동,9,1103,162208,141896,대전교통공사_역별 수송실적_20161231.csv
2016,대동,10,1103,172147,152321,대전교통공사_역별 수송실적_20161231.csv
2016,대동,11,1103,170794,152653,대전교통공사_역별 수송실적_20161231.csv
2016,대동,12,1103,166440,146178,대전교통공사_역별 수송실적_20161231.csv
2017,대동,1,1103,135065,120158,대전교통공사_역별 수송실적_20171231.csv
2017,대동,2,1103,130851,116529,대전교통공사_역별 수송실적_20171231.csv
2017,대동,3,1103,182487,161603,대전교통공사_역별 수송실적_20171231.csv
2017,대동,4,1103,170144,150746,대전교통공사_역별 수송실적_20171231.csv
2017,대동,5,1103,174540,155036,대전교통공사_역별 수송실적_20171231.csv
2017,대동,6,1103,159592,141446,대전교통공사_역별 수송실적_20171231.csv
2017,대동,7,1103,144740,127382,대전교통공사_역별 수송실적_20171231.csv
2017,대동,8,1103,139787,123649,대전교통공사_역별 수송실적_20171231.csv
2017,대동,9,1103,167024,145569,대전교통공사_역별 수송실적_20171231.csv
2017,대동,10,1103,145892,128040,대전교통공사_역별 수송실적_20171231.csv
2017,대동,11,1103,164762,143266,대전교통공사_역별 수송실적_20171231.csv
2017,대동,12,1103,159648,137577,대전교통공사_역별 수송실적_20171231.csv
2018,대동,1,1103,142370,124856,대전교통공사_역별 수송실적_20181231.csv
2018,대동,2,1103,118222,103734,대전교통공사_역별 수송실적_20181231.csv
2018,대동,3,1103,171351,151238,대전교통공사_역별 수송실적_20181231.csv
2018,대동,4,1103,164067,145909,대전교통공사_역별 수송실적_20181231.csv
2018,대동,5,1103,169886,149926,대전교통공사_역별 수송실적_20181231.csv
2018,대동,6,1103,156326,138307,대전교통공사_역별 수송실적_20181231.csv
2018,대동,7,1103,145856,127785,대전교통공사_역별 수송실적_20181231.csv
2018,대동,8,1103,134986,118943,대전교통공사_역별 수송실적_20181231.csv
2018,대동,9,1103,142690,124733,대전교통공사_역별 수송실적_20181231.csv
2018,대동,10,1103,162567,143799,대전교통공사_역별 수송실적_20181231.csv
2018,대동,11,1103,161696,142068,대전교통공사_역별 수송실적_20181231.csv
2018,대동,12,1103,153311,133177,대전교통공사_역별 수송실적_20181231.csv
2019,대동,1,1103,141242,124447,대전교통공사_역별 수송실적_20191231.csv
2019,대동,2,1103,117689,102957,대전교통공사_역별 수송실적_20191231.csv
2019,대동,3,1103,169480,148441,대전교통공사_역별 수송실적_20191231.csv
2019,대동,4,1103,169262,148213,대전교통공사_역별 수송실적_20191231.csv
2019,대동,5,1103,175932,151781,대전교통공사_역별 수송실적_20191231.csv
2019,대동,6,1103,149218,129219,대전교통공사_역별 수송실적_20191231.csv
2019,대동,7,1103,148657,128504,대전교통공사_역별 수송실적_20191231.csv
2019,대동,8,1103,136819,118646,대전교통공사_역별 수송실적_20191231.csv
2019,대동,9,1103,147343,127911,대전교통공사_역별 수송실적_20191231.csv
2019,대동,10,1103,163116,141654,대전교통공사_역별 수송실적_20191231.csv
2019,대동,11,1103,159864,138835,대전교통공사_역별 수송실적_20191231.csv
2019,대동,12,1103,153038,131431,대전교통공사_역별 수송실적_20191231.csv
2020,대동,1,1103,128125,111533,대전교통공사_역별 수송실적_20200531.csv
2020,대동,2,1103,98494,86686,대전교통공사_역별 수송실적_20200531.csv
2020,대동,3,1103,65793,58454,대전교통공사_역별 수송실적_20200531.csv
2020,대동,4,1103,78283,69118,대전교통공사_역별 수송실적_20200531.csv
2020,대동,5,1103,97264,84747,대전교통공사_역별 수송실적_20200531.csv
2020,대동,6,1103,99876,86847,대전교통공사_역별 수송실적_20211231.csv
2020,대동,7,1103,95668,83088,대전교통공사_역별 수송실적_20211231.csv
2020,대동,8,1103,90384,77689,대전교통공사_역별 수송실적_20211231.csv
2020,대동,9,1103,88661,76719,대전교통공사_역별 수송실적_20211231.csv
2020,대동,10,1103,101497,88127,대전교통공사_역별 수송실적_20211231.csv
2020,대동,11,1103,109822,95699,대전교통공사_역별 수송실적_20211231.csv
2020,대동,12,1103,91064,80634,대전교통공사_역별 수송실적_20211231.csv
2021,대동,1,1103,85414,76590,대전교통공사_역별 수송실적_20211231.csv
2021,대동,2,1103,80623,72030,대전교통공사_역별 수송실적_20211231.csv
2021,대동,3,1103,111367,99084,대전교통공사_역별 수송실적_20211231.csv
2021,대동,4,1103,99606,90263,대전교통공사_역별 수송실적_20211231.csv
2021,대동,5,1103,103230,92037,대전교통공사_역별 수송실적_20211231.csv
2021,대동,6,1103,102656,91243,대전교통공사_역별 수송실적_20211231.csv
2021,대동,7,1103,94541,83546,대전교통공사_역별 수송실적_20211231.csv
2021,대동,8,1103,84242,75804,대전교통공사_역별 수송실적_20211231.csv
2021,대동,9,1103,93545,83210,대전교통공사_역별 수송실적_20211231.csv
2021,대동,10,1103,103450,91473,대전교통공사_역별 수송실적_20211231.csv
2021,대동,11,1103,113013,99659,대전교통공사_역별 수송실적_20211231.csv
2021,대동,12,1103,106692,94436,대전교통공사_역별 수송실적_20211231.csv
2022,대동,1,1103,93910,84772,대전교통공사_역별 수송실적_20221231.csv
2022,대동,2,1103,76316,68735,대전교통공사_역별 수송실적_20221231.csv
2022,대동,3,1103,103530,93059,대전교통공사_역별 수송실적_20221231.csv
2022,대동,4,1103,115048,101971,대전교통공사_역별 수송실적_20221231.csv
2022,대동,5,1103,128966,113473,대전교통공사_역별 수송실적_20221231.csv
2022,대동,6,1103,117544,102838,대전교통공사_역별 수송실적_20221231.csv
2022,대동,7,1103,110664,95832,대전교통공사_역별 수송실적_20221231.csv
2022,대동,8,1103,104130,91069,대전교통공사_역별 수송실적_20221231.csv
2022,대동,9,1103,120350,104306,대전교통공사_역별 수송실적_20221231.csv
2022,대동,10,1103,125778,109656,대전교통공사_역별 수송실적_20221231.csv
2022,대동,11,1103,127292,111489,대전교통공사_역별 수송실적_20221231.csv
2022,대동,12,1103,121882,105861,대전교통공사_역별 수송실적_20221231.csv
2023,대동,1,1103,101194,88671,대전교통공사_역별 수송실적_20231231.csv
2023,대동,2,1103,101158,88720,대전교통공사_역별 수송실적_20231231.csv
2023,대동,3,1103,136844,119410,대전교통공사_역별 수송실적_20231231.csv
2023,대동,4,1103,127058,111056,대전교통공사_역별 수송실적_20231231.csv
2023,대동,5,1103,133579,116612,대전교통공사_역별 수송실적_20231231.csv
2023,대동,6,1103,125428,108209,대전교통공사_역별 수송실적_20231231.csv
2023,대동,7,1103,114473,99747,대전교통공사_역별 수송실적_20231231.csv
2023,대동,8,1103,122244,107956,대전교통공사_역별 수송실적_20231231.csv
2023,대동,9,1103,123596,107683,대전교통공사_역별 수송실적_20231231.csv
2023,대동,10,1103,128182,111603,대전교통공사_역별 수송실적_20231231.csv
2023,대동,11,1103,130210,112688,대전교통공사_역별 수송실적_20231231.csv
2023,대동,12,1103,123890,105946,대전교통공사_역별 수송실적_20231231.csv
2024,대동,1,1103,110149,97332,대전교통공사_역별 수송실적_20241231.csv
2024,대동,2,1103,98032,86716,대전교통공사_역별 수송실적_20241231.csv
2024,대동,3,1103,128973,112104,대전교통공사_역별 수송실적_20241231.csv
2024,대동,4,1103,128169,111865,대전교통공사_역별 수송실적_20241231.csv
2024,대동,5,1103,130916,114349,대전교통공사_역별 수송실적_20241231.csv
2024,대동,6,1103,117079,102006,대전교통공사_역별 수송실적_20241231.csv
2024,대동,7,1103,115435,101115,대전교통공사_역별 수송실적_20241231.csv
2024,대동,8,1103,117607,104889,대전교통공사_역별 수송실적_20241231.csv
2024,대동,9,1103,112845,98458,대전교통공사_역별 수송실적_20241231.csv
2024,대동,10,1103,124357,108164,대전교통공사_역별 수송실적_20241231.csv
2024,대동,11,1103,124644,107719,대전교통공사_역별 수송실적_20241231.csv
2024,대동,12,1103,121002,103774,대전교통공사_역별 수송실적_20241231.csv
2026,대동,1,1103,107778,96847,대전교통공사_역별 수송실적_20260731.csv
2026,대동,2,1103,92760,83323,대전교통공사_역별 수송실적_20260731.csv
2026,대동,3,1103,135679,119911,대전교통공사_역별 수송실적_20260731.csv
2026,대동,4,1103,138998,123428,대전교통공사_역별 수송실적_20260731.csv
2026,대동,5,1103,133697,117896,대전교통공사_역별 수송실적_20260731.csv
2026,대동,6,1103,127353,112472,대전교통공사_역별 수송실적_20260731.csv
2026,대동,7,1103,117940,104186,대전교통공사_역별 수송실적_20260731.csv
2015,대전,1,1104,338133,339420,대전교통공사_역별 수송실적_20151231.csv
2015,대전,2,1104,298998,299928,대전교통공사_역별 수송실적_20151231.csv
2015,대전,3,1104,346646,345775,대전교통공사_역별 수송실적_20151231.csv
2015,대전,4,1104,344052,347941,대전교통공사_역별 수송실적_20151231.csv
2015,대전,5,1104,366612,368128,대전교통공사_역별 수송실적_20151231.csv
2015,대전,6,1104,269224,274896,대전교통공사_역별 수송실적_20151231.csv
2015,대전,7,1104,324010,328129,대전교통공사_역별 수송실적_20151231.csv
2015,대전,8,1104,332045,331019,대전교통공사_역별 수송실적_20151231.csv
2015,대전,9,1104,332064,336562,대전교통공사_역별 수송실적_20151231.csv
2015,대전,10,1104,345785,350536,대전교통공사_역별 수송실적_20151231.csv
2015,대전,11,1104,334843,334716,대전교통공사_역별 수송실적_20151231.csv
2015,대전,12,1104,346164,351834,대전교통공사_역별 수송실적_20151231.csv
2016,대전,1,1104,323871,323051,대전교통공사_역별 수송실적_20161231.csv
2016,대전,2,1104,302993,303494,대전교통공사_역별 수송실적_20161231.csv
2016,대전,3,1104,340821,341984,대전교통공사_역별 수송실적_20161231.csv
2016,대전,4,1104,340586,345185,대전교통공사_역별 수송실적_20161231.csv
2016,대전,5,1104,354420,352518,대전교통공사_역별 수송실적_20161231.csv
2016,대전,6,1104,328413,333245,대전교통공사_역별 수송실적_20161231.csv
2016,대전,7,1104,325161,329376,대전교통공사_역별 수송실적_20161231.csv
2016,대전,8,1104,317179,320120,대전교통공사_역별 수송실적_20161231.csv
2016,대전,9,1104,316536,321658,대전교통공사_역별 수송실적_20161231.csv
2016,대전,10,1104,329039,331067,대전교통공사_역별 수송실적_20161231.csv
2016,대전,11,1104,315330,320176,대전교통공사_역별 수송실적_20161231.csv
2016,대전,12,1104,332243,335499,대전교통공사_역별 수송실적_20161231.csv
2017,대전,1,1104,323127,319575,대전교통공사_역별 수송실적_20171231.csv
2017,대전,2,1104,311976,308512,대전교통공사_역별 수송실적_20171231.csv
2017,대전,3,1104,344080,342915,대전교통공사_역별 수송실적_20171231.csv
2017,대전,4,1104,338455,337404,대전교통공사_역별 수송실적_20171231.csv
2017,대전,5,1104,351677,348757,대전교통공사_역별 수송실적_20171231.csv
2017,대전,6,1104,338899,340400,대전교통공사_역별 수송실적_20171231.csv
2017,대전,7,1104,330967,328305,대전교통공사_역별 수송실적_20171231.csv
2017,대전,8,1104,336725,333886,대전교통공사_역별 수송실적_20171231.csv
2017,대전,9,1104,355203,356856,대전교통공사_역별 수송실적_20171231.csv
2017,대전,10,1104,330738,325191,대전교통공사_역별 수송실적_20171231.csv
2017,대전,11,1104,345434,342501,대전교통공사_역별 수송실적_20171231.csv
2017,대전,12,1104,352825,351551,대전교통공사_역별 수송실적_20171231.csv
2018,대전,1,1104,333307,326833,대전교통공사_역별 수송실적_20181231.csv
2018,대전,2,1104,302244,299060,대전교통공사_역별 수송실적_20181231.csv
2018,대전,3,1104,357075,350760,대전교통공사_역별 수송실적_20181231.csv
2018,대전,4,1104,351422,343433,대전교통공사_역별 수송실적_20181231.csv
2018,대전,5,1104,363006,357884,대전교통공사_역별 수송실적_20181231.csv
2018,대전,6,1104,349947,347683,대전교통공사_역별 수송실적_20181231.csv
2018,대전,7,1104,336720,334250,대전교통공사_역별 수송실적_20181231.csv
2018,대전,8,1104,338729,335495,대전교통공사_역별 수송실적_20181231.csv
2018,대전,9,1104,339962,337446,대전교통공사_역별 수송실적_20181231.csv
2018,대전,10,1104,360313,360211,대전교통공사_역별 수송실적_20181231.csv
2018,대전,11,1104,358771,358243,대전교통공사_역별 수송실적_20181231.csv
2018,대전,12,1104,358385,356479,대전교통공사_역별 수송실적_20181231.csv
2019,대전,1,1104,353469,349457,대전교통공사_역별 수송실적_20191231.csv
2019,대전,2,1104,309615,305782,대전교통공사_역별 수송실적_20191231.csv
2019,대전,3,1104,361099,355283,대전교통공사_역별 수송실적_20191231.csv
2019,대전,4,1104,353228,350193,대전교통공사_역별 수송실적_20191231.csv
2019,대전,5,1104,375565,373310,대전교통공사_역별 수송실적_20191231.csv
2019,대전,6,1104,354608,349811,대전교통공사_역별 수송실적_20191231.csv
2019,대전,7,1104,352944,349847,대전교통공사_역별 수송실적_20191231.csv
2019,대전,8,1104,351415,347412,대전교통공사_역별 수송실적_20191231.csv
2019,대전,9,1104,342005,336204,대전교통공사_역별 수송실적_20191231.csv
2019,대전,10,1104,363425,360107,대전교통공사_역별 수송실적_20191231.csv
2019,대전,11,1104,359044,354051,대전교통공사_역별 수송실적_20191231.csv
2019,대전,12,1104,369551,362042,대전교통공사_역별 수송실적_20191231.csv
2020,대전,1,1104,334026,327258,대전교통공사_역별 수송실적_20200531.csv
2020,대전,2,1104,227907,223965,대전교통공사_역별 수송실적_20200531.csv
2020,대전,3,1104,145123,144227,대전교통공사_역별 수송실적_20200531.csv
2020,대전,4,1104,189409,188431,대전교통공사_역별 수송실적_20200531.csv
2020,대전,5,1104,250287,243862,대전교통공사_역별 수송실적_20200531.csv
2020,대전,6,1104,232225,230975,대전교통공사_역별 수송실적_20211231.csv
2020,대전,7,1104,230042,229271,대전교통공사_역별 수송실적_20211231.csv
2020,대전,8,1104,223264,219631,대전교통공사_역별 수송실적_20211231.csv
2020,대전,9,1104,206959,210561,대전교통공사_역별 수송실적_20211231.csv
2020,대전,10,1104,239754,234936,대전교통공사_역별 수송실적_20211231.csv
2020,대전,11,1104,255096,249987,대전교통공사_역별 수송실적_20211231.csv
2020,대전,12,1104,192306,193443,대전교통공사_역별 수송실적_20211231.csv
2021,대전,1,1104,195580,192265,대전교통공사_역별 수송실적_20211231.csv
2021,대전,2,1104,201271,200097,대전교통공사_역별 수송실적_20211231.csv
2021,대전,3,1104,257136,249530,대전교통공사_역별 수송실적_20211231.csv
2021,대전,4,1104,244580,243421,대전교통공사_역별 수송실적_20211231.csv
2021,대전,5,1104,260989,252109,대전교통공사_역별 수송실적_20211231.csv
2021,대전,6,1104,254750,249556,대전교통공사_역별 수송실적_20211231.csv
2021,대전,7,1104,234261,231492,대전교통공사_역별 수송실적_20211231.csv
2021,대전,8,1104,217232,211401,대전교통공사_역별 수송실적_20211231.csv
2021,대전,9,1104,231818,227542,대전교통공사_역별 수송실적_20211231.csv
2021,대전,10,1104,268212,261149,대전교통공사_역별 수송실적_20211231.csv
2021,대전,11,1104,282997,271496,대전교통공사_역별 수송실적_20211231.csv
2021,대전,12,1104,264859,259641,대전교통공사_역별 수송실적_20211231.csv
2022,대전,1,1104,248642,244898,대전교통공사_역별 수송실적_20221231.csv
2022,대전,2,1104,210093,199105,대전교통공사_역별 수송실적_20221231.csv
2022,대전,3,1104,242633,234299,대전교통공사_역별 수송실적_20221231.csv
2022,대전,4,1104,277565,268557,대전교통공사_역별 수송실적_20221231.csv
2022,대전,5,1104,327836,308375,대전교통공사_역별 수송실적_20221231.csv
2022,대전,6,1104,308740,298212,대전교통공사_역별 수송실적_20221231.csv
2022,대전,7,1104,305375,295341,대전교통공사_역별 수송실적_20221231.csv
2022,대전,8,1104,289373,278540,대전교통공사_역별 수송실적_20221231.csv
2022,대전,9,1104,301334,294640,대전교통공사_역별 수송실적_20221231.csv
2022,대전,10,1104,324910,311818,대전교통공사_역별 수송실적_20221231.csv
2022,대전,11,1104,309643,301986,대전교통공사_역별 수송실적_20221231.csv
2022,대전,12,1104,322240,315534,대전교통공사_역별 수송실적_20221231.csv
2023,대전,1,1104,298707,284204,대전교통공사_역별 수송실적_20231231.csv
2023,대전,2,1104,303962,290629,대전교통공사_역별 수송실적_20231231.csv
2023,대전,3,1104,333709,323297,대전교통공사_역별 수송실적_20231231.csv
2023,대전,4,1104,323285,311340,대전교통공사_역별 수송실적_20231231.csv
2023,대전,5,1104,336775,322998,대전교통공사_역별 수송실적_20231231.csv
2023,대전,6,1104,327716,320920,대전교통공사_역별 수송실적_20231231.csv
2023,대전,7,1104,314277,304780,대전교통공사_역별 수송실적_20231231.csv
2023,대전,8,1104,355425,340160,대전교통공사_역별 수송실적_20231231.csv
2023,대전,9,1104,317537,313362,대전교통공사_역별 수송실적_20231231.csv
2023,대전,10,1104,337726,316550,대전교통공사_역별 수송실적_20231231.csv
2023,대전,11,1104,327029,316603,대전교통공사_역별 수송실적_20231231.csv
2023,대전,12,1104,340880,330304,대전교통공사_역별 수송실적_20231231.csv
2024,대전,1,1104,327420,308616,대전교통공사_역별 수송실적_20241231.csv
2024,대전,2,1104,310491,296785,대전교통공사_역별 수송실적_20241231.csv
2024,대전,3,1104,342050,323140,대전교통공사_역별 수송실적_20241231.csv
2024,대전,4,1104,335559,320996,대전교통공사_역별 수송실적_20241231.csv
2024,대전,5,1104,360612,346656,대전교통공사_역별 수송실적_20241231.csv
2024,대전,6,1104,341432,324188,대전교통공사_역별 수송실적_20241231.csv
2024,대전,7,1104,346564,329594,대전교통공사_역별 수송실적_20241231.csv
2024,대전,8,1104,383411,359820,대전교통공사_역별 수송실적_20241231.csv
2024,대전,9,1104,331439,315223,대전교통공사_역별 수송실적_20241231.csv
2024,대전,10,1104,350532,337832,대전교통공사_역별 수송실적_20241231.csv
2024,대전,11,1104,350554,337480,대전교통공사_역별 수송실적_20241231.csv
2024,대전,12,1104,345768,327367,대전교통공사_역별 수송실적_20241231.csv
2026,대전,1,1104,361691,337623,대전교통공사_역별 수송실적_20260731.csv
2026,대전,2,1104,322203,304714,대전교통공사_역별 수송실적_20260731.csv
2026,대전,3,1104,374452,353225,대전교통공사_역별 수송실적_20260731.csv
2026,대전,4,1104,364896,352973,대전교통공사_역별 수송실적_20260731.csv
2026,대전,5,1104,382847,364492,대전교통공사_역별 수송실적_20260731.csv
2026,대전,6,1104,363334,346937,대전교통공사_역별 수송실적_20260731.csv
2026,대전,7,1104,370414,351706,대전교통공사_역별 수송실적_20260731.csv
2015,반석,1,1122,188248,171467,대전교통공사_역별 수송실적_20151231.csv
2015,반석,2,1122,162385,148008,대전교통공사_역별 수송실적_20151231.csv
2015,반석,3,1122,202418,185038,대전교통공사_역별 수송실적_20151231.csv
2015,반석,4,1122,198873,179643,대전교통공사_역별 수송실적_20151231.csv
2015,반석,5,1122,203437,185556,대전교통공사_역별 수송실적_20151231.csv
2015,반석,6,1122,173466,158402,대전교통공사_역별 수송실적_20151231.csv
2015,반석,7,1122,200996,184179,대전교통공사_역별 수송실적_20151231.csv
2015,반석,8,1122,194137,177861,대전교통공사_역별 수송실적_20151231.csv
2015,반석,9,1122,201158,180577,대전교통공사_역별 수송실적_20151231.csv
2015,반석,10,1122,217352,196466,대전교통공사_역별 수송실적_20151231.csv
2015,반석,11,1122,208215,188606,대전교통공사_역별 수송실적_20151231.csv
2015,반석,12,1122,222730,199870,대전교통공사_역별 수송실적_20151231.csv
2016,반석,1,1122,203257,184471,대전교통공사_역별 수송실적_20161231.csv
2016,반석,2,1122,189136,170139,대전교통공사_역별 수송실적_20161231.csv
2016,반석,3,1122,220725,199394,대전교통공사_역별 수송실적_20161231.csv
2016,반석,4,1122,212596,192462,대전교통공사_역별 수송실적_20161231.csv
2016,반석,5,1122,218184,199229,대전교통공사_역별 수송실적_20161231.csv
2016,반석,6,1122,210145,192331,대전교통공사_역별 수송실적_20161231.csv
2016,반석,7,1122,207691,189449,대전교통공사_역별 수송실적_20161231.csv
2016,반석,8,1122,199126,180176,대전교통공사_역별 수송실적_20161231.csv
2016,반석,9,1122,191222,170959,대전교통공사_역별 수송실적_20161231.csv
2016,반석,10,1122,208291,185564,대전교통공사_역별 수송실적_20161231.csv
2016,반석,11,1122,207593,184560,대전교통공사_역별 수송실적_20161231.csv
2016,반석,12,1122,217312,192647,대전교통공사_역별 수송실적_20161231.csv
2017,반석,1,1122,195505,174367,대전교통공사_역별 수송실적_20171231.csv
2017,반석,2,1122,195565,174313,대전교통공사_역별 수송실적_20171231.csv
2017,반석,3,1122,213888,192526,대전교통공사_역별 수송실적_20171231.csv
2017,반석,4,1122,202562,183881,대전교통공사_역별 수송실적_20171231.csv
2017,반석,5,1122,209797,191174,대전교통공사_역별 수송실적_20171231.csv
2017,반석,6,1122,208450,189474,대전교통공사_역별 수송실적_20171231.csv
2017,반석,7,1122,205787,189003,대전교통공사_역별 수송실적_20171231.csv
2017,반석,8,1122,205294,188399,대전교통공사_역별 수송실적_20171231.csv
2017,반석,9,1122,217318,197542,대전교통공사_역별 수송실적_20171231.csv
2017,반석,10,1122,195292,180100,대전교통공사_역별 수송실적_20171231.csv
2017,반석,11,1122,215677,198018,대전교통공사_역별 수송실적_20171231.csv
2017,반석,12,1122,224854,204822,대전교통공사_역별 수송실적_20171231.csv
2018,반석,1,1122,222149,203137,대전교통공사_역별 수송실적_20181231.csv
2018,반석,2,1122,193386,175364,대전교통공사_역별 수송실적_20181231.csv
2018,반석,3,1122,230281,212055,대전교통공사_역별 수송실적_20181231.csv
2018,반석,4,1122,227258,209113,대전교통공사_역별 수송실적_20181231.csv
2018,반석,5,1122,234873,216215,대전교통공사_역별 수송실적_20181231.csv
2018,반석,6,1122,218000,202274,대전교통공사_역별 수송실적_20181231.csv
2018,반석,7,1122,222899,205597,대전교통공사_역별 수송실적_20181231.csv
2018,반석,8,1122,216459,199823,대전교통공사_역별 수송실적_20181231.csv
2018,반석,9,1122,206938,190700,대전교통공사_역별 수송실적_20181231.csv
2018,반석,10,1122,235554,216721,대전교통공사_역별 수송실적_20181231.csv
2018,반석,11,1122,234035,213742,대전교통공사_역별 수송실적_20181231.csv
2018,반석,12,1122,231495,211056,대전교통공사_역별 수송실적_20181231.csv
2019,반석,1,1122,232617,211936,대전교통공사_역별 수송실적_20191231.csv
2019,반석,2,1122,199242,182203,대전교통공사_역별 수송실적_20191231.csv
2019,반석,3,1122,232393,215569,대전교통공사_역별 수송실적_20191231.csv
2019,반석,4,1122,233054,214893,대전교통공사_역별 수송실적_20191231.csv
2019,반석,5,1122,244195,224725,대전교통공사_역별 수송실적_20191231.csv
2019,반석,6,1122,221701,205476,대전교통공사_역별 수송실적_20191231.csv
2019,반석,7,1122,234966,215946,대전교통공사_역별 수송실적_20191231.csv
2019,반석,8,1122,221157,202666,대전교통공사_역별 수송실적_20191231.csv
2019,반석,9,1122,213540,194350,대전교통공사_역별 수송실적_20191231.csv
2019,반석,10,1122,240377,219956,대전교통공사_역별 수송실적_20191231.csv
2019,반석,11,1122,237282,215378,대전교통공사_역별 수송실적_20191231.csv
2019,반석,12,1122,245331,222655,대전교통공사_역별 수송실적_20191231.csv
2020,반석,1,1122,219270,199901,대전교통공사_역별 수송실적_20200531.csv
2020,반석,2,1122,173934,159166,대전교통공사_역별 수송실적_20200531.csv
2020,반석,3,1122,112692,103645,대전교통공사_역별 수송실적_20200531.csv
2020,반석,4,1122,134244,123919,대전교통공사_역별 수송실적_20200531.csv
2020,반석,5,1122,165163,152487,대전교통공사_역별 수송실적_20200531.csv
2020,반석,6,1122,164402,152707,대전교통공사_역별 수송실적_20211231.csv
2020,반석,7,1122,163719,151397,대전교통공사_역별 수송실적_20211231.csv
2020,반석,8,1122,150538,140154,대전교통공사_역별 수송실적_20211231.csv
2020,반석,9,1122,146050,136112,대전교통공사_역별 수송실적_20211231.csv
2020,반석,10,1122,165914,152882,대전교통공사_역별 수송실적_20211231.csv
2020,반석,11,1122,174927,160535,대전교통공사_역별 수송실적_20211231.csv
2020,반석,12,1122,150959,139894,대전교통공사_역별 수송실적_20211231.csv
2021,반석,1,1122,153266,142114,대전교통공사_역별 수송실적_20211231.csv
2021,반석,2,1122,149550,138191,대전교통공사_역별 수송실적_20211231.csv
2021,반석,3,1122,181972,168026,대전교통공사_역별 수송실적_20211231.csv
2021,반석,4,1122,173272,162312,대전교통공사_역별 수송실적_20211231.csv
2021,반석,5,1122,171659,160469,대전교통공사_역별 수송실적_20211231.csv
2021,반석,6,1122,175370,164831,대전교통공사_역별 수송실적_20211231.csv
2021,반석,7,1122,165378,157004,대전교통공사_역별 수송실적_20211231.csv
2021,반석,8,1122,148328,142024,대전교통공사_역별 수송실적_20211231.csv
2021,반석,9,1122,157723,148190,대전교통공사_역별 수송실적_20211231.csv
2021,반석,10,1122,178311,167822,대전교통공사_역별 수송실적_20211231.csv
2021,반석,11,1122,193718,180494,대전교통공사_역별 수송실적_20211231.csv
2021,반석,12,1122,191597,178372,대전교통공사_역별 수송실적_20211231.csv
2022,반석,1,1122,178206,167560,대전교통공사_역별 수송실적_20221231.csv
2022,반석,2,1122,147500,138399,대전교통공사_역별 수송실적_20221231.csv
2022,반석,3,1122,171193,164262,대전교통공사_역별 수송실적_20221231.csv
2022,반석,4,1122,187035,177820,대전교통공사_역별 수송실적_20221231.csv
2022,반석,5,1122,209756,198710,대전교통공사_역별 수송실적_20221231.csv
2022,반석,6,1122,200736,188921,대전교통공사_역별 수송실적_20221231.csv
2022,반석,7,1122,201401,189238,대전교통공사_역별 수송실적_20221231.csv
2022,반석,8,1122,189331,177960,대전교통공사_역별 수송실적_20221231.csv
2022,반석,9,1122,196503,184454,대전교통공사_역별 수송실적_20221231.csv
2022,반석,10,1122,209651,197324,대전교통공사_역별 수송실적_20221231.csv
2022,반석,11,1122,213327,199217,대전교통공사_역별 수송실적_20221231.csv
2022,반석,12,1122,222674,206836,대전교통공사_역별 수송실적_20221231.csv
2023,반석,1,1122,198225,182587,대전교통공사_역별 수송실적_20231231.csv
2023,반석,2,1122,203029,187003,대전교통공사_역별 수송실적_20231231.csv
2023,반석,3,1122,228426,213792,대전교통공사_역별 수송실적_20231231.csv
2023,반석,4,1122,215365,201880,대전교통공사_역별 수송실적_20231231.csv
2023,반석,5,1122,221793,207400,대전교통공사_역별 수송실적_20231231.csv
2023,반석,6,1122,216058,201369,대전교통공사_역별 수송실적_20231231.csv
2023,반석,7,1122,208136,193463,대전교통공사_역별 수송실적_20231231.csv
2023,반석,8,1122,208391,192543,대전교통공사_역별 수송실적_20231231.csv
2023,반석,9,1122,204940,190280,대전교통공사_역별 수송실적_20231231.csv
2023,반석,10,1122,218269,203401,대전교통공사_역별 수송실적_20231231.csv
2023,반석,11,1122,220433,204229,대전교통공사_역별 수송실적_20231231.csv
2023,반석,12,1122,221790,203818,대전교통공사_역별 수송실적_20231231.csv
2024,반석,1,1122,216097,199948,대전교통공사_역별 수송실적_20241231.csv
2024,반석,2,1122,195728,180187,대전교통공사_역별 수송실적_20241231.csv
2024,반석,3,1122,220989,207942,대전교통공사_역별 수송실적_20241231.csv
2024,반석,4,1122,221540,208214,대전교통공사_역별 수송실적_20241231.csv
2024,반석,5,1122,226516,213458,대전교통공사_역별 수송실적_20241231.csv
2024,반석,6,1122,209893,196691,대전교통공사_역별 수송실적_20241231.csv
2024,반석,7,1122,218004,202985,대전교통공사_역별 수송실적_20241231.csv
2024,반석,8,1122,205816,191789,대전교통공사_역별 수송실적_20241231.csv
2024,반석,9,1122,195515,183326,대전교통공사_역별 수송실적_20241231.csv
2024,반석,10,1122,214806,201580,대전교통공사_역별 수송실적_20241231.csv
2024,반석,11,1122,215506,201405,대전교통공사_역별 수송실적_20241231.csv
2024,반석,12,1122,221834,204746,대전교통공사_역별 수송실적_20241231.csv
2026,반석,1,1122,203030,186320,대전교통공사_역별 수송실적_20260731.csv
2026,반석,2,1122,176567,160484,대전교통공사_역별 수송실적_20260731.csv
2026,반석,3,1122,215113,198966,대전교통공사_역별 수송실적_20260731.csv
2026,반석,4,1122,226816,210325,대전교통공사_역별 수송실적_20260731.csv
2026,반석,5,1122,214451,197123,대전교통공사_역별 수송실적_20260731.csv
2026,반석,6,1122,209881,193562,대전교통공사_역별 수송실적_20260731.csv
2026,반석,7,1122,207361,190248,대전교통공사_역별 수송실적_20260731.csv
2015,서대전네거리,1,1107,241658,251065,대전교통공사_역별 수송실적_20151231.csv
2015,서대전네거리,2,1107,206798,214537,대전교통공사_역별 수송실적_20151231.csv
2015,서대전네거리,3,1107,250215,257789,대전교통공사_역별 수송실적_20151231.csv
2015,서대전네거리,4,1107,247105,253860,대전교통공사_역별 수송실적_20151231.csv
2015,서대전네거리,5,1107,254575,263593,대전교통공사_역별 수송실적_20151231.csv
2015,서대전네거리,6,1107,195355,201891,대전교통공사_역별 수송실적_20151231.csv
2015,서대전네거리,7,1107,227927,234691,대전교통공사_역별 수송실적_20151231.csv
2015,서대전네거리,8,1107,221211,229828,대전교통공사_역별 수송실적_20151231.csv
2015,서대전네거리,9,1107,224660,232312,대전교통공사_역별 수송실적_20151231.csv
2015,서대전네거리,10,1107,242013,250473,대전교통공사_역별 수송실적_20151231.csv
2015,서대전네거리,11,1107,231019,238989,대전교통공사_역별 수송실적_20151231.csv
2015,서대전네거리,12,1107,247523,255631,대전교통공사_역별 수송실적_20151231.csv
2016,서대전네거리,1,1107,223121,230534,대전교통공사_역별 수송실적_20161231.csv
2016,서대전네거리,2,1107,208868,217055,대전교통공사_역별 수송실적_20161231.csv
2016,서대전네거리,3,1107,242285,248202,대전교통공사_역별 수송실적_20161231.csv
2016,서대전네거리,4,1107,235884,244620,대전교통공사_역별 수송실적_20161231.csv
2016,서대전네거리,5,1107,242038,249518,대전교통공사_역별 수송실적_20161231.csv
2016,서대전네거리,6,1107,224105,231177,대전교통공사_역별 수송실적_20161231.csv
2016,서대전네거리,7,1107,219778,228489,대전교통공사_역별 수송실적_20161231.csv
2016,서대전네거리,8,1107,209897,216775,대전교통공사_역별 수송실적_20161231.csv
2016,서대전네거리,9,1107,204699,210890,대전교통공사_역별 수송실적_20161231.csv
2016,서대전네거리,10,1107,225936,232207,대전교통공사_역별 수송실적_20161231.csv
2016,서대전네거리,11,1107,223629,229471,대전교통공사_역별 수송실적_20161231.csv
2016,서대전네거리,12,1107,233030,240739,대전교통공사_역별 수송실적_20161231.csv
2017,서대전네거리,1,1107,209386,217184,대전교통공사_역별 수송실적_20171231.csv
2017,서대전네거리,2,1107,212866,219666,대전교통공사_역별 수송실적_20171231.csv
2017,서대전네거리,3,1107,234088,241255,대전교통공사_역별 수송실적_20171231.csv
2017,서대전네거리,4,1107,224595,231391,대전교통공사_역별 수송실적_20171231.csv
2017,서대전네거리,5,1107,230276,236949,대전교통공사_역별 수송실적_20171231.csv
2017,서대전네거리,6,1107,219001,226128,대전교통공사_역별 수송실적_20171231.csv
2017,서대전네거리,7,1107,208930,217865,대전교통공사_역별 수송실적_20171231.csv
2017,서대전네거리,8,1107,207559,216172,대전교통공사_역별 수송실적_20171231.csv
2017,서대전네거리,9,1107,221915,230675,대전교통공사_역별 수송실적_20171231.csv
2017,서대전네거리,10,1107,200010,207861,대전교통공사_역별 수송실적_20171231.csv
2017,서대전네거리,11,1107,218600,227587,대전교통공사_역별 수송실적_20171231.csv
2017,서대전네거리,12,1107,223750,233616,대전교통공사_역별 수송실적_20171231.csv
2018,서대전네거리,1,1107,213500,223797,대전교통공사_역별 수송실적_20181231.csv
2018,서대전네거리,2,1107,186621,195742,대전교통공사_역별 수송실적_20181231.csv
2018,서대전네거리,3,1107,226266,235406,대전교통공사_역별 수송실적_20181231.csv
2018,서대전네거리,4,1107,217652,226224,대전교통공사_역별 수송실적_20181231.csv
2018,서대전네거리,5,1107,224499,234741,대전교통공사_역별 수송실적_20181231.csv
2018,서대전네거리,6,1107,210478,220094,대전교통공사_역별 수송실적_20181231.csv
2018,서대전네거리,7,1107,203450,214006,대전교통공사_역별 수송실적_20181231.csv
2018,서대전네거리,8,1107,194064,205985,대전교통공사_역별 수송실적_20181231.csv
2018,서대전네거리,9,1107,193358,201971,대전교통공사_역별 수송실적_20181231.csv
2018,서대전네거리,10,1107,226266,235518,대전교통공사_역별 수송실적_20181231.csv
2018,서대전네거리,11,1107,219461,229773,대전교통공사_역별 수송실적_20181231.csv
2018,서대전네거리,12,1107,219438,229957,대전교통공사_역별 수송실적_20181231.csv
2019,서대전네거리,1,1107,219280,230368,대전교통공사_역별 수송실적_20191231.csv
2019,서대전네거리,2,1107,188636,199106,대전교통공사_역별 수송실적_20191231.csv
2019,서대전네거리,3,1107,222990,233306,대전교통공사_역별 수송실적_20191231.csv
2019,서대전네거리,4,1107,220341,230838,대전교통공사_역별 수송실적_20191231.csv
2019,서대전네거리,5,1107,231140,241612,대전교통공사_역별 수송실적_20191231.csv
2019,서대전네거리,6,1107,210150,220323,대전교통공사_역별 수송실적_20191231.csv
2019,서대전네거리,7,1107,215949,227753,대전교통공사_역별 수송실적_20191231.csv
2019,서대전네거리,8,1107,198494,210066,대전교통공사_역별 수송실적_20191231.csv
2019,서대전네거리,9,1107,193147,203671,대전교통공사_역별 수송실적_20191231.csv
2019,서대전네거리,10,1107,216937,229140,대전교통공사_역별 수송실적_20191231.csv
2019,서대전네거리,11,1107,215955,226872,대전교통공사_역별 수송실적_20191231.csv
2019,서대전네거리,12,1107,222532,233291,대전교통공사_역별 수송실적_20191231.csv
2020,서대전네거리,1,1107,195727,206843,대전교통공사_역별 수송실적_20200531.csv
2020,서대전네거리,2,1107,150934,157877,대전교통공사_역별 수송실적_20200531.csv
2020,서대전네거리,3,1107,97774,102279,대전교통공사_역별 수송실적_20200531.csv
2020,서대전네거리,4,1107,115110,119196,대전교통공사_역별 수송실적_20200531.csv
2020,서대전네거리,5,1107,138647,145223,대전교통공사_역별 수송실적_20200531.csv
2020,서대전네거리,6,1107,133822,140139,대전교통공사_역별 수송실적_20211231.csv
2020,서대전네거리,7,1107,127685,134182,대전교통공사_역별 수송실적_20211231.csv
2020,서대전네거리,8,1107,122358,128436,대전교통공사_역별 수송실적_20211231.csv
2020,서대전네거리,9,1107,117795,123864,대전교통공사_역별 수송실적_20211231.csv
2020,서대전네거리,10,1107,134263,140348,대전교통공사_역별 수송실적_20211231.csv
2020,서대전네거리,11,1107,143538,150105,대전교통공사_역별 수송실적_20211231.csv
2020,서대전네거리,12,1107,124825,130660,대전교통공사_역별 수송실적_20211231.csv
2021,서대전네거리,1,1107,124872,130630,대전교통공사_역별 수송실적_20211231.csv
2021,서대전네거리,2,1107,120089,125156,대전교통공사_역별 수송실적_20211231.csv
2021,서대전네거리,3,1107,147869,154017,대전교통공사_역별 수송실적_20211231.csv
2021,서대전네거리,4,1107,139943,146969,대전교통공사_역별 수송실적_20211231.csv
2021,서대전네거리,5,1107,138604,145812,대전교통공사_역별 수송실적_20211231.csv
2021,서대전네거리,6,1107,141641,149938,대전교통공사_역별 수송실적_20211231.csv
2021,서대전네거리,7,1107,132928,140811,대전교통공사_역별 수송실적_20211231.csv
2021,서대전네거리,8,1107,116692,123806,대전교통공사_역별 수송실적_20211231.csv
2021,서대전네거리,9,1107,126306,132423,대전교통공사_역별 수송실적_20211231.csv
2021,서대전네거리,10,1107,142096,149730,대전교통공사_역별 수송실적_20211231.csv
2021,서대전네거리,11,1107,152659,161111,대전교통공사_역별 수송실적_20211231.csv
2021,서대전네거리,12,1107,147891,156995,대전교통공사_역별 수송실적_20211231.csv
2022,서대전네거리,1,1107,139057,147598,대전교통공사_역별 수송실적_20221231.csv
2022,서대전네거리,2,1107,115906,122535,대전교통공사_역별 수송실적_20221231.csv
2022,서대전네거리,3,1107,133457,141680,대전교통공사_역별 수송실적_20221231.csv
2022,서대전네거리,4,1107,145075,154529,대전교통공사_역별 수송실적_20221231.csv
2022,서대전네거리,5,1107,167143,176389,대전교통공사_역별 수송실적_20221231.csv
2022,서대전네거리,6,1107,157843,166343,대전교통공사_역별 수송실적_20221231.csv
2022,서대전네거리,7,1107,157560,166988,대전교통공사_역별 수송실적_20221231.csv
2022,서대전네거리,8,1107,145229,154128,대전교통공사_역별 수송실적_20221231.csv
2022,서대전네거리,9,1107,152472,161525,대전교통공사_역별 수송실적_20221231.csv
2022,서대전네거리,10,1107,170192,179891,대전교통공사_역별 수송실적_20221231.csv
2022,서대전네거리,11,1107,166232,175476,대전교통공사_역별 수송실적_20221231.csv
2022,서대전네거리,12,1107,170642,180281,대전교통공사_역별 수송실적_20221231.csv
2023,서대전네거리,1,1107,152154,160278,대전교통공사_역별 수송실적_20231231.csv
2023,서대전네거리,2,1107,156241,163510,대전교통공사_역별 수송실적_20231231.csv
2023,서대전네거리,3,1107,178736,186235,대전교통공사_역별 수송실적_20231231.csv
2023,서대전네거리,4,1107,164385,173417,대전교통공사_역별 수송실적_20231231.csv
2023,서대전네거리,5,1107,169373,178087,대전교통공사_역별 수송실적_20231231.csv
2023,서대전네거리,6,1107,165616,173704,대전교통공사_역별 수송실적_20231231.csv
2023,서대전네거리,7,1107,157439,164952,대전교통공사_역별 수송실적_20231231.csv
2023,서대전네거리,8,1107,170421,180813,대전교통공사_역별 수송실적_20231231.csv
2023,서대전네거리,9,1107,155981,163049,대전교통공사_역별 수송실적_20231231.csv
2023,서대전네거리,10,1107,180946,187916,대전교통공사_역별 수송실적_20231231.csv
2023,서대전네거리,11,1107,166149,173788,대전교통공사_역별 수송실적_20231231.csv
2023,서대전네거리,12,1107,167043,173552,대전교통공사_역별 수송실적_20231231.csv
2024,서대전네거리,1,1107,161491,167977,대전교통공사_역별 수송실적_20241231.csv
2024,서대전네거리,2,1107,147962,154298,대전교통공사_역별 수송실적_20241231.csv
2024,서대전네거리,3,1107,167686,174824,대전교통공사_역별 수송실적_20241231.csv
2024,서대전네거리,4,1107,168123,175698,대전교통공사_역별 수송실적_20241231.csv
2024,서대전네거리,5,1107,171508,179441,대전교통공사_역별 수송실적_20241231.csv
2024,서대전네거리,6,1107,153742,161976,대전교통공사_역별 수송실적_20241231.csv
2024,서대전네거리,7,1107,157703,165646,대전교통공사_역별 수송실적_20241231.csv
2024,서대전네거리,8,1107,162517,176145,대전교통공사_역별 수송실적_20241231.csv
2024,서대전네거리,9,1107,142096,151197,대전교통공사_역별 수송실적_20241231.csv
2024,서대전네거리,10,1107,162990,171188,대전교통공사_역별 수송실적_20241231.csv
2024,서대전네거리,11,1107,164387,172950,대전교통공사_역별 수송실적_20241231.csv
2024,서대전네거리,12,1107,166311,175019,대전교통공사_역별 수송실적_20241231.csv
2026,서대전네거리,1,1107,164439,170982,대전교통공사_역별 수송실적_20260731.csv
2026,서대전네거리,2,1107,143504,148741,대전교통공사_역별 수송실적_20260731.csv
2026,서대전네거리,3,1107,175337,182381,대전교통공사_역별 수송실적_20260731.csv
2026,서대전네거리,4,1107,181381,188059,대전교통공사_역별 수송실적_20260731.csv
2026,서대전네거리,5,1107,175371,184193,대전교통공사_역별 수송실적_20260731.csv
2026,서대전네거리,6,1107,169431,178405,대전교통공사_역별 수송실적_20260731.csv
2026,서대전네거리,7,1107,163887,171773,대전교통공사_역별 수송실적_20260731.csv
2015,시청,1,1111,257499,279492,대전교통공사_역별 수송실적_20151231.csv
2015,시청,2,1111,212537,231948,대전교통공사_역별 수송실적_20151231.csv
2015,시청,3,1111,244560,267168,대전교통공사_역별 수송실적_20151231.csv
2015,시청,4,1111,234969,256849,대전교통공사_역별 수송실적_20151231.csv
2015,시청,5,1111,239125,259496,대전교통공사_역별 수송실적_20151231.csv
2015,시청,6,1111,197407,216631,대전교통공사_역별 수송실적_20151231.csv
2015,시청,7,1111,239081,261438,대전교통공사_역별 수송실적_20151231.csv
2015,시청,8,1111,226607,246055,대전교통공사_역별 수송실적_20151231.csv
2015,시청,9,1111,220134,240641,대전교통공사_역별 수송실적_20151231.csv
2015,시청,10,1111,235137,255423,대전교통공사_역별 수송실적_20151231.csv
2015,시청,11,1111,229521,249634,대전교통공사_역별 수송실적_20151231.csv
2015,시청,12,1111,252730,278638,대전교통공사_역별 수송실적_20151231.csv
2016,시청,1,1111,246792,264458,대전교통공사_역별 수송실적_20161231.csv
2016,시청,2,1111,220653,239177,대전교통공사_역별 수송실적_20161231.csv
2016,시청,3,1111,243704,263443,대전교통공사_역별 수송실적_20161231.csv
2016,시청,4,1111,229977,249952,대전교통공사_역별 수송실적_20161231.csv
2016,시청,5,1111,236060,256405,대전교통공사_역별 수송실적_20161231.csv
2016,시청,6,1111,227846,247507,대전교통공사_역별 수송실적_20161231.csv
2016,시청,7,1111,239782,258378,대전교통공사_역별 수송실적_20161231.csv
2016,시청,8,1111,228994,246753,대전교통공사_역별 수송실적_20161231.csv
2016,시청,9,1111,211172,230725,대전교통공사_역별 수송실적_20161231.csv
2016,시청,10,1111,227859,247749,대전교통공사_역별 수송실적_20161231.csv
2016,시청,11,1111,231941,253458,대전교통공사_역별 수송실적_20161231.csv
2016,시청,12,1111,250892,276371,대전교통공사_역별 수송실적_20161231.csv
2017,시청,1,1111,238379,258937,대전교통공사_역별 수송실적_20171231.csv
2017,시청,2,1111,241025,261589,대전교통공사_역별 수송실적_20171231.csv
2017,시청,3,1111,243053,265507,대전교통공사_역별 수송실적_20171231.csv
2017,시청,4,1111,223137,242867,대전교통공사_역별 수송실적_20171231.csv
2017,시청,5,1111,232729,252252,대전교통공사_역별 수송실적_20171231.csv
2017,시청,6,1111,227366,246416,대전교통공사_역별 수송실적_20171231.csv
2017,시청,7,1111,234092,249596,대전교통공사_역별 수송실적_20171231.csv
2017,시청,8,1111,228399,243645,대전교통공사_역별 수송실적_20171231.csv
2017,시청,9,1111,231467,250435,대전교통공사_역별 수송실적_20171231.csv
2017,시청,10,1111,202956,220118,대전교통공사_역별 수송실적_20171231.csv
2017,시청,11,1111,229787,247996,대전교통공사_역별 수송실적_20171231.csv
2017,시청,12,1111,238152,257458,대전교통공사_역별 수송실적_20171231.csv
2018,시청,1,1111,251064,267065,대전교통공사_역별 수송실적_20181231.csv
2018,시청,2,1111,210406,224643,대전교통공사_역별 수송실적_20181231.csv
2018,시청,3,1111,237603,255727,대전교통공사_역별 수송실적_20181231.csv
2018,시청,4,1111,222779,239059,대전교통공사_역별 수송실적_20181231.csv
2018,시청,5,1111,235987,251878,대전교통공사_역별 수송실적_20181231.csv
2018,시청,6,1111,222799,237191,대전교통공사_역별 수송실적_20181231.csv
2018,시청,7,1111,231981,244190,대전교통공사_역별 수송실적_20181231.csv
2018,시청,8,1111,219836,231598,대전교통공사_역별 수송실적_20181231.csv
2018,시청,9,1111,205278,218308,대전교통공사_역별 수송실적_20181231.csv
2018,시청,10,1111,232173,246615,대전교통공사_역별 수송실적_20181231.csv
2018,시청,11,1111,231676,246104,대전교통공사_역별 수송실적_20181231.csv
2018,시청,12,1111,235978,251070,대전교통공사_역별 수송실적_20181231.csv
2019,시청,1,1111,249661,262497,대전교통공사_역별 수송실적_20191231.csv
2019,시청,2,1111,207601,218843,대전교통공사_역별 수송실적_20191231.csv
2019,시청,3,1111,230631,245325,대전교통공사_역별 수송실적_20191231.csv
2019,시청,4,1111,227035,241544,대전교통공사_역별 수송실적_20191231.csv
2019,시청,5,1111,239782,257170,대전교통공사_역별 수송실적_20191231.csv
2019,시청,6,1111,219821,232601,대전교통공사_역별 수송실적_20191231.csv
2019,시청,7,1111,243356,256142,대전교통공사_역별 수송실적_20191231.csv
2019,시청,8,1111,226702,236938,대전교통공사_역별 수송실적_20191231.csv
2019,시청,9,1111,209190,223528,대전교통공사_역별 수송실적_20191231.csv
2019,시청,10,1111,232719,246186,대전교통공사_역별 수송실적_20191231.csv
2019,시청,11,1111,228583,243687,대전교통공사_역별 수송실적_20191231.csv
2019,시청,12,1111,243570,258798,대전교통공사_역별 수송실적_20191231.csv
2020,시청,1,1111,229647,240866,대전교통공사_역별 수송실적_20200531.csv
2020,시청,2,1111,182695,191688,대전교통공사_역별 수송실적_20200531.csv
2020,시청,3,1111,116903,121941,대전교통공사_역별 수송실적_20200531.csv
2020,시청,4,1111,136378,142378,대전교통공사_역별 수송실적_20200531.csv
2020,시청,5,1111,164595,173226,대전교통공사_역별 수송실적_20200531.csv
2020,시청,6,1111,156422,166285,대전교통공사_역별 수송실적_20211231.csv
2020,시청,7,1111,160643,171690,대전교통공사_역별 수송실적_20211231.csv
2020,시청,8,1111,151145,158616,대전교통공사_역별 수송실적_20211231.csv
2020,시청,9,1111,142980,150492,대전교통공사_역별 수송실적_20211231.csv
2020,시청,10,1111,154564,165243,대전교통공사_역별 수송실적_20211231.csv
2020,시청,11,1111,167048,177872,대전교통공사_역별 수송실적_20211231.csv
2020,시청,12,1111,147267,153878,대전교통공사_역별 수송실적_20211231.csv
2021,시청,1,1111,161858,166260,대전교통공사_역별 수송실적_20211231.csv
2021,시청,2,1111,154030,158525,대전교통공사_역별 수송실적_20211231.csv
2021,시청,3,1111,176640,186177,대전교통공사_역별 수송실적_20211231.csv
2021,시청,4,1111,166701,172227,대전교통공사_역별 수송실적_20211231.csv
2021,시청,5,1111,163721,170228,대전교통공사_역별 수송실적_20211231.csv
2021,시청,6,1111,169202,174930,대전교통공사_역별 수송실적_20211231.csv
2021,시청,7,1111,167941,171294,대전교통공사_역별 수송실적_20211231.csv
2021,시청,8,1111,153430,154616,대전교통공사_역별 수송실적_20211231.csv
2021,시청,9,1111,153159,157129,대전교통공사_역별 수송실적_20211231.csv
2021,시청,10,1111,168627,173263,대전교통공사_역별 수송실적_20211231.csv
2021,시청,11,1111,184039,191019,대전교통공사_역별 수송실적_20211231.csv
2021,시청,12,1111,186248,190351,대전교통공사_역별 수송실적_20211231.csv
2022,시청,1,1111,189916,188655,대전교통공사_역별 수송실적_20221231.csv
2022,시청,2,1111,159807,159423,대전교통공사_역별 수송실적_20221231.csv
2022,시청,3,1111,168984,172442,대전교통공사_역별 수송실적_20221231.csv
2022,시청,4,1111,178231,185020,대전교통공사_역별 수송실적_20221231.csv
2022,시청,5,1111,198586,207261,대전교통공사_역별 수송실적_20221231.csv
2022,시청,6,1111,190946,198065,대전교통공사_역별 수송실적_20221231.csv
2022,시청,7,1111,201043,205867,대전교통공사_역별 수송실적_20221231.csv
2022,시청,8,1111,192033,194699,대전교통공사_역별 수송실적_20221231.csv
2022,시청,9,1111,184989,193512,대전교통공사_역별 수송실적_20221231.csv
2022,시청,10,1111,198501,206034,대전교통공사_역별 수송실적_20221231.csv
2022,시청,11,1111,200322,208630,대전교통공사_역별 수송실적_20221231.csv
2022,시청,12,1111,209440,215740,대전교통공사_역별 수송실적_20221231.csv
2023,시청,1,1111,203042,206841,대전교통공사_역별 수송실적_20231231.csv
2023,시청,2,1111,208782,212489,대전교통공사_역별 수송실적_20231231.csv
2023,시청,3,1111,215622,224443,대전교통공사_역별 수송실적_20231231.csv
2023,시청,4,1111,201171,209019,대전교통공사_역별 수송실적_20231231.csv
2023,시청,5,1111,211900,219794,대전교통공사_역별 수송실적_20231231.csv
2023,시청,6,1111,208804,216593,대전교통공사_역별 수송실적_20231231.csv
2023,시청,7,1111,215450,220428,대전교통공사_역별 수송실적_20231231.csv
2023,시청,8,1111,220703,225275,대전교통공사_역별 수송실적_20231231.csv
2023,시청,9,1111,200049,207642,대전교통공사_역별 수송실적_20231231.csv
2023,시청,10,1111,211646,222092,대전교통공사_역별 수송실적_20231231.csv
2023,시청,11,1111,213078,223653,대전교통공사_역별 수송실적_20231231.csv
2023,시청,12,1111,214266,224371,대전교통공사_역별 수송실적_20231231.csv
2024,시청,1,1111,233114,239946,대전교통공사_역별 수송실적_20241231.csv
2024,시청,2,1111,207447,214217,대전교통공사_역별 수송실적_20241231.csv
2024,시청,3,1111,215847,226228,대전교통공사_역별 수송실적_20241231.csv
2024,시청,4,1111,212905,223439,대전교통공사_역별 수송실적_20241231.csv
2024,시청,5,1111,217657,228388,대전교통공사_역별 수송실적_20241231.csv
2024,시청,6,1111,204618,213265,대전교통공사_역별 수송실적_20241231.csv
2024,시청,7,1111,223942,232920,대전교통공사_역별 수송실적_20241231.csv
2024,시청,8,1111,218857,224174,대전교통공사_역별 수송실적_20241231.csv
2024,시청,9,1111,191781,199420,대전교통공사_역별 수송실적_20241231.csv
2024,시청,10,1111,214931,223704,대전교통공사_역별 수송실적_20241231.csv
2024,시청,11,1111,213283,223183,대전교통공사_역별 수송실적_20241231.csv
2024,시청,12,1111,215508,225503,대전교통공사_역별 수송실적_20241231.csv
2026,시청,1,1111,232169,238714,대전교통공사_역별 수송실적_20260731.csv
2026,시청,2,1111,200079,207567,대전교통공사_역별 수송실적_20260731.csv
2026,시청,3,1111,231426,244012,대전교통공사_역별 수송실적_20260731.csv
2026,시청,4,1111,238145,251827,대전교통공사_역별 수송실적_20260731.csv
2026,시청,5,1111,229448,240708,대전교통공사_역별 수송실적_20260731.csv
2026,시청,6,1111,228784,240534,대전교통공사_역별 수송실적_20260731.csv
2026,시청,7,1111,233268,242086,대전교통공사_역별 수송실적_20260731.csv
2015,신흥,1,1102,58101,48494,대전교통공사_역별 수송실적_20151231.csv
2015,신흥,2,1102,49917,42365,대전교통공사_역별 수송실적_20151231.csv
2015,신흥,3,1102,62109,52610,대전교통공사_역별 수송실적_20151231.csv
2015,신흥,4,1102,61918,52701,대전교통공사_역별 수송실적_20151231.csv
2015,신흥,5,1102,64596,54745,대전교통공사_역별 수송실적_20151231.csv
2015,신흥,6,1102,54061,45753,대전교통공사_역별 수송실적_20151231.csv
2015,신흥,7,1102,59549,51486,대전교통공사_역별 수송실적_20151231.csv
2015,신흥,8,1102,57959,50197,대전교통공사_역별 수송실적_20151231.csv
2015,신흥,9,1102,60526,51938,대전교통공사_역별 수송실적_20151231.csv
2015,신흥,10,1102,64591,55817,대전교통공사_역별 수송실적_20151231.csv
2015,신흥,11,1102,60958,52360,대전교통공사_역별 수송실적_20151231.csv
2015,신흥,12,1102,65425,55359,대전교통공사_역별 수송실적_20151231.csv
2016,신흥,1,1102,59586,51283,대전교통공사_역별 수송실적_20161231.csv
2016,신흥,2,1102,55094,46601,대전교통공사_역별 수송실적_20161231.csv
2016,신흥,3,1102,65989,56187,대전교통공사_역별 수송실적_20161231.csv
2016,신흥,4,1102,63771,54425,대전교통공사_역별 수송실적_20161231.csv
2016,신흥,5,1102,65706,56127,대전교통공사_역별 수송실적_20161231.csv
2016,신흥,6,1102,63041,54139,대전교통공사_역별 수송실적_20161231.csv
2016,신흥,7,1102,60482,52666,대전교통공사_역별 수송실적_20161231.csv
2016,신흥,8,1102,59989,51518,대전교통공사_역별 수송실적_20161231.csv
2016,신흥,9,1102,59150,50455,대전교통공사_역별 수송실적_20161231.csv
2016,신흥,10,1102,63545,54843,대전교통공사_역별 수송실적_20161231.csv
2016,신흥,11,1102,62870,53849,대전교통공사_역별 수송실적_20161231.csv
2016,신흥,12,1102,65707,56109,대전교통공사_역별 수송실적_20161231.csv
2017,신흥,1,1102,59941,50550,대전교통공사_역별 수송실적_20171231.csv
2017,신흥,2,1102,58175,49245,대전교통공사_역별 수송실적_20171231.csv
2017,신흥,3,1102,65252,56282,대전교통공사_역별 수송실적_20171231.csv
2017,신흥,4,1102,62937,54969,대전교통공사_역별 수송실적_20171231.csv
2017,신흥,5,1102,64392,56470,대전교통공사_역별 수송실적_20171231.csv
2017,신흥,6,1102,62965,54975,대전교통공사_역별 수송실적_20171231.csv
2017,신흥,7,1102,60740,52998,대전교통공사_역별 수송실적_20171231.csv
2017,신흥,8,1102,60507,52941,대전교통공사_역별 수송실적_20171231.csv
2017,신흥,9,1102,64046,56009,대전교통공사_역별 수송실적_20171231.csv
2017,신흥,10,1102,58194,50567,대전교통공사_역별 수송실적_20171231.csv
2017,신흥,11,1102,62434,54458,대전교통공사_역별 수송실적_20171231.csv
2017,신흥,12,1102,63438,53820,대전교통공사_역별 수송실적_20171231.csv
2018,신흥,1,1102,61193,52844,대전교통공사_역별 수송실적_20181231.csv
2018,신흥,2,1102,52700,45790,대전교통공사_역별 수송실적_20181231.csv
2018,신흥,3,1102,63580,55355,대전교통공사_역별 수송실적_20181231.csv
2018,신흥,4,1102,61863,53571,대전교통공사_역별 수송실적_20181231.csv
2018,신흥,5,1102,63519,56186,대전교통공사_역별 수송실적_20181231.csv
2018,신흥,6,1102,61395,53926,대전교통공사_역별 수송실적_20181231.csv
2018,신흥,7,1102,60687,53942,대전교통공사_역별 수송실적_20181231.csv
2018,신흥,8,1102,59520,52382,대전교통공사_역별 수송실적_20181231.csv
2018,신흥,9,1102,58092,51538,대전교통공사_역별 수송실적_20181231.csv
2018,신흥,10,1102,63444,56850,대전교통공사_역별 수송실적_20181231.csv
2018,신흥,11,1102,62274,54728,대전교통공사_역별 수송실적_20181231.csv
2018,신흥,12,1102,61780,53708,대전교통공사_역별 수송실적_20181231.csv
2019,신흥,1,1102,61970,54172,대전교통공사_역별 수송실적_20191231.csv
2019,신흥,2,1102,52821,45688,대전교통공사_역별 수송실적_20191231.csv
2019,신흥,3,1102,61356,54543,대전교통공사_역별 수송실적_20191231.csv
2019,신흥,4,1102,61330,54576,대전교통공사_역별 수송실적_20191231.csv
2019,신흥,5,1102,64946,57973,대전교통공사_역별 수송실적_20191231.csv
2019,신흥,6,1102,59454,53510,대전교통공사_역별 수송실적_20191231.csv
2019,신흥,7,1102,62775,55909,대전교통공사_역별 수송실적_20191231.csv
2019,신흥,8,1102,58684,52543,대전교통공사_역별 수송실적_20191231.csv
2019,신흥,9,1102,56696,50430,대전교통공사_역별 수송실적_20191231.csv
2019,신흥,10,1102,63130,56119,대전교통공사_역별 수송실적_20191231.csv
2019,신흥,11,1102,60834,53977,대전교통공사_역별 수송실적_20191231.csv
2019,신흥,12,1102,62698,54993,대전교통공사_역별 수송실적_20191231.csv
2020,신흥,1,1102,56982,49665,대전교통공사_역별 수송실적_20200531.csv
2020,신흥,2,1102,45140,39334,대전교통공사_역별 수송실적_20200531.csv
2020,신흥,3,1102,32004,27875,대전교통공사_역별 수송실적_20200531.csv
2020,신흥,4,1102,36001,31313,대전교통공사_역별 수송실적_20200531.csv
2020,신흥,5,1102,42183,37082,대전교통공사_역별 수송실적_20200531.csv
2020,신흥,6,1102,40735,36610,대전교통공사_역별 수송실적_20211231.csv
2020,신흥,7,1102,39215,34641,대전교통공사_역별 수송실적_20211231.csv
2020,신흥,8,1102,38269,33873,대전교통공사_역별 수송실적_20211231.csv
2020,신흥,9,1102,37124,33216,대전교통공사_역별 수송실적_20211231.csv
2020,신흥,10,1102,40214,35722,대전교통공사_역별 수송실적_20211231.csv
2020,신흥,11,1102,42478,38159,대전교통공사_역별 수송실적_20211231.csv
2020,신흥,12,1102,37774,34220,대전교통공사_역별 수송실적_20211231.csv
2021,신흥,1,1102,36850,32932,대전교통공사_역별 수송실적_20211231.csv
2021,신흥,2,1102,35169,31175,대전교통공사_역별 수송실적_20211231.csv
2021,신흥,3,1102,42813,38717,대전교통공사_역별 수송실적_20211231.csv
2021,신흥,4,1102,40405,36836,대전교통공사_역별 수송실적_20211231.csv
2021,신흥,5,1102,40218,36482,대전교통공사_역별 수송실적_20211231.csv
2021,신흥,6,1102,41548,37877,대전교통공사_역별 수송실적_20211231.csv
2021,신흥,7,1102,40066,36366,대전교통공사_역별 수송실적_20211231.csv
2021,신흥,8,1102,36109,33081,대전교통공사_역별 수송실적_20211231.csv
2021,신흥,9,1102,37630,34563,대전교통공사_역별 수송실적_20211231.csv
2021,신흥,10,1102,41001,37992,대전교통공사_역별 수송실적_20211231.csv
2021,신흥,11,1102,42989,39131,대전교통공사_역별 수송실적_20211231.csv
2021,신흥,12,1102,41527,38113,대전교통공사_역별 수송실적_20211231.csv
2022,신흥,1,1102,39445,36617,대전교통공사_역별 수송실적_20221231.csv
2022,신흥,2,1102,33392,30618,대전교통공사_역별 수송실적_20221231.csv
2022,신흥,3,1102,38323,36179,대전교통공사_역별 수송실적_20221231.csv
2022,신흥,4,1102,41889,39030,대전교통공사_역별 수송실적_20221231.csv
2022,신흥,5,1102,46521,42948,대전교통공사_역별 수송실적_20221231.csv
2022,신흥,6,1102,44179,40385,대전교통공사_역별 수송실적_20221231.csv
2022,신흥,7,1102,43475,39866,대전교통공사_역별 수송실적_20221231.csv
2022,신흥,8,1102,41033,38152,대전교통공사_역별 수송실적_20221231.csv
2022,신흥,9,1102,42467,39316,대전교통공사_역별 수송실적_20221231.csv
2022,신흥,10,1102,45327,42218,대전교통공사_역별 수송실적_20221231.csv
2022,신흥,11,1102,45198,41319,대전교통공사_역별 수송실적_20221231.csv
2022,신흥,12,1102,46316,42010,대전교통공사_역별 수송실적_20221231.csv
2023,신흥,1,1102,42346,38462,대전교통공사_역별 수송실적_20231231.csv
2023,신흥,2,1102,42899,38531,대전교통공사_역별 수송실적_20231231.csv
2023,신흥,3,1102,48647,44405,대전교통공사_역별 수송실적_20231231.csv
2023,신흥,4,1102,46330,42459,대전교통공사_역별 수송실적_20231231.csv
2023,신흥,5,1102,48318,44344,대전교통공사_역별 수송실적_20231231.csv
2023,신흥,6,1102,47023,42755,대전교통공사_역별 수송실적_20231231.csv
2023,신흥,7,1102,45663,42181,대전교통공사_역별 수송실적_20231231.csv
2023,신흥,8,1102,49638,45905,대전교통공사_역별 수송실적_20231231.csv
2023,신흥,9,1102,45584,41945,대전교통공사_역별 수송실적_20231231.csv
2023,신흥,10,1102,46904,42446,대전교통공사_역별 수송실적_20231231.csv
2023,신흥,11,1102,46173,43058,대전교통공사_역별 수송실적_20231231.csv
2023,신흥,12,1102,46130,42528,대전교통공사_역별 수송실적_20231231.csv
2024,신흥,1,1102,45098,41037,대전교통공사_역별 수송실적_20241231.csv
2024,신흥,2,1102,41407,37442,대전교통공사_역별 수송실적_20241231.csv
2024,신흥,3,1102,45729,42564,대전교통공사_역별 수송실적_20241231.csv
2024,신흥,4,1102,46157,42373,대전교통공사_역별 수송실적_20241231.csv
2024,신흥,5,1102,47178,43715,대전교통공사_역별 수송실적_20241231.csv
2024,신흥,6,1102,43502,40323,대전교통공사_역별 수송실적_20241231.csv
2024,신흥,7,1102,45722,42186,대전교통공사_역별 수송실적_20241231.csv
2024,신흥,8,1102,48879,45124,대전교통공사_역별 수송실적_20241231.csv
2024,신흥,9,1102,45148,41901,대전교통공사_역별 수송실적_20241231.csv
2024,신흥,10,1102,50509,47161,대전교통공사_역별 수송실적_20241231.csv
2024,신흥,11,1102,50490,47261,대전교통공사_역별 수송실적_20241231.csv
2024,신흥,12,1102,50840,46939,대전교통공사_역별 수송실적_20241231.csv
2026,신흥,1,1102,62805,57356,대전교통공사_역별 수송실적_20260731.csv
2026,신흥,2,1102,54812,49714,대전교통공사_역별 수송실적_20260731.csv
2026,신흥,3,1102,65765,61607,대전교통공사_역별 수송실적_20260731.csv
2026,신흥,4,1102,67315,63714,대전교통공사_역별 수송실적_20260731.csv
2026,신흥,5,1102,65483,61556,대전교통공사_역별 수송실적_20260731.csv
2026,신흥,6,1102,63919,61090,대전교통공사_역별 수송실적_20260731.csv
2026,신흥,7,1102,62800,59750,대전교통공사_역별 수송실적_20260731.csv
2015,오룡,1,1108,142741,130328,대전교통공사_역별 수송실적_20151231.csv
2015,오룡,2,1108,121703,110466,대전교통공사_역별 수송실적_20151231.csv
2015,오룡,3,1108,151710,136124,대전교통공사_역별 수송실적_20151231.csv
2015,오룡,4,1108,150410,135141,대전교통공사_역별 수송실적_20151231.csv
2015,오룡,5,1108,146593,131859,대전교통공사_역별 수송실적_20151231.csv
2015,오룡,6,1108,123715,111366,대전교통공사_역별 수송실적_20151231.csv
2015,오룡,7,1108,138421,123444,대전교통공사_역별 수송실적_20151231.csv
2015,오룡,8,1108,130275,116287,대전교통공사_역별 수송실적_20151231.csv
2015,오룡,9,1108,137059,121660,대전교통공사_역별 수송실적_20151231.csv
2015,오룡,10,1108,147111,130669,대전교통공사_역별 수송실적_20151231.csv
2015,오룡,11,1108,145327,129596,대전교통공사_역별 수송실적_20151231.csv
2015,오룡,12,1108,149517,134366,대전교통공사_역별 수송실적_20151231.csv
2016,오룡,1,1108,134027,121172,대전교통공사_역별 수송실적_20161231.csv
2016,오룡,2,1108,120153,109453,대전교통공사_역별 수송실적_20161231.csv
2016,오룡,3,1108,150280,134862,대전교통공사_역별 수송실적_20161231.csv
2016,오룡,4,1108,142078,127689,대전교통공사_역별 수송실적_20161231.csv
2016,오룡,5,1108,144658,130293,대전교통공사_역별 수송실적_20161231.csv
2016,오룡,6,1108,138058,123451,대전교통공사_역별 수송실적_20161231.csv
2016,오룡,7,1108,133207,118425,대전교통공사_역별 수송실적_20161231.csv
2016,오룡,8,1108,129128,115236,대전교통공사_역별 수송실적_20161231.csv
2016,오룡,9,1108,127498,112814,대전교통공사_역별 수송실적_20161231.csv
2016,오룡,10,1108,138377,123346,대전교통공사_역별 수송실적_20161231.csv
2016,오룡,11,1108,142298,126383,대전교통공사_역별 수송실적_20161231.csv
2016,오룡,12,1108,144765,129777,대전교통공사_역별 수송실적_20161231.csv
2017,오룡,1,1108,129169,116866,대전교통공사_역별 수송실적_20171231.csv
2017,오룡,2,1108,129219,117364,대전교통공사_역별 수송실적_20171231.csv
2017,오룡,3,1108,149878,134948,대전교통공사_역별 수송실적_20171231.csv
2017,오룡,4,1108,140987,125714,대전교통공사_역별 수송실적_20171231.csv
2017,오룡,5,1108,143593,128545,대전교통공사_역별 수송실적_20171231.csv
2017,오룡,6,1108,139887,124947,대전교통공사_역별 수송실적_20171231.csv
2017,오룡,7,1108,131821,118864,대전교통공사_역별 수송실적_20171231.csv
2017,오룡,8,1108,133209,120171,대전교통공사_역별 수송실적_20171231.csv
2017,오룡,9,1108,143874,129363,대전교통공사_역별 수송실적_20171231.csv
2017,오룡,10,1108,124738,112810,대전교통공사_역별 수송실적_20171231.csv
2017,오룡,11,1108,142841,129123,대전교통공사_역별 수송실적_20171231.csv
2017,오룡,12,1108,139588,127064,대전교통공사_역별 수송실적_20171231.csv
2018,오룡,1,1108,134608,123976,대전교통공사_역별 수송실적_20181231.csv
2018,오룡,2,1108,115686,106426,대전교통공사_역별 수송실적_20181231.csv
2018,오룡,3,1108,142954,129793,대전교통공사_역별 수송실적_20181231.csv
2018,오룡,4,1108,140305,127318,대전교통공사_역별 수송실적_20181231.csv
2018,오룡,5,1108,143179,129891,대전교통공사_역별 수송실적_20181231.csv
2018,오룡,6,1108,133230,121544,대전교통공사_역별 수송실적_20181231.csv
2018,오룡,7,1108,130369,117865,대전교통공사_역별 수송실적_20181231.csv
2018,오룡,8,1108,126991,114393,대전교통공사_역별 수송실적_20181231.csv
2018,오룡,9,1108,123779,111467,대전교통공사_역별 수송실적_20181231.csv
2018,오룡,10,1108,140016,125518,대전교통공사_역별 수송실적_20181231.csv
2018,오룡,11,1108,140506,126659,대전교통공사_역별 수송실적_20181231.csv
2018,오룡,12,1108,136414,123659,대전교통공사_역별 수송실적_20181231.csv
2019,오룡,1,1108,134908,122901,대전교통공사_역별 수송실적_20191231.csv
2019,오룡,2,1108,112600,102986,대전교통공사_역별 수송실적_20191231.csv
2019,오룡,3,1108,140071,126863,대전교통공사_역별 수송실적_20191231.csv
2019,오룡,4,1108,139636,126638,대전교통공사_역별 수송실적_20191231.csv
2019,오룡,5,1108,145868,131295,대전교통공사_역별 수송실적_20191231.csv
2019,오룡,6,1108,130431,117745,대전교통공사_역별 수송실적_20191231.csv
2019,오룡,7,1108,136299,123017,대전교통공사_역별 수송실적_20191231.csv
2019,오룡,8,1108,126598,115365,대전교통공사_역별 수송실적_20191231.csv
2019,오룡,9,1108,125222,113147,대전교통공사_역별 수송실적_20191231.csv
2019,오룡,10,1108,139431,126388,대전교통공사_역별 수송실적_20191231.csv
2019,오룡,11,1108,140445,128176,대전교통공사_역별 수송실적_20191231.csv
2019,오룡,12,1108,141533,128435,대전교통공사_역별 수송실적_20191231.csv
2020,오룡,1,1108,124935,114486,대전교통공사_역별 수송실적_20200531.csv
2020,오룡,2,1108,99297,92407,대전교통공사_역별 수송실적_20200531.csv
2020,오룡,3,1108,69316,63824,대전교통공사_역별 수송실적_20200531.csv
2020,오룡,4,1108,78203,72503,대전교통공사_역별 수송실적_20200531.csv
2020,오룡,5,1108,94757,87063,대전교통공사_역별 수송실적_20200531.csv
2020,오룡,6,1108,96178,87532,대전교통공사_역별 수송실적_20211231.csv
2020,오룡,7,1108,92427,84049,대전교통공사_역별 수송실적_20211231.csv
2020,오룡,8,1108,85224,77808,대전교통공사_역별 수송실적_20211231.csv
2020,오룡,9,1108,84949,76711,대전교통공사_역별 수송실적_20211231.csv
2020,오룡,10,1108,93248,84214,대전교통공사_역별 수송실적_20211231.csv
2020,오룡,11,1108,99587,90934,대전교통공사_역별 수송실적_20211231.csv
2020,오룡,12,1108,89257,82464,대전교통공사_역별 수송실적_20211231.csv
2021,오룡,1,1108,87335,81382,대전교통공사_역별 수송실적_20211231.csv
2021,오룡,2,1108,81881,76149,대전교통공사_역별 수송실적_20211231.csv
2021,오룡,3,1108,101233,92577,대전교통공사_역별 수송실적_20211231.csv
2021,오룡,4,1108,97633,89357,대전교통공사_역별 수송실적_20211231.csv
2021,오룡,5,1108,94257,87303,대전교통공사_역별 수송실적_20211231.csv
2021,오룡,6,1108,97285,89031,대전교통공사_역별 수송실적_20211231.csv
2021,오룡,7,1108,89762,83115,대전교통공사_역별 수송실적_20211231.csv
2021,오룡,8,1108,79875,75064,대전교통공사_역별 수송실적_20211231.csv
2021,오룡,9,1108,85595,79096,대전교통공사_역별 수송실적_20211231.csv
2021,오룡,10,1108,95384,86794,대전교통공사_역별 수송실적_20211231.csv
2021,오룡,11,1108,102537,93867,대전교통공사_역별 수송실적_20211231.csv
2021,오룡,12,1108,100310,92613,대전교통공사_역별 수송실적_20211231.csv
2022,오룡,1,1108,92871,87095,대전교통공사_역별 수송실적_20221231.csv
2022,오룡,2,1108,78748,74209,대전교통공사_역별 수송실적_20221231.csv
2022,오룡,3,1108,92594,86227,대전교통공사_역별 수송실적_20221231.csv
2022,오룡,4,1108,100731,92273,대전교통공사_역별 수송실적_20221231.csv
2022,오룡,5,1108,112992,102419,대전교통공사_역별 수송실적_20221231.csv
2022,오룡,6,1108,108087,98136,대전교통공사_역별 수송실적_20221231.csv
2022,오룡,7,1108,108036,97049,대전교통공사_역별 수송실적_20221231.csv
2022,오룡,8,1108,102967,93049,대전교통공사_역별 수송실적_20221231.csv
2022,오룡,9,1108,107226,94865,대전교통공사_역별 수송실적_20221231.csv
2022,오룡,10,1108,114571,102225,대전교통공사_역별 수송실적_20221231.csv
2022,오룡,11,1108,116260,104747,대전교통공사_역별 수송실적_20221231.csv
2022,오룡,12,1108,117116,105834,대전교통공사_역별 수송실적_20221231.csv
2023,오룡,1,1108,104945,95948,대전교통공사_역별 수송실적_20231231.csv
2023,오룡,2,1108,108461,98098,대전교통공사_역별 수송실적_20231231.csv
2023,오룡,3,1108,125404,113421,대전교통공사_역별 수송실적_20231231.csv
2023,오룡,4,1108,118034,107287,대전교통공사_역별 수송실적_20231231.csv
2023,오룡,5,1108,121841,110439,대전교통공사_역별 수송실적_20231231.csv
2023,오룡,6,1108,117680,106317,대전교통공사_역별 수송실적_20231231.csv
2023,오룡,7,1108,112021,100911,대전교통공사_역별 수송실적_20231231.csv
2023,오룡,8,1108,117164,105886,대전교통공사_역별 수송실적_20231231.csv
2023,오룡,9,1108,111679,98822,대전교통공사_역별 수송실적_20231231.csv
2023,오룡,10,1108,116990,104793,대전교통공사_역별 수송실적_20231231.csv
2023,오룡,11,1108,118815,105986,대전교통공사_역별 수송실적_20231231.csv
2023,오룡,12,1108,116814,104674,대전교통공사_역별 수송실적_20231231.csv
2024,오룡,1,1108,114526,103458,대전교통공사_역별 수송실적_20241231.csv
2024,오룡,2,1108,104010,94196,대전교통공사_역별 수송실적_20241231.csv
2024,오룡,3,1108,117603,105591,대전교통공사_역별 수송실적_20241231.csv
2024,오룡,4,1108,117886,105271,대전교통공사_역별 수송실적_20241231.csv
2024,오룡,5,1108,119695,106969,대전교통공사_역별 수송실적_20241231.csv
2024,오룡,6,1108,110875,99261,대전교통공사_역별 수송실적_20241231.csv
2024,오룡,7,1108,115220,102270,대전교통공사_역별 수송실적_20241231.csv
2024,오룡,8,1108,114923,101994,대전교통공사_역별 수송실적_20241231.csv
2024,오룡,9,1108,105829,93405,대전교통공사_역별 수송실적_20241231.csv
2024,오룡,10,1108,119910,105558,대전교통공사_역별 수송실적_20241231.csv
2024,오룡,11,1108,120839,107217,대전교통공사_역별 수송실적_20241231.csv
2024,오룡,12,1108,119097,105808,대전교통공사_역별 수송실적_20241231.csv
2026,오룡,1,1108,115486,104340,대전교통공사_역별 수송실적_20260731.csv
2026,오룡,2,1108,103416,92653,대전교통공사_역별 수송실적_20260731.csv
2026,오룡,3,1108,130687,116388,대전교통공사_역별 수송실적_20260731.csv
2026,오룡,4,1108,135093,120655,대전교통공사_역별 수송실적_20260731.csv
2026,오룡,5,1108,127843,112342,대전교통공사_역별 수송실적_20260731.csv
2026,오룡,6,1108,126004,109763,대전교통공사_역별 수송실적_20260731.csv
2026,오룡,7,1108,121014,107134,대전교통공사_역별 수송실적_20260731.csv
2015,용문,1,1109,237933,241023,대전교통공사_역별 수송실적_20151231.csv
2015,용문,2,1109,201225,203880,대전교통공사_역별 수송실적_20151231.csv
2015,용문,3,1109,245918,250054,대전교통공사_역별 수송실적_20151231.csv
2015,용문,4,1109,238715,241673,대전교통공사_역별 수송실적_20151231.csv
2015,용문,5,1109,241553,243362,대전교통공사_역별 수송실적_20151231.csv
2015,용문,6,1109,200987,200998,대전교통공사_역별 수송실적_20151231.csv
2015,용문,7,1109,227425,228352,대전교통공사_역별 수송실적_20151231.csv
2015,용문,8,1109,217525,218546,대전교통공사_역별 수송실적_20151231.csv
2015,용문,9,1109,220247,222723,대전교통공사_역별 수송실적_20151231.csv
2015,용문,10,1109,240494,244612,대전교통공사_역별 수송실적_20151231.csv
2015,용문,11,1109,229276,231971,대전교통공사_역별 수송실적_20151231.csv
2015,용문,12,1109,246334,248556,대전교통공사_역별 수송실적_20151231.csv
2016,용문,1,1109,229665,231838,대전교통공사_역별 수송실적_20161231.csv
2016,용문,2,1109,207761,209581,대전교통공사_역별 수송실적_20161231.csv
2016,용문,3,1109,247988,251622,대전교통공사_역별 수송실적_20161231.csv
2016,용문,4,1109,237184,238311,대전교통공사_역별 수송실적_20161231.csv
2016,용문,5,1109,241486,240463,대전교통공사_역별 수송실적_20161231.csv
2016,용문,6,1109,231346,230322,대전교통공사_역별 수송실적_20161231.csv
2016,용문,7,1109,228587,227896,대전교통공사_역별 수송실적_20161231.csv
2016,용문,8,1109,224839,224921,대전교통공사_역별 수송실적_20161231.csv
2016,용문,9,1109,213974,214652,대전교통공사_역별 수송실적_20161231.csv
2016,용문,10,1109,235678,236907,대전교통공사_역별 수송실적_20161231.csv
2016,용문,11,1109,232502,234346,대전교통공사_역별 수송실적_20161231.csv
2016,용문,12,1109,245119,246839,대전교통공사_역별 수송실적_20161231.csv
2017,용문,1,1109,222867,223251,대전교통공사_역별 수송실적_20171231.csv
2017,용문,2,1109,216893,217946,대전교통공사_역별 수송실적_20171231.csv
2017,용문,3,1109,248702,249333,대전교통공사_역별 수송실적_20171231.csv
2017,용문,4,1109,236921,236925,대전교통공사_역별 수송실적_20171231.csv
2017,용문,5,1109,240408,239487,대전교통공사_역별 수송실적_20171231.csv
2017,용문,6,1109,231536,231505,대전교통공사_역별 수송실적_20171231.csv
2017,용문,7,1109,229887,229980,대전교통공사_역별 수송실적_20171231.csv
2017,용문,8,1109,226260,226263,대전교통공사_역별 수송실적_20171231.csv
2017,용문,9,1109,235077,236374,대전교통공사_역별 수송실적_20171231.csv
2017,용문,10,1109,212954,213208,대전교통공사_역별 수송실적_20171231.csv
2017,용문,11,1109,230804,233855,대전교통공사_역별 수송실적_20171231.csv
2017,용문,12,1109,236554,238686,대전교통공사_역별 수송실적_20171231.csv
2018,용문,1,1109,231487,234666,대전교통공사_역별 수송실적_20181231.csv
2018,용문,2,1109,200055,203228,대전교통공사_역별 수송실적_20181231.csv
2018,용문,3,1109,240977,243509,대전교통공사_역별 수송실적_20181231.csv
2018,용문,4,1109,232539,236493,대전교통공사_역별 수송실적_20181231.csv
2018,용문,5,1109,242998,246405,대전교통공사_역별 수송실적_20181231.csv
2018,용문,6,1109,231172,233319,대전교통공사_역별 수송실적_20181231.csv
2018,용문,7,1109,229232,231278,대전교통공사_역별 수송실적_20181231.csv
2018,용문,8,1109,218068,222508,대전교통공사_역별 수송실적_20181231.csv
2018,용문,9,1109,212936,216881,대전교통공사_역별 수송실적_20181231.csv
2018,용문,10,1109,242883,248595,대전교통공사_역별 수송실적_20181231.csv
2018,용문,11,1109,239148,245192,대전교통공사_역별 수송실적_20181231.csv
2018,용문,12,1109,239286,244457,대전교통공사_역별 수송실적_20181231.csv
2019,용문,1,1109,241517,245818,대전교통공사_역별 수송실적_20191231.csv
2019,용문,2,1109,203837,208303,대전교통공사_역별 수송실적_20191231.csv
2019,용문,3,1109,241409,247369,대전교통공사_역별 수송실적_20191231.csv
2019,용문,4,1109,237791,244390,대전교통공사_역별 수송실적_20191231.csv
2019,용문,5,1109,245081,249378,대전교통공사_역별 수송실적_20191231.csv
2019,용문,6,1109,223096,227074,대전교통공사_역별 수송실적_20191231.csv
2019,용문,7,1109,235597,238817,대전교통공사_역별 수송실적_20191231.csv
2019,용문,8,1109,219135,221918,대전교통공사_역별 수송실적_20191231.csv
2019,용문,9,1109,208673,211227,대전교통공사_역별 수송실적_20191231.csv
2019,용문,10,1109,237810,241964,대전교통공사_역별 수송실적_20191231.csv
2019,용문,11,1109,230771,235463,대전교통공사_역별 수송실적_20191231.csv
2019,용문,12,1109,237114,242207,대전교통공사_역별 수송실적_20191231.csv
2020,용문,1,1109,215117,219133,대전교통공사_역별 수송실적_20200531.csv
2020,용문,2,1109,161984,163355,대전교통공사_역별 수송실적_20200531.csv
2020,용문,3,1109,97435,97672,대전교통공사_역별 수송실적_20200531.csv
2020,용문,4,1109,115539,115511,대전교통공사_역별 수송실적_20200531.csv
2020,용문,5,1109,140200,140848,대전교통공사_역별 수송실적_20200531.csv
2020,용문,6,1109,134182,133865,대전교통공사_역별 수송실적_20211231.csv
2020,용문,7,1109,130318,129474,대전교통공사_역별 수송실적_20211231.csv
2020,용문,8,1109,125334,125672,대전교통공사_역별 수송실적_20211231.csv
2020,용문,9,1109,122520,122180,대전교통공사_역별 수송실적_20211231.csv
2020,용문,10,1109,137027,137480,대전교통공사_역별 수송실적_20211231.csv
2020,용문,11,1109,144824,145614,대전교통공사_역별 수송실적_20211231.csv
2020,용문,12,1109,127065,128585,대전교통공사_역별 수송실적_20211231.csv
2021,용문,1,1109,123879,124844,대전교통공사_역별 수송실적_20211231.csv
2021,용문,2,1109,119589,121112,대전교통공사_역별 수송실적_20211231.csv
2021,용문,3,1109,147914,148784,대전교통공사_역별 수송실적_20211231.csv
2021,용문,4,1109,143171,143278,대전교통공사_역별 수송실적_20211231.csv
2021,용문,5,1109,142045,142241,대전교통공사_역별 수송실적_20211231.csv
2021,용문,6,1109,145306,145412,대전교통공사_역별 수송실적_20211231.csv
2021,용문,7,1109,137127,137937,대전교통공사_역별 수송실적_20211231.csv
2021,용문,8,1109,121572,121783,대전교통공사_역별 수송실적_20211231.csv
2021,용문,9,1109,128139,128359,대전교통공사_역별 수송실적_20211231.csv
2021,용문,10,1109,144065,144624,대전교통공사_역별 수송실적_20211231.csv
2021,용문,11,1109,152603,154477,대전교통공사_역별 수송실적_20211231.csv
2021,용문,12,1109,150764,152715,대전교통공사_역별 수송실적_20211231.csv
2022,용문,1,1109,140848,142419,대전교통공사_역별 수송실적_20221231.csv
2022,용문,2,1109,118105,120236,대전교통공사_역별 수송실적_20221231.csv
2022,용문,3,1109,137409,139263,대전교통공사_역별 수송실적_20221231.csv
2022,용문,4,1109,148264,149064,대전교통공사_역별 수송실적_20221231.csv
2022,용문,5,1109,168884,170426,대전교통공사_역별 수송실적_20221231.csv
2022,용문,6,1109,161892,162643,대전교통공사_역별 수송실적_20221231.csv
2022,용문,7,1109,159217,159691,대전교통공사_역별 수송실적_20221231.csv
2022,용문,8,1109,151711,151528,대전교통공사_역별 수송실적_20221231.csv
2022,용문,9,1109,156733,155575,대전교통공사_역별 수송실적_20221231.csv
2022,용문,10,1109,168461,168085,대전교통공사_역별 수송실적_20221231.csv
2022,용문,11,1109,170611,169961,대전교통공사_역별 수송실적_20221231.csv
2022,용문,12,1109,176728,178941,대전교통공사_역별 수송실적_20221231.csv
2023,용문,1,1109,160381,161936,대전교통공사_역별 수송실적_20231231.csv
2023,용문,2,1109,165060,168183,대전교통공사_역별 수송실적_20231231.csv
2023,용문,3,1109,189346,193099,대전교통공사_역별 수송실적_20231231.csv
2023,용문,4,1109,180858,183242,대전교통공사_역별 수송실적_20231231.csv
2023,용문,5,1109,189974,192650,대전교통공사_역별 수송실적_20231231.csv
2023,용문,6,1109,189405,191562,대전교통공사_역별 수송실적_20231231.csv
2023,용문,7,1109,182753,185265,대전교통공사_역별 수송실적_20231231.csv
2023,용문,8,1109,188854,192394,대전교통공사_역별 수송실적_20231231.csv
2023,용문,9,1109,177309,178557,대전교통공사_역별 수송실적_20231231.csv
2023,용문,10,1109,186303,189251,대전교통공사_역별 수송실적_20231231.csv
2023,용문,11,1109,185412,189618,대전교통공사_역별 수송실적_20231231.csv
2023,용문,12,1109,189606,193613,대전교통공사_역별 수송실적_20231231.csv
2024,용문,1,1109,185461,189887,대전교통공사_역별 수송실적_20241231.csv
2024,용문,2,1109,166297,169379,대전교통공사_역별 수송실적_20241231.csv
2024,용문,3,1109,192309,196831,대전교통공사_역별 수송실적_20241231.csv
2024,용문,4,1109,189482,193947,대전교통공사_역별 수송실적_20241231.csv
2024,용문,5,1109,200124,205718,대전교통공사_역별 수송실적_20241231.csv
2024,용문,6,1109,188856,192496,대전교통공사_역별 수송실적_20241231.csv
2024,용문,7,1109,196687,199751,대전교통공사_역별 수송실적_20241231.csv
2024,용문,8,1109,186305,190920,대전교통공사_역별 수송실적_20241231.csv
2024,용문,9,1109,167719,170378,대전교통공사_역별 수송실적_20241231.csv
2024,용문,10,1109,191255,194199,대전교통공사_역별 수송실적_20241231.csv
2024,용문,11,1109,192777,195231,대전교통공사_역별 수송실적_20241231.csv
2024,용문,12,1109,198293,201753,대전교통공사_역별 수송실적_20241231.csv
2026,용문,1,1109,215076,216862,대전교통공사_역별 수송실적_20260731.csv
2026,용문,2,1109,188650,190274,대전교통공사_역별 수송실적_20260731.csv
2026,용문,3,1109,227485,229382,대전교통공사_역별 수송실적_20260731.csv
2026,용문,4,1109,231011,231991,대전교통공사_역별 수송실적_20260731.csv
2026,용문,5,1109,227203,229547,대전교통공사_역별 수송실적_20260731.csv
2026,용문,6,1109,221463,221917,대전교통공사_역별 수송실적_20260731.csv
2026,용문,7,1109,224801,227409,대전교통공사_역별 수송실적_20260731.csv
2015,월드컵경기장,1,1119,74805,68164,대전교통공사_역별 수송실적_20151231.csv
2015,월드컵경기장,2,1119,62855,57984,대전교통공사_역별 수송실적_20151231.csv
2015,월드컵경기장,3,1119,83261,81264,대전교통공사_역별 수송실적_20151231.csv
2015,월드컵경기장,4,1119,76083,71244,대전교통공사_역별 수송실적_20151231.csv
2015,월드컵경기장,5,1119,76890,72091,대전교통공사_역별 수송실적_20151231.csv
2015,월드컵경기장,6,1119,64666,60621,대전교통공사_역별 수송실적_20151231.csv
2015,월드컵경기장,7,1119,71756,66552,대전교통공사_역별 수송실적_20151231.csv
2015,월드컵경기장,8,1119,72057,67096,대전교통공사_역별 수송실적_20151231.csv
2015,월드컵경기장,9,1119,70750,65949,대전교통공사_역별 수송실적_20151231.csv
2015,월드컵경기장,10,1119,80471,74922,대전교통공사_역별 수송실적_20151231.csv
2015,월드컵경기장,11,1119,74019,68276,대전교통공사_역별 수송실적_20151231.csv
2015,월드컵경기장,12,1119,78836,72779,대전교통공사_역별 수송실적_20151231.csv
2016,월드컵경기장,1,1119,70602,64333,대전교통공사_역별 수송실적_20161231.csv
2016,월드컵경기장,2,1119,62871,57667,대전교통공사_역별 수송실적_20161231.csv
2016,월드컵경기장,3,1119,75845,71036,대전교통공사_역별 수송실적_20161231.csv
2016,월드컵경기장,4,1119,74170,68001,대전교통공사_역별 수송실적_20161231.csv
2016,월드컵경기장,5,1119,75060,69386,대전교통공사_역별 수송실적_20161231.csv
2016,월드컵경기장,6,1119,75970,70193,대전교통공사_역별 수송실적_20161231.csv
2016,월드컵경기장,7,1119,71506,65556,대전교통공사_역별 수송실적_20161231.csv
2016,월드컵경기장,8,1119,70101,63818,대전교통공사_역별 수송실적_20161231.csv
2016,월드컵경기장,9,1119,69067,64374,대전교통공사_역별 수송실적_20161231.csv
2016,월드컵경기장,10,1119,76100,70270,대전교통공사_역별 수송실적_20161231.csv
2016,월드컵경기장,11,1119,75384,69152,대전교통공사_역별 수송실적_20161231.csv
2016,월드컵경기장,12,1119,78987,72590,대전교통공사_역별 수송실적_20161231.csv
2017,월드컵경기장,1,1119,70217,64046,대전교통공사_역별 수송실적_20171231.csv
2017,월드컵경기장,2,1119,67926,62225,대전교통공사_역별 수송실적_20171231.csv
2017,월드컵경기장,3,1119,76956,72298,대전교통공사_역별 수송실적_20171231.csv
2017,월드컵경기장,4,1119,73663,68515,대전교통공사_역별 수송실적_20171231.csv
2017,월드컵경기장,5,1119,79531,73739,대전교통공사_역별 수송실적_20171231.csv
2017,월드컵경기장,6,1119,80853,75378,대전교통공사_역별 수송실적_20171231.csv
2017,월드컵경기장,7,1119,74804,69064,대전교통공사_역별 수송실적_20171231.csv
2017,월드컵경기장,8,1119,75962,71117,대전교통공사_역별 수송실적_20171231.csv
2017,월드컵경기장,9,1119,90864,85500,대전교통공사_역별 수송실적_20171231.csv
2017,월드컵경기장,10,1119,73486,67238,대전교통공사_역별 수송실적_20171231.csv
2017,월드컵경기장,11,1119,81243,74125,대전교통공사_역별 수송실적_20171231.csv
2017,월드컵경기장,12,1119,83078,75033,대전교통공사_역별 수송실적_20171231.csv
2018,월드컵경기장,1,1119,80709,71854,대전교통공사_역별 수송실적_20181231.csv
2018,월드컵경기장,2,1119,70138,62905,대전교통공사_역별 수송실적_20181231.csv
2018,월드컵경기장,3,1119,84570,76405,대전교통공사_역별 수송실적_20181231.csv
2018,월드컵경기장,4,1119,82909,74895,대전교통공사_역별 수송실적_20181231.csv
2018,월드컵경기장,5,1119,86304,77233,대전교통공사_역별 수송실적_20181231.csv
2018,월드컵경기장,6,1119,87576,79120,대전교통공사_역별 수송실적_20181231.csv
2018,월드컵경기장,7,1119,82971,73565,대전교통공사_역별 수송실적_20181231.csv
2018,월드컵경기장,8,1119,83201,74061,대전교통공사_역별 수송실적_20181231.csv
2018,월드컵경기장,9,1119,80310,72179,대전교통공사_역별 수송실적_20181231.csv
2018,월드컵경기장,10,1119,88554,80409,대전교통공사_역별 수송실적_20181231.csv
2018,월드컵경기장,11,1119,86833,78433,대전교통공사_역별 수송실적_20181231.csv
2018,월드컵경기장,12,1119,85903,76833,대전교통공사_역별 수송실적_20181231.csv
2019,월드컵경기장,1,1119,84298,75279,대전교통공사_역별 수송실적_20191231.csv
2019,월드컵경기장,2,1119,70848,63063,대전교통공사_역별 수송실적_20191231.csv
2019,월드컵경기장,3,1119,85121,76378,대전교통공사_역별 수송실적_20191231.csv
2019,월드컵경기장,4,1119,84046,75878,대전교통공사_역별 수송실적_20191231.csv
2019,월드컵경기장,5,1119,89866,80740,대전교통공사_역별 수송실적_20191231.csv
2019,월드컵경기장,6,1119,85197,77067,대전교통공사_역별 수송실적_20191231.csv
2019,월드컵경기장,7,1119,86009,77778,대전교통공사_역별 수송실적_20191231.csv
2019,월드컵경기장,8,1119,82110,74607,대전교통공사_역별 수송실적_20191231.csv
2019,월드컵경기장,9,1119,79255,72019,대전교통공사_역별 수송실적_20191231.csv
2019,월드컵경기장,10,1119,85848,77291,대전교통공사_역별 수송실적_20191231.csv
2019,월드컵경기장,11,1119,86183,77276,대전교통공사_역별 수송실적_20191231.csv
2019,월드컵경기장,12,1119,87842,78878,대전교통공사_역별 수송실적_20191231.csv
2020,월드컵경기장,1,1119,78014,69632,대전교통공사_역별 수송실적_20200531.csv
2020,월드컵경기장,2,1119,60104,53613,대전교통공사_역별 수송실적_20200531.csv
2020,월드컵경기장,3,1119,41544,37440,대전교통공사_역별 수송실적_20200531.csv
2020,월드컵경기장,4,1119,48933,43818,대전교통공사_역별 수송실적_20200531.csv
2020,월드컵경기장,5,1119,59232,53035,대전교통공사_역별 수송실적_20200531.csv
2020,월드컵경기장,6,1119,60981,54938,대전교통공사_역별 수송실적_20211231.csv
2020,월드컵경기장,7,1119,59033,51973,대전교통공사_역별 수송실적_20211231.csv
2020,월드컵경기장,8,1119,55713,49861,대전교통공사_역별 수송실적_20211231.csv
2020,월드컵경기장,9,1119,54150,49059,대전교통공사_역별 수송실적_20211231.csv
2020,월드컵경기장,10,1119,59474,53408,대전교통공사_역별 수송실적_20211231.csv
2020,월드컵경기장,11,1119,64803,58354,대전교통공사_역별 수송실적_20211231.csv
2020,월드컵경기장,12,1119,56012,50391,대전교통공사_역별 수송실적_20211231.csv
2021,월드컵경기장,1,1119,54857,49598,대전교통공사_역별 수송실적_20211231.csv
2021,월드컵경기장,2,1119,52762,46898,대전교통공사_역별 수송실적_20211231.csv
2021,월드컵경기장,3,1119,65731,58802,대전교통공사_역별 수송실적_20211231.csv
2021,월드컵경기장,4,1119,63280,56947,대전교통공사_역별 수송실적_20211231.csv
2021,월드컵경기장,5,1119,61921,55583,대전교통공사_역별 수송실적_20211231.csv
2021,월드컵경기장,6,1119,65169,58357,대전교통공사_역별 수송실적_20211231.csv
2021,월드컵경기장,7,1119,60901,54283,대전교통공사_역별 수송실적_20211231.csv
2021,월드컵경기장,8,1119,54463,49033,대전교통공사_역별 수송실적_20211231.csv
2021,월드컵경기장,9,1119,59507,53280,대전교통공사_역별 수송실적_20211231.csv
2021,월드컵경기장,10,1119,65309,58788,대전교통공사_역별 수송실적_20211231.csv
2021,월드컵경기장,11,1119,70205,62822,대전교통공사_역별 수송실적_20211231.csv
2021,월드컵경기장,12,1119,69901,62424,대전교통공사_역별 수송실적_20211231.csv
2022,월드컵경기장,1,1119,63818,57261,대전교통공사_역별 수송실적_20221231.csv
2022,월드컵경기장,2,1119,52909,47176,대전교통공사_역별 수송실적_20221231.csv
2022,월드컵경기장,3,1119,62434,55874,대전교통공사_역별 수송실적_20221231.csv
2022,월드컵경기장,4,1119,67213,60348,대전교통공사_역별 수송실적_20221231.csv
2022,월드컵경기장,5,1119,76243,68150,대전교통공사_역별 수송실적_20221231.csv
2022,월드컵경기장,6,1119,82532,75666,대전교통공사_역별 수송실적_20221231.csv
2022,월드컵경기장,7,1119,72427,63952,대전교통공사_역별 수송실적_20221231.csv
2022,월드컵경기장,8,1119,69600,61502,대전교통공사_역별 수송실적_20221231.csv
2022,월드컵경기장,9,1119,70639,62676,대전교통공사_역별 수송실적_20221231.csv
2022,월드컵경기장,10,1119,78864,71452,대전교통공사_역별 수송실적_20221231.csv
2022,월드컵경기장,11,1119,75367,67353,대전교통공사_역별 수송실적_20221231.csv
2022,월드컵경기장,12,1119,79554,71080,대전교통공사_역별 수송실적_20221231.csv
2023,월드컵경기장,1,1119,69527,61469,대전교통공사_역별 수송실적_20231231.csv
2023,월드컵경기장,2,1119,71369,63822,대전교통공사_역별 수송실적_20231231.csv
2023,월드컵경기장,3,1119,79998,71638,대전교통공사_역별 수송실적_20231231.csv
2023,월드컵경기장,4,1119,80552,73690,대전교통공사_역별 수송실적_20231231.csv
2023,월드컵경기장,5,1119,80325,73318,대전교통공사_역별 수송실적_20231231.csv
2023,월드컵경기장,6,1119,87695,82967,대전교통공사_역별 수송실적_20231231.csv
2023,월드컵경기장,7,1119,80133,72876,대전교통공사_역별 수송실적_20231231.csv
2023,월드컵경기장,8,1119,76218,67919,대전교통공사_역별 수송실적_20231231.csv
2023,월드컵경기장,9,1119,76883,69304,대전교통공사_역별 수송실적_20231231.csv
2023,월드컵경기장,10,1119,79986,72411,대전교통공사_역별 수송실적_20231231.csv
2023,월드컵경기장,11,1119,79675,71513,대전교통공사_역별 수송실적_20231231.csv
2023,월드컵경기장,12,1119,80814,71997,대전교통공사_역별 수송실적_20231231.csv
2024,월드컵경기장,1,1119,76417,67793,대전교통공사_역별 수송실적_20241231.csv
2024,월드컵경기장,2,1119,68610,60257,대전교통공사_역별 수송실적_20241231.csv
2024,월드컵경기장,3,1119,79709,71877,대전교통공사_역별 수송실적_20241231.csv
2024,월드컵경기장,4,1119,84230,76189,대전교통공사_역별 수송실적_20241231.csv
2024,월드컵경기장,5,1119,82323,74069,대전교통공사_역별 수송실적_20241231.csv
2024,월드컵경기장,6,1119,78974,70941,대전교통공사_역별 수송실적_20241231.csv
2024,월드컵경기장,7,1119,80181,71439,대전교통공사_역별 수송실적_20241231.csv
2024,월드컵경기장,8,1119,73285,64654,대전교통공사_역별 수송실적_20241231.csv
2024,월드컵경기장,9,1119,74033,67302,대전교통공사_역별 수송실적_20241231.csv
2024,월드컵경기장,10,1119,84869,77021,대전교통공사_역별 수송실적_20241231.csv
2024,월드컵경기장,11,1119,79800,71833,대전교통공사_역별 수송실적_20241231.csv
2024,월드컵경기장,12,1119,79814,72398,대전교통공사_역별 수송실적_20241231.csv
2026,월드컵경기장,1,1119,74215,66672,대전교통공사_역별 수송실적_20260731.csv
2026,월드컵경기장,2,1119,66523,59368,대전교통공사_역별 수송실적_20260731.csv
2026,월드컵경기장,3,1119,85538,77281,대전교통공사_역별 수송실적_20260731.csv
2026,월드컵경기장,4,1119,86090,77264,대전교통공사_역별 수송실적_20260731.csv
2026,월드컵경기장,5,1119,85389,76985,대전교통공사_역별 수송실적_20260731.csv
2026,월드컵경기장,6,1119,81032,73259,대전교통공사_역별 수송실적_20260731.csv
2026,월드컵경기장,7,1119,79608,71758,대전교통공사_역별 수송실적_20260731.csv
2015,월평,1,1114,127089,127454,대전교통공사_역별 수송실적_20151231.csv
2015,월평,2,1114,107032,107703,대전교통공사_역별 수송실적_20151231.csv
2015,월평,3,1114,133727,135359,대전교통공사_역별 수송실적_20151231.csv
2015,월평,4,1114,129564,130619,대전교통공사_역별 수송실적_20151231.csv
2015,월평,5,1114,134787,136242,대전교통공사_역별 수송실적_20151231.csv
2015,월평,6,1114,107483,108160,대전교통공사_역별 수송실적_20151231.csv
2015,월평,7,1114,118653,119459,대전교통공사_역별 수송실적_20151231.csv
2015,월평,8,1114,115531,118290,대전교통공사_역별 수송실적_20151231.csv
2015,월평,9,1114,119221,122414,대전교통공사_역별 수송실적_20151231.csv
2015,월평,10,1114,131450,132780,대전교통공사_역별 수송실적_20151231.csv
2015,월평,11,1114,124736,126776,대전교통공사_역별 수송실적_20151231.csv
2015,월평,12,1114,128357,128383,대전교통공사_역별 수송실적_20151231.csv
2016,월평,1,1114,119586,120921,대전교통공사_역별 수송실적_20161231.csv
2016,월평,2,1114,107472,108235,대전교통공사_역별 수송실적_20161231.csv
2016,월평,3,1114,129122,132421,대전교통공사_역별 수송실적_20161231.csv
2016,월평,4,1114,127436,127994,대전교통공사_역별 수송실적_20161231.csv
2016,월평,5,1114,128766,130565,대전교통공사_역별 수송실적_20161231.csv
2016,월평,6,1114,119019,119690,대전교통공사_역별 수송실적_20161231.csv
2016,월평,7,1114,118861,120200,대전교통공사_역별 수송실적_20161231.csv
2016,월평,8,1114,113451,115772,대전교통공사_역별 수송실적_20161231.csv
2016,월평,9,1114,114402,116842,대전교통공사_역별 수송실적_20161231.csv
2016,월평,10,1114,127531,128915,대전교통공사_역별 수송실적_20161231.csv
2016,월평,11,1114,121931,122000,대전교통공사_역별 수송실적_20161231.csv
2016,월평,12,1114,125843,124627,대전교통공사_역별 수송실적_20161231.csv
2017,월평,1,1114,113393,113190,대전교통공사_역별 수송실적_20171231.csv
2017,월평,2,1114,111380,110027,대전교통공사_역별 수송실적_20171231.csv
2017,월평,3,1114,126850,126717,대전교통공사_역별 수송실적_20171231.csv
2017,월평,4,1114,122417,122253,대전교통공사_역별 수송실적_20171231.csv
2017,월평,5,1114,122572,122581,대전교통공사_역별 수송실적_20171231.csv
2017,월평,6,1114,117804,116371,대전교통공사_역별 수송실적_20171231.csv
2017,월평,7,1114,115095,114017,대전교통공사_역별 수송실적_20171231.csv
2017,월평,8,1114,111878,111524,대전교통공사_역별 수송실적_20171231.csv
2017,월평,9,1114,121254,120192,대전교통공사_역별 수송실적_20171231.csv
2017,월평,10,1114,114044,113713,대전교통공사_역별 수송실적_20171231.csv
2017,월평,11,1114,120889,119746,대전교통공사_역별 수송실적_20171231.csv
2017,월평,12,1114,123603,122708,대전교통공사_역별 수송실적_20171231.csv
2018,월평,1,1114,116077,115567,대전교통공사_역별 수송실적_20181231.csv
2018,월평,2,1114,101236,100100,대전교통공사_역별 수송실적_20181231.csv
2018,월평,3,1114,124028,124205,대전교통공사_역별 수송실적_20181231.csv
2018,월평,4,1114,119456,120292,대전교통공사_역별 수송실적_20181231.csv
2018,월평,5,1114,124932,124839,대전교통공사_역별 수송실적_20181231.csv
2018,월평,6,1114,116383,116097,대전교통공사_역별 수송실적_20181231.csv
2018,월평,7,1114,115310,114757,대전교통공사_역별 수송실적_20181231.csv
2018,월평,8,1114,109687,109951,대전교통공사_역별 수송실적_20181231.csv
2018,월평,9,1114,111065,112132,대전교통공사_역별 수송실적_20181231.csv
2018,월평,10,1114,124879,124122,대전교통공사_역별 수송실적_20181231.csv
2018,월평,11,1114,122999,122308,대전교통공사_역별 수송실적_20181231.csv
2018,월평,12,1114,121938,122609,대전교통공사_역별 수송실적_20181231.csv
2019,월평,1,1114,121073,120404,대전교통공사_역별 수송실적_20191231.csv
2019,월평,2,1114,100303,100049,대전교통공사_역별 수송실적_20191231.csv
2019,월평,3,1114,123159,123643,대전교통공사_역별 수송실적_20191231.csv
2019,월평,4,1114,120282,120802,대전교통공사_역별 수송실적_20191231.csv
2019,월평,5,1114,127845,126821,대전교통공사_역별 수송실적_20191231.csv
2019,월평,6,1114,115361,115378,대전교통공사_역별 수송실적_20191231.csv
2019,월평,7,1114,116514,115353,대전교통공사_역별 수송실적_20191231.csv
2019,월평,8,1114,110261,110668,대전교통공사_역별 수송실적_20191231.csv
2019,월평,9,1114,112115,113111,대전교통공사_역별 수송실적_20191231.csv
2019,월평,10,1114,127272,125905,대전교통공사_역별 수송실적_20191231.csv
2019,월평,11,1114,121832,120742,대전교통공사_역별 수송실적_20191231.csv
2019,월평,12,1114,125812,124756,대전교통공사_역별 수송실적_20191231.csv
2020,월평,1,1114,112871,112888,대전교통공사_역별 수송실적_20200531.csv
2020,월평,2,1114,85100,84009,대전교통공사_역별 수송실적_20200531.csv
2020,월평,3,1114,52019,51219,대전교통공사_역별 수송실적_20200531.csv
2020,월평,4,1114,63064,62184,대전교통공사_역별 수송실적_20200531.csv
2020,월평,5,1114,74847,74260,대전교통공사_역별 수송실적_20200531.csv
2020,월평,6,1114,72835,71479,대전교통공사_역별 수송실적_20211231.csv
2020,월평,7,1114,72248,69889,대전교통공사_역별 수송실적_20211231.csv
2020,월평,8,1114,68898,68244,대전교통공사_역별 수송실적_20211231.csv
2020,월평,9,1114,68327,66381,대전교통공사_역별 수송실적_20211231.csv
2020,월평,10,1114,74892,74432,대전교통공사_역별 수송실적_20211231.csv
2020,월평,11,1114,80699,79627,대전교통공사_역별 수송실적_20211231.csv
2020,월평,12,1114,71526,71208,대전교통공사_역별 수송실적_20211231.csv
2021,월평,1,1114,70643,70540,대전교통공사_역별 수송실적_20211231.csv
2021,월평,2,1114,69008,68001,대전교통공사_역별 수송실적_20211231.csv
2021,월평,3,1114,85431,84648,대전교통공사_역별 수송실적_20211231.csv
2021,월평,4,1114,80709,80411,대전교통공사_역별 수송실적_20211231.csv
2021,월평,5,1114,80695,80353,대전교통공사_역별 수송실적_20211231.csv
2021,월평,6,1114,79523,79033,대전교통공사_역별 수송실적_20211231.csv
2021,월평,7,1114,74366,74975,대전교통공사_역별 수송실적_20211231.csv
2021,월평,8,1114,67858,68468,대전교통공사_역별 수송실적_20211231.csv
2021,월평,9,1114,73882,73654,대전교통공사_역별 수송실적_20211231.csv
2021,월평,10,1114,82468,82031,대전교통공사_역별 수송실적_20211231.csv
2021,월평,11,1114,87229,86239,대전교통공사_역별 수송실적_20211231.csv
2021,월평,12,1114,87011,86342,대전교통공사_역별 수송실적_20211231.csv
2022,월평,1,1114,81332,80332,대전교통공사_역별 수송실적_20221231.csv
2022,월평,2,1114,66201,67069,대전교통공사_역별 수송실적_20221231.csv
2022,월평,3,1114,79843,80434,대전교통공사_역별 수송실적_20221231.csv
2022,월평,4,1114,87536,86478,대전교통공사_역별 수송실적_20221231.csv
2022,월평,5,1114,97959,98749,대전교통공사_역별 수송실적_20221231.csv
2022,월평,6,1114,92011,91316,대전교통공사_역별 수송실적_20221231.csv
2022,월평,7,1114,91193,90629,대전교통공사_역별 수송실적_20221231.csv
2022,월평,8,1114,86121,85961,대전교통공사_역별 수송실적_20221231.csv
2022,월평,9,1114,93274,93436,대전교통공사_역별 수송실적_20221231.csv
2022,월평,10,1114,100179,99850,대전교통공사_역별 수송실적_20221231.csv
2022,월평,11,1114,97883,96946,대전교통공사_역별 수송실적_20221231.csv
2022,월평,12,1114,101189,99734,대전교통공사_역별 수송실적_20221231.csv
2023,월평,1,1114,90923,91809,대전교통공사_역별 수송실적_20231231.csv
2023,월평,2,1114,90190,89710,대전교통공사_역별 수송실적_20231231.csv
2023,월평,3,1114,105667,105488,대전교통공사_역별 수송실적_20231231.csv
2023,월평,4,1114,99054,99478,대전교통공사_역별 수송실적_20231231.csv
2023,월평,5,1114,102462,102481,대전교통공사_역별 수송실적_20231231.csv
2023,월평,6,1114,98582,96424,대전교통공사_역별 수송실적_20231231.csv
2023,월평,7,1114,95386,94719,대전교통공사_역별 수송실적_20231231.csv
2023,월평,8,1114,96725,95873,대전교통공사_역별 수송실적_20231231.csv
2023,월평,9,1114,97141,95771,대전교통공사_역별 수송실적_20231231.csv
2023,월평,10,1114,102180,103989,대전교통공사_역별 수송실적_20231231.csv
2023,월평,11,1114,101376,101398,대전교통공사_역별 수송실적_20231231.csv
2023,월평,12,1114,103117,102141,대전교통공사_역별 수송실적_20231231.csv
2024,월평,1,1114,100937,100648,대전교통공사_역별 수송실적_20241231.csv
2024,월평,2,1114,92162,91661,대전교통공사_역별 수송실적_20241231.csv
2024,월평,3,1114,105402,106204,대전교통공사_역별 수송실적_20241231.csv
2024,월평,4,1114,103937,104849,대전교통공사_역별 수송실적_20241231.csv
2024,월평,5,1114,107072,106854,대전교통공사_역별 수송실적_20241231.csv
2024,월평,6,1114,97483,97642,대전교통공사_역별 수송실적_20241231.csv
2024,월평,7,1114,99813,99336,대전교통공사_역별 수송실적_20241231.csv
2024,월평,8,1114,96776,97672,대전교통공사_역별 수송실적_20241231.csv
2024,월평,9,1114,93568,95596,대전교통공사_역별 수송실적_20241231.csv
2024,월평,10,1114,103284,104021,대전교통공사_역별 수송실적_20241231.csv
2024,월평,11,1114,104262,105763,대전교통공사_역별 수송실적_20241231.csv
2024,월평,12,1114,102548,104201,대전교통공사_역별 수송실적_20241231.csv
2026,월평,1,1114,100469,102363,대전교통공사_역별 수송실적_20260731.csv
2026,월평,2,1114,90319,91903,대전교통공사_역별 수송실적_20260731.csv
2026,월평,3,1114,112145,115205,대전교통공사_역별 수송실적_20260731.csv
2026,월평,4,1114,115369,116617,대전교통공사_역별 수송실적_20260731.csv
2026,월평,5,1114,112882,116174,대전교통공사_역별 수송실적_20260731.csv
2026,월평,6,1114,104414,106689,대전교통공사_역별 수송실적_20260731.csv
2026,월평,7,1114,101855,102963,대전교통공사_역별 수송실적_20260731.csv
2015,유성온천,1,1116,283472,280853,대전교통공사_역별 수송실적_20151231.csv
2015,유성온천,2,1116,240865,238714,대전교통공사_역별 수송실적_20151231.csv
2015,유성온천,3,1116,301464,298042,대전교통공사_역별 수송실적_20151231.csv
2015,유성온천,4,1116,288470,286147,대전교통공사_역별 수송실적_20151231.csv
2015,유성온천,5,1116,302588,303999,대전교통공사_역별 수송실적_20151231.csv
2015,유성온천,6,1116,226529,223823,대전교통공사_역별 수송실적_20151231.csv
2015,유성온천,7,1116,257817,254990,대전교통공사_역별 수송실적_20151231.csv
2015,유성온천,8,1116,250182,250171,대전교통공사_역별 수송실적_20151231.csv
2015,유성온천,9,1116,263079,263694,대전교통공사_역별 수송실적_20151231.csv
2015,유성온천,10,1116,285547,285150,대전교통공사_역별 수송실적_20151231.csv
2015,유성온천,11,1116,277960,279885,대전교통공사_역별 수송실적_20151231.csv
2015,유성온천,12,1116,301679,299179,대전교통공사_역별 수송실적_20151231.csv
2016,유성온천,1,1116,264979,266222,대전교통공사_역별 수송실적_20161231.csv
2016,유성온천,2,1116,244889,245091,대전교통공사_역별 수송실적_20161231.csv
2016,유성온천,3,1116,295007,296283,대전교통공사_역별 수송실적_20161231.csv
2016,유성온천,4,1116,280709,282775,대전교통공사_역별 수송실적_20161231.csv
2016,유성온천,5,1116,295493,301803,대전교통공사_역별 수송실적_20161231.csv
2016,유성온천,6,1116,269954,272529,대전교통공사_역별 수송실적_20161231.csv
2016,유성온천,7,1116,261979,264196,대전교통공사_역별 수송실적_20161231.csv
2016,유성온천,8,1116,252417,255708,대전교통공사_역별 수송실적_20161231.csv
2016,유성온천,9,1116,255918,257991,대전교통공사_역별 수송실적_20161231.csv
2016,유성온천,10,1116,279331,283742,대전교통공사_역별 수송실적_20161231.csv
2016,유성온천,11,1116,279245,283542,대전교통공사_역별 수송실적_20161231.csv
2016,유성온천,12,1116,299901,303268,대전교통공사_역별 수송실적_20161231.csv
2017,유성온천,1,1116,264550,270567,대전교통공사_역별 수송실적_20171231.csv
2017,유성온천,2,1116,262937,267704,대전교통공사_역별 수송실적_20171231.csv
2017,유성온천,3,1116,299223,303830,대전교통공사_역별 수송실적_20171231.csv
2017,유성온천,4,1116,279969,287008,대전교통공사_역별 수송실적_20171231.csv
2017,유성온천,5,1116,297410,305455,대전교통공사_역별 수송실적_20171231.csv
2017,유성온천,6,1116,273093,277418,대전교통공사_역별 수송실적_20171231.csv
2017,유성온천,7,1116,259047,266397,대전교통공사_역별 수송실적_20171231.csv
2017,유성온천,8,1116,258145,265763,대전교통공사_역별 수송실적_20171231.csv
2017,유성온천,9,1116,280584,287656,대전교통공사_역별 수송실적_20171231.csv
2017,유성온천,10,1116,257540,264424,대전교통공사_역별 수송실적_20171231.csv
2017,유성온천,11,1116,286955,293539,대전교통공사_역별 수송실적_20171231.csv
2017,유성온천,12,1116,301044,307493,대전교통공사_역별 수송실적_20171231.csv
2018,유성온천,1,1116,278648,286408,대전교통공사_역별 수송실적_20181231.csv
2018,유성온천,2,1116,241727,247547,대전교통공사_역별 수송실적_20181231.csv
2018,유성온천,3,1116,298988,304086,대전교통공사_역별 수송실적_20181231.csv
2018,유성온천,4,1116,284934,291541,대전교통공사_역별 수송실적_20181231.csv
2018,유성온천,5,1116,302013,310983,대전교통공사_역별 수송실적_20181231.csv
2018,유성온천,6,1116,275002,281006,대전교통공사_역별 수송실적_20181231.csv
2018,유성온천,7,1116,263961,271460,대전교통공사_역별 수송실적_20181231.csv
2018,유성온천,8,1116,255419,262779,대전교통공사_역별 수송실적_20181231.csv
2018,유성온천,9,1116,258979,267615,대전교통공사_역별 수송실적_20181231.csv
2018,유성온천,10,1116,292075,299997,대전교통공사_역별 수송실적_20181231.csv
2018,유성온천,11,1116,298067,304817,대전교통공사_역별 수송실적_20181231.csv
2018,유성온천,12,1116,300966,308345,대전교통공사_역별 수송실적_20181231.csv
2019,유성온천,1,1116,288832,297445,대전교통공사_역별 수송실적_20191231.csv
2019,유성온천,2,1116,249557,256099,대전교통공사_역별 수송실적_20191231.csv
2019,유성온천,3,1116,299841,306440,대전교통공사_역별 수송실적_20191231.csv
2019,유성온천,4,1116,293894,299764,대전교통공사_역별 수송실적_20191231.csv
2019,유성온천,5,1116,319909,329103,대전교통공사_역별 수송실적_20191231.csv
2019,유성온천,6,1116,282358,288345,대전교통공사_역별 수송실적_20191231.csv
2019,유성온천,7,1116,286877,294302,대전교통공사_역별 수송실적_20191231.csv
2019,유성온천,8,1116,269858,278850,대전교통공사_역별 수송실적_20191231.csv
2019,유성온천,9,1116,267401,274870,대전교통공사_역별 수송실적_20191231.csv
2019,유성온천,10,1116,304014,310690,대전교통공사_역별 수송실적_20191231.csv
2019,유성온천,11,1116,301722,310453,대전교통공사_역별 수송실적_20191231.csv
2019,유성온천,12,1116,314726,323335,대전교통공사_역별 수송실적_20191231.csv
2020,유성온천,1,1116,275787,283679,대전교통공사_역별 수송실적_20200531.csv
2020,유성온천,2,1116,206932,212988,대전교통공사_역별 수송실적_20200531.csv
2020,유성온천,3,1116,127497,129949,대전교통공사_역별 수송실적_20200531.csv
2020,유성온천,4,1116,152974,156327,대전교통공사_역별 수송실적_20200531.csv
2020,유성온천,5,1116,193167,197669,대전교통공사_역별 수송실적_20200531.csv
2020,유성온천,6,1116,186033,190814,대전교통공사_역별 수송실적_20211231.csv
2020,유성온천,7,1116,179429,183464,대전교통공사_역별 수송실적_20211231.csv
2020,유성온천,8,1116,172804,178311,대전교통공사_역별 수송실적_20211231.csv
2020,유성온천,9,1116,164797,167547,대전교통공사_역별 수송실적_20211231.csv
2020,유성온천,10,1116,187717,194832,대전교통공사_역별 수송실적_20211231.csv
2020,유성온천,11,1116,209172,216417,대전교통공사_역별 수송실적_20211231.csv
2020,유성온천,12,1116,173429,178076,대전교통공사_역별 수송실적_20211231.csv
2021,유성온천,1,1116,173023,178888,대전교통공사_역별 수송실적_20211231.csv
2021,유성온천,2,1116,168998,175252,대전교통공사_역별 수송실적_20211231.csv
2021,유성온천,3,1116,211765,218487,대전교통공사_역별 수송실적_20211231.csv
2021,유성온천,4,1116,199518,205425,대전교통공사_역별 수송실적_20211231.csv
2021,유성온천,5,1116,201731,207862,대전교통공사_역별 수송실적_20211231.csv
2021,유성온천,6,1116,202918,208295,대전교통공사_역별 수송실적_20211231.csv
2021,유성온천,7,1116,189308,194979,대전교통공사_역별 수송실적_20211231.csv
2021,유성온천,8,1116,165797,171957,대전교통공사_역별 수송실적_20211231.csv
2021,유성온천,9,1116,178873,183717,대전교통공사_역별 수송실적_20211231.csv
2021,유성온천,10,1116,203975,210939,대전교통공사_역별 수송실적_20211231.csv
2021,유성온천,11,1116,220776,229140,대전교통공사_역별 수송실적_20211231.csv
2021,유성온천,12,1116,222921,229451,대전교통공사_역별 수송실적_20211231.csv
2022,유성온천,1,1116,207385,212097,대전교통공사_역별 수송실적_20221231.csv
2022,유성온천,2,1116,171239,178603,대전교통공사_역별 수송실적_20221231.csv
2022,유성온천,3,1116,206494,210122,대전교통공사_역별 수송실적_20221231.csv
2022,유성온천,4,1116,223432,227531,대전교통공사_역별 수송실적_20221231.csv
2022,유성온천,5,1116,262449,270050,대전교통공사_역별 수송실적_20221231.csv
2022,유성온천,6,1116,257135,265118,대전교통공사_역별 수송실적_20221231.csv
2022,유성온천,7,1116,247699,257621,대전교통공사_역별 수송실적_20221231.csv
2022,유성온천,8,1116,230829,241153,대전교통공사_역별 수송실적_20221231.csv
2022,유성온천,9,1116,246750,254616,대전교통공사_역별 수송실적_20221231.csv
2022,유성온천,10,1116,264828,276595,대전교통공사_역별 수송실적_20221231.csv
2022,유성온천,11,1116,267765,279300,대전교통공사_역별 수송실적_20221231.csv
2022,유성온천,12,1116,284049,293276,대전교통공사_역별 수송실적_20221231.csv
2023,유성온천,1,1116,247570,259939,대전교통공사_역별 수송실적_20231231.csv
2023,유성온천,2,1116,255347,268061,대전교통공사_역별 수송실적_20231231.csv
2023,유성온천,3,1116,291455,303343,대전교통공사_역별 수송실적_20231231.csv
2023,유성온천,4,1116,270274,281224,대전교통공사_역별 수송실적_20231231.csv
2023,유성온천,5,1116,289574,302836,대전교통공사_역별 수송실적_20231231.csv
2023,유성온천,6,1116,272564,284701,대전교통공사_역별 수송실적_20231231.csv
2023,유성온천,7,1116,257122,270285,대전교통공사_역별 수송실적_20231231.csv
2023,유성온천,8,1116,259794,274223,대전교통공사_역별 수송실적_20231231.csv
2023,유성온천,9,1116,257181,268109,대전교통공사_역별 수송실적_20231231.csv
2023,유성온천,10,1116,277034,291959,대전교통공사_역별 수송실적_20231231.csv
2023,유성온천,11,1116,279141,291718,대전교통공사_역별 수송실적_20231231.csv
2023,유성온천,12,1116,291403,304510,대전교통공사_역별 수송실적_20231231.csv
2024,유성온천,1,1116,273306,289075,대전교통공사_역별 수송실적_20241231.csv
2024,유성온천,2,1116,252065,264302,대전교통공사_역별 수송실적_20241231.csv
2024,유성온천,3,1116,288278,300519,대전교통공사_역별 수송실적_20241231.csv
2024,유성온천,4,1116,279056,290711,대전교통공사_역별 수송실적_20241231.csv
2024,유성온천,5,1116,296653,309462,대전교통공사_역별 수송실적_20241231.csv
2024,유성온천,6,1116,264229,276971,대전교통공사_역별 수송실적_20241231.csv
2024,유성온천,7,1116,269796,284272,대전교통공사_역별 수송실적_20241231.csv
2024,유성온천,8,1116,259707,274128,대전교통공사_역별 수송실적_20241231.csv
2024,유성온천,9,1116,246196,259490,대전교통공사_역별 수송실적_20241231.csv
2024,유성온천,10,1116,276162,288631,대전교통공사_역별 수송실적_20241231.csv
2024,유성온천,11,1116,281364,292398,대전교통공사_역별 수송실적_20241231.csv
2024,유성온천,12,1116,291720,306217,대전교통공사_역별 수송실적_20241231.csv
2026,유성온천,1,1116,270237,286595,대전교통공사_역별 수송실적_20260731.csv
2026,유성온천,2,1116,241201,253720,대전교통공사_역별 수송실적_20260731.csv
2026,유성온천,3,1116,299236,313553,대전교통공사_역별 수송실적_20260731.csv
2026,유성온천,4,1116,303741,316975,대전교통공사_역별 수송실적_20260731.csv
2026,유성온천,5,1116,297972,313120,대전교통공사_역별 수송실적_20260731.csv
2026,유성온천,6,1116,281670,296660,대전교통공사_역별 수송실적_20260731.csv
2026,유성온천,7,1116,273786,288562,대전교통공사_역별 수송실적_20260731.csv
2015,정부청사,1,1112,210927,230734,대전교통공사_역별 수송실적_20151231.csv
2015,정부청사,2,1112,176484,191504,대전교통공사_역별 수송실적_20151231.csv
2015,정부청사,3,1112,218981,238136,대전교통공사_역별 수송실적_20151231.csv
2015,정부청사,4,1112,214730,233830,대전교통공사_역별 수송실적_20151231.csv
2015,정부청사,5,1112,218920,237196,대전교통공사_역별 수송실적_20151231.csv
2015,정부청사,6,1112,171188,188061,대전교통공사_역별 수송실적_20151231.csv
2015,정부청사,7,1112,196199,214372,대전교통공사_역별 수송실적_20151231.csv
2015,정부청사,8,1112,187997,203860,대전교통공사_역별 수송실적_20151231.csv
2015,정부청사,9,1112,193434,209507,대전교통공사_역별 수송실적_20151231.csv
2015,정부청사,10,1112,212002,229002,대전교통공사_역별 수송실적_20151231.csv
2015,정부청사,11,1112,203289,220304,대전교통공사_역별 수송실적_20151231.csv
2015,정부청사,12,1112,215470,234722,대전교통공사_역별 수송실적_20151231.csv
2016,정부청사,1,1112,194797,211285,대전교통공사_역별 수송실적_20161231.csv
2016,정부청사,2,1112,178837,192229,대전교통공사_역별 수송실적_20161231.csv
2016,정부청사,3,1112,211125,228000,대전교통공사_역별 수송실적_20161231.csv
2016,정부청사,4,1112,201743,216407,대전교통공사_역별 수송실적_20161231.csv
2016,정부청사,5,1112,207414,223955,대전교통공사_역별 수송실적_20161231.csv
2016,정부청사,6,1112,195278,210278,대전교통공사_역별 수송실적_20161231.csv
2016,정부청사,7,1112,190853,205204,대전교통공사_역별 수송실적_20161231.csv
2016,정부청사,8,1112,183434,197521,대전교통공사_역별 수송실적_20161231.csv
2016,정부청사,9,1112,179912,192477,대전교통공사_역별 수송실적_20161231.csv
2016,정부청사,10,1112,197279,212316,대전교통공사_역별 수송실적_20161231.csv
2016,정부청사,11,1112,198568,212636,대전교통공사_역별 수송실적_20161231.csv
2016,정부청사,12,1112,205191,221722,대전교통공사_역별 수송실적_20161231.csv
2017,정부청사,1,1112,187314,199289,대전교통공사_역별 수송실적_20171231.csv
2017,정부청사,2,1112,187200,200344,대전교통공사_역별 수송실적_20171231.csv
2017,정부청사,3,1112,205522,220591,대전교통공사_역별 수송실적_20171231.csv
2017,정부청사,4,1112,194594,207896,대전교통공사_역별 수송실적_20171231.csv
2017,정부청사,5,1112,199221,213311,대전교통공사_역별 수송실적_20171231.csv
2017,정부청사,6,1112,193195,207568,대전교통공사_역별 수송실적_20171231.csv
2017,정부청사,7,1112,184550,199050,대전교통공사_역별 수송실적_20171231.csv
2017,정부청사,8,1112,187707,198921,대전교통공사_역별 수송실적_20171231.csv
2017,정부청사,9,1112,200698,212213,대전교통공사_역별 수송실적_20171231.csv
2017,정부청사,10,1112,172096,184712,대전교통공사_역별 수송실적_20171231.csv
2017,정부청사,11,1112,198821,212451,대전교통공사_역별 수송실적_20171231.csv
2017,정부청사,12,1112,199462,216075,대전교통공사_역별 수송실적_20171231.csv
2018,정부청사,1,1112,200329,213969,대전교통공사_역별 수송실적_20181231.csv
2018,정부청사,2,1112,171407,182622,대전교통공사_역별 수송실적_20181231.csv
2018,정부청사,3,1112,207089,221076,대전교통공사_역별 수송실적_20181231.csv
2018,정부청사,4,1112,200028,214230,대전교통공사_역별 수송실적_20181231.csv
2018,정부청사,5,1112,209167,222820,대전교통공사_역별 수송실적_20181231.csv
2018,정부청사,6,1112,194840,208360,대전교통공사_역별 수송실적_20181231.csv
2018,정부청사,7,1112,192505,206339,대전교통공사_역별 수송실적_20181231.csv
2018,정부청사,8,1112,183703,197242,대전교통공사_역별 수송실적_20181231.csv
2018,정부청사,9,1112,177347,189778,대전교통공사_역별 수송실적_20181231.csv
2018,정부청사,10,1112,209437,222247,대전교통공사_역별 수송실적_20181231.csv
2018,정부청사,11,1112,209350,221806,대전교통공사_역별 수송실적_20181231.csv
2018,정부청사,12,1112,202609,216607,대전교통공사_역별 수송실적_20181231.csv
2019,정부청사,1,1112,203929,218703,대전교통공사_역별 수송실적_20191231.csv
2019,정부청사,2,1112,171216,181454,대전교통공사_역별 수송실적_20191231.csv
2019,정부청사,3,1112,202410,215181,대전교통공사_역별 수송실적_20191231.csv
2019,정부청사,4,1112,205382,217659,대전교통공사_역별 수송실적_20191231.csv
2019,정부청사,5,1112,216587,229430,대전교통공사_역별 수송실적_20191231.csv
2019,정부청사,6,1112,192904,205894,대전교통공사_역별 수송실적_20191231.csv
2019,정부청사,7,1112,202853,217904,대전교통공사_역별 수송실적_20191231.csv
2019,정부청사,8,1112,187527,200591,대전교통공사_역별 수송실적_20191231.csv
2019,정부청사,9,1112,182399,195399,대전교통공사_역별 수송실적_20191231.csv
2019,정부청사,10,1112,205930,220319,대전교통공사_역별 수송실적_20191231.csv
2019,정부청사,11,1112,204550,218502,대전교통공사_역별 수송실적_20191231.csv
2019,정부청사,12,1112,209158,225415,대전교통공사_역별 수송실적_20191231.csv
2020,정부청사,1,1112,186679,200239,대전교통공사_역별 수송실적_20200531.csv
2020,정부청사,2,1112,148639,160014,대전교통공사_역별 수송실적_20200531.csv
2020,정부청사,3,1112,101635,110765,대전교통공사_역별 수송실적_20200531.csv
2020,정부청사,4,1112,114854,123820,대전교통공사_역별 수송실적_20200531.csv
2020,정부청사,5,1112,137092,148250,대전교통공사_역별 수송실적_20200531.csv
2020,정부청사,6,1112,137323,149762,대전교통공사_역별 수송실적_20211231.csv
2020,정부청사,7,1112,135875,148916,대전교통공사_역별 수송실적_20211231.csv
2020,정부청사,8,1112,123382,135623,대전교통공사_역별 수송실적_20211231.csv
2020,정부청사,9,1112,123829,134879,대전교통공사_역별 수송실적_20211231.csv
2020,정부청사,10,1112,137530,150234,대전교통공사_역별 수송실적_20211231.csv
2020,정부청사,11,1112,148148,161536,대전교통공사_역별 수송실적_20211231.csv
2020,정부청사,12,1112,128054,137786,대전교통공사_역별 수송실적_20211231.csv
2021,정부청사,1,1112,128728,140759,대전교통공사_역별 수송실적_20211231.csv
2021,정부청사,2,1112,123488,134664,대전교통공사_역별 수송실적_20211231.csv
2021,정부청사,3,1112,148753,162577,대전교통공사_역별 수송실적_20211231.csv
2021,정부청사,4,1112,145144,154536,대전교통공사_역별 수송실적_20211231.csv
2021,정부청사,5,1112,138722,150932,대전교통공사_역별 수송실적_20211231.csv
2021,정부청사,6,1112,142969,156202,대전교통공사_역별 수송실적_20211231.csv
2021,정부청사,7,1112,134117,144766,대전교통공사_역별 수송실적_20211231.csv
2021,정부청사,8,1112,120447,130357,대전교통공사_역별 수송실적_20211231.csv
2021,정부청사,9,1112,128279,140352,대전교통공사_역별 수송실적_20211231.csv
2021,정부청사,10,1112,144035,158843,대전교통공사_역별 수송실적_20211231.csv
2021,정부청사,11,1112,161177,179456,대전교통공사_역별 수송실적_20211231.csv
2021,정부청사,12,1112,161582,178865,대전교통공사_역별 수송실적_20211231.csv
2022,정부청사,1,1112,149166,161699,대전교통공사_역별 수송실적_20221231.csv
2022,정부청사,2,1112,123609,135273,대전교통공사_역별 수송실적_20221231.csv
2022,정부청사,3,1112,143485,156722,대전교통공사_역별 수송실적_20221231.csv
2022,정부청사,4,1112,156558,171502,대전교통공사_역별 수송실적_20221231.csv
2022,정부청사,5,1112,177437,196304,대전교통공사_역별 수송실적_20221231.csv
2022,정부청사,6,1112,166617,184053,대전교통공사_역별 수송실적_20221231.csv
2022,정부청사,7,1112,166535,184975,대전교통공사_역별 수송실적_20221231.csv
2022,정부청사,8,1112,157211,174608,대전교통공사_역별 수송실적_20221231.csv
2022,정부청사,9,1112,165985,182303,대전교통공사_역별 수송실적_20221231.csv
2022,정부청사,10,1112,176057,194303,대전교통공사_역별 수송실적_20221231.csv
2022,정부청사,11,1112,181863,198683,대전교통공사_역별 수송실적_20221231.csv
2022,정부청사,12,1112,190067,209810,대전교통공사_역별 수송실적_20221231.csv
2023,정부청사,1,1112,169275,185432,대전교통공사_역별 수송실적_20231231.csv
2023,정부청사,2,1112,174691,190582,대전교통공사_역별 수송실적_20231231.csv
2023,정부청사,3,1112,195853,210387,대전교통공사_역별 수송실적_20231231.csv
2023,정부청사,4,1112,184074,198163,대전교통공사_역별 수송실적_20231231.csv
2023,정부청사,5,1112,190440,205991,대전교통공사_역별 수송실적_20231231.csv
2023,정부청사,6,1112,188434,201701,대전교통공사_역별 수송실적_20231231.csv
2023,정부청사,7,1112,181916,195853,대전교통공사_역별 수송실적_20231231.csv
2023,정부청사,8,1112,186829,198344,대전교통공사_역별 수송실적_20231231.csv
2023,정부청사,9,1112,178827,191636,대전교통공사_역별 수송실적_20231231.csv
2023,정부청사,10,1112,190757,206107,대전교통공사_역별 수송실적_20231231.csv
2023,정부청사,11,1112,197959,210886,대전교통공사_역별 수송실적_20231231.csv
2023,정부청사,12,1112,195262,210403,대전교통공사_역별 수송실적_20231231.csv
2024,정부청사,1,1112,192770,206688,대전교통공사_역별 수송실적_20241231.csv
2024,정부청사,2,1112,173481,184873,대전교통공사_역별 수송실적_20241231.csv
2024,정부청사,3,1112,190457,203976,대전교통공사_역별 수송실적_20241231.csv
2024,정부청사,4,1112,192889,205108,대전교통공사_역별 수송실적_20241231.csv
2024,정부청사,5,1112,199715,213408,대전교통공사_역별 수송실적_20241231.csv
2024,정부청사,6,1112,179949,194695,대전교통공사_역별 수송실적_20241231.csv
2024,정부청사,7,1112,192104,207158,대전교통공사_역별 수송실적_20241231.csv
2024,정부청사,8,1112,182806,195155,대전교통공사_역별 수송실적_20241231.csv
2024,정부청사,9,1112,164703,177280,대전교통공사_역별 수송실적_20241231.csv
2024,정부청사,10,1112,189684,203510,대전교통공사_역별 수송실적_20241231.csv
2024,정부청사,11,1112,195033,207907,대전교통공사_역별 수송실적_20241231.csv
2024,정부청사,12,1112,196783,212332,대전교통공사_역별 수송실적_20241231.csv
2026,정부청사,1,1112,192607,207463,대전교통공사_역별 수송실적_20260731.csv
2026,정부청사,2,1112,166329,179422,대전교통공사_역별 수송실적_20260731.csv
2026,정부청사,3,1112,204670,222867,대전교통공사_역별 수송실적_20260731.csv
2026,정부청사,4,1112,218356,235363,대전교통공사_역별 수송실적_20260731.csv
2026,정부청사,5,1112,202909,219713,대전교통공사_역별 수송실적_20260731.csv
2026,정부청사,6,1112,201641,216661,대전교통공사_역별 수송실적_20260731.csv
2026,정부청사,7,1112,197820,213823,대전교통공사_역별 수송실적_20260731.csv
2015,중구청,1,1106,76903,84004,대전교통공사_역별 수송실적_20151231.csv
2015,중구청,2,1106,63130,68750,대전교통공사_역별 수송실적_20151231.csv
2015,중구청,3,1106,82771,88301,대전교통공사_역별 수송실적_20151231.csv
2015,중구청,4,1106,82199,88531,대전교통공사_역별 수송실적_20151231.csv
2015,중구청,5,1106,79631,86032,대전교통공사_역별 수송실적_20151231.csv
2015,중구청,6,1106,63339,67895,대전교통공사_역별 수송실적_20151231.csv
2015,중구청,7,1106,76362,81890,대전교통공사_역별 수송실적_20151231.csv
2015,중구청,8,1106,69324,74033,대전교통공사_역별 수송실적_20151231.csv
2015,중구청,9,1106,74386,78631,대전교통공사_역별 수송실적_20151231.csv
2015,중구청,10,1106,80443,84741,대전교통공사_역별 수송실적_20151231.csv
2015,중구청,11,1106,77107,82066,대전교통공사_역별 수송실적_20151231.csv
2015,중구청,12,1106,77170,82681,대전교통공사_역별 수송실적_20151231.csv
2016,중구청,1,1106,68250,73021,대전교통공사_역별 수송실적_20161231.csv
2016,중구청,2,1106,64309,69159,대전교통공사_역별 수송실적_20161231.csv
2016,중구청,3,1106,80336,84719,대전교통공사_역별 수송실적_20161231.csv
2016,중구청,4,1106,75611,80850,대전교통공사_역별 수송실적_20161231.csv
2016,중구청,5,1106,77877,82876,대전교통공사_역별 수송실적_20161231.csv
2016,중구청,6,1106,73892,78622,대전교통공사_역별 수송실적_20161231.csv
2016,중구청,7,1106,71865,76025,대전교통공사_역별 수송실적_20161231.csv
2016,중구청,8,1106,68975,72608,대전교통공사_역별 수송실적_20161231.csv
2016,중구청,9,1106,67636,70777,대전교통공사_역별 수송실적_20161231.csv
2016,중구청,10,1106,75198,78086,대전교통공사_역별 수송실적_20161231.csv
2016,중구청,11,1106,75991,78808,대전교통공사_역별 수송실적_20161231.csv
2016,중구청,12,1106,75032,79004,대전교통공사_역별 수송실적_20161231.csv
2017,중구청,1,1106,64811,69834,대전교통공사_역별 수송실적_20171231.csv
2017,중구청,2,1106,65595,69989,대전교통공사_역별 수송실적_20171231.csv
2017,중구청,3,1106,78094,82019,대전교통공사_역별 수송실적_20171231.csv
2017,중구청,4,1106,73662,78152,대전교통공사_역별 수송실적_20171231.csv
2017,중구청,5,1106,74822,79185,대전교통공사_역별 수송실적_20171231.csv
2017,중구청,6,1106,74577,78393,대전교통공사_역별 수송실적_20171231.csv
2017,중구청,7,1106,72146,75660,대전교통공사_역별 수송실적_20171231.csv
2017,중구청,8,1106,71228,74550,대전교통공사_역별 수송실적_20171231.csv
2017,중구청,9,1106,76843,80019,대전교통공사_역별 수송실적_20171231.csv
2017,중구청,10,1106,67198,70832,대전교통공사_역별 수송실적_20171231.csv
2017,중구청,11,1106,79075,83061,대전교통공사_역별 수송실적_20171231.csv
2017,중구청,12,1106,74700,79099,대전교통공사_역별 수송실적_20171231.csv
2018,중구청,1,1106,73520,77848,대전교통공사_역별 수송실적_20181231.csv
2018,중구청,2,1106,60496,64911,대전교통공사_역별 수송실적_20181231.csv
2018,중구청,3,1106,77291,81760,대전교통공사_역별 수송실적_20181231.csv
2018,중구청,4,1106,75996,80622,대전교통공사_역별 수송실적_20181231.csv
2018,중구청,5,1106,76511,81348,대전교통공사_역별 수송실적_20181231.csv
2018,중구청,6,1106,70862,74661,대전교통공사_역별 수송실적_20181231.csv
2018,중구청,7,1106,70705,74504,대전교통공사_역별 수송실적_20181231.csv
2018,중구청,8,1106,67992,71687,대전교통공사_역별 수송실적_20181231.csv
2018,중구청,9,1106,65785,69779,대전교통공사_역별 수송실적_20181231.csv
2018,중구청,10,1106,76661,82116,대전교통공사_역별 수송실적_20181231.csv
2018,중구청,11,1106,76063,81615,대전교통공사_역별 수송실적_20181231.csv
2018,중구청,12,1106,71476,77023,대전교통공사_역별 수송실적_20181231.csv
2019,중구청,1,1106,73566,79677,대전교통공사_역별 수송실적_20191231.csv
2019,중구청,2,1106,59898,65124,대전교통공사_역별 수송실적_20191231.csv
2019,중구청,3,1106,73545,79220,대전교통공사_역별 수송실적_20191231.csv
2019,중구청,4,1106,76932,83392,대전교통공사_역별 수송실적_20191231.csv
2019,중구청,5,1106,77919,85180,대전교통공사_역별 수송실적_20191231.csv
2019,중구청,6,1106,68973,74788,대전교통공사_역별 수송실적_20191231.csv
2019,중구청,7,1106,75282,81180,대전교통공사_역별 수송실적_20191231.csv
2019,중구청,8,1106,68224,73848,대전교통공사_역별 수송실적_20191231.csv
2019,중구청,9,1106,65636,69823,대전교통공사_역별 수송실적_20191231.csv
2019,중구청,10,1106,76193,81015,대전교통공사_역별 수송실적_20191231.csv
2019,중구청,11,1106,74188,78833,대전교통공사_역별 수송실적_20191231.csv
2019,중구청,12,1106,72530,78457,대전교통공사_역별 수송실적_20191231.csv
2020,중구청,1,1106,65789,70913,대전교통공사_역별 수송실적_20200531.csv
2020,중구청,2,1106,49642,54169,대전교통공사_역별 수송실적_20200531.csv
2020,중구청,3,1106,35769,38308,대전교통공사_역별 수송실적_20200531.csv
2020,중구청,4,1106,41141,44478,대전교통공사_역별 수송실적_20200531.csv
2020,중구청,5,1106,48683,53046,대전교통공사_역별 수송실적_20200531.csv
2020,중구청,6,1106,50938,53638,대전교통공사_역별 수송실적_20211231.csv
2020,중구청,7,1106,49406,51963,대전교통공사_역별 수송실적_20211231.csv
2020,중구청,8,1106,46243,48380,대전교통공사_역별 수송실적_20211231.csv
2020,중구청,9,1106,44971,46492,대전교통공사_역별 수송실적_20211231.csv
2020,중구청,10,1106,49124,51877,대전교통공사_역별 수송실적_20211231.csv
2020,중구청,11,1106,54104,56643,대전교통공사_역별 수송실적_20211231.csv
2020,중구청,12,1106,47048,49033,대전교통공사_역별 수송실적_20211231.csv
2021,중구청,1,1106,44321,46393,대전교통공사_역별 수송실적_20211231.csv
2021,중구청,2,1106,41206,43038,대전교통공사_역별 수송실적_20211231.csv
2021,중구청,3,1106,54329,56864,대전교통공사_역별 수송실적_20211231.csv
2021,중구청,4,1106,52058,54754,대전교통공사_역별 수송실적_20211231.csv
2021,중구청,5,1106,50363,53574,대전교통공사_역별 수송실적_20211231.csv
2021,중구청,6,1106,53256,55873,대전교통공사_역별 수송실적_20211231.csv
2021,중구청,7,1106,50271,52917,대전교통공사_역별 수송실적_20211231.csv
2021,중구청,8,1106,43332,45546,대전교통공사_역별 수송실적_20211231.csv
2021,중구청,9,1106,45945,48253,대전교통공사_역별 수송실적_20211231.csv
2021,중구청,10,1106,51414,53856,대전교통공사_역별 수송실적_20211231.csv
2021,중구청,11,1106,57835,62064,대전교통공사_역별 수송실적_20211231.csv
2021,중구청,12,1106,55184,57582,대전교통공사_역별 수송실적_20211231.csv
2022,중구청,1,1106,48228,51128,대전교통공사_역별 수송실적_20221231.csv
2022,중구청,2,1106,40194,42743,대전교통공사_역별 수송실적_20221231.csv
2022,중구청,3,1106,48536,50654,대전교통공사_역별 수송실적_20221231.csv
2022,중구청,4,1106,52623,54929,대전교통공사_역별 수송실적_20221231.csv
2022,중구청,5,1106,63368,70646,대전교통공사_역별 수송실적_20221231.csv
2022,중구청,6,1106,57005,59461,대전교통공사_역별 수송실적_20221231.csv
2022,중구청,7,1106,56212,58618,대전교통공사_역별 수송실적_20221231.csv
2022,중구청,8,1106,52825,55256,대전교통공사_역별 수송실적_20221231.csv
2022,중구청,9,1106,55855,57621,대전교통공사_역별 수송실적_20221231.csv
2022,중구청,10,1106,59382,61927,대전교통공사_역별 수송실적_20221231.csv
2022,중구청,11,1106,61942,64532,대전교통공사_역별 수송실적_20221231.csv
2022,중구청,12,1106,61687,64283,대전교통공사_역별 수송실적_20221231.csv
2023,중구청,1,1106,53210,56637,대전교통공사_역별 수송실적_20231231.csv
2023,중구청,2,1106,53650,57446,대전교통공사_역별 수송실적_20231231.csv
2023,중구청,3,1106,63875,66255,대전교통공사_역별 수송실적_20231231.csv
2023,중구청,4,1106,60363,62876,대전교통공사_역별 수송실적_20231231.csv
2023,중구청,5,1106,62749,66291,대전교통공사_역별 수송실적_20231231.csv
2023,중구청,6,1106,61457,65202,대전교통공사_역별 수송실적_20231231.csv
2023,중구청,7,1106,59061,62237,대전교통공사_역별 수송실적_20231231.csv
2023,중구청,8,1106,69292,72779,대전교통공사_역별 수송실적_20231231.csv
2023,중구청,9,1106,59322,61169,대전교통공사_역별 수송실적_20231231.csv
2023,중구청,10,1106,60639,63755,대전교통공사_역별 수송실적_20231231.csv
2023,중구청,11,1106,63068,65737,대전교통공사_역별 수송실적_20231231.csv
2023,중구청,12,1106,59498,62548,대전교통공사_역별 수송실적_20231231.csv
2024,중구청,1,1106,59455,63503,대전교통공사_역별 수송실적_20241231.csv
2024,중구청,2,1106,53101,56557,대전교통공사_역별 수송실적_20241231.csv
2024,중구청,3,1106,64005,66952,대전교통공사_역별 수송실적_20241231.csv
2024,중구청,4,1106,66127,69651,대전교통공사_역별 수송실적_20241231.csv
2024,중구청,5,1106,68166,71960,대전교통공사_역별 수송실적_20241231.csv
2024,중구청,6,1106,62832,65734,대전교통공사_역별 수송실적_20241231.csv
2024,중구청,7,1106,65331,67716,대전교통공사_역별 수송실적_20241231.csv
2024,중구청,8,1106,70500,74714,대전교통공사_역별 수송실적_20241231.csv
2024,중구청,9,1106,57265,58847,대전교통공사_역별 수송실적_20241231.csv
2024,중구청,10,1106,64152,66295,대전교통공사_역별 수송실적_20241231.csv
2024,중구청,11,1106,64817,66855,대전교통공사_역별 수송실적_20241231.csv
2024,중구청,12,1106,64183,66830,대전교통공사_역별 수송실적_20241231.csv
2026,중구청,1,1106,65602,68823,대전교통공사_역별 수송실적_20260731.csv
2026,중구청,2,1106,57423,61292,대전교통공사_역별 수송실적_20260731.csv
2026,중구청,3,1106,74516,77723,대전교통공사_역별 수송실적_20260731.csv
2026,중구청,4,1106,78793,82139,대전교통공사_역별 수송실적_20260731.csv
2026,중구청,5,1106,73169,76967,대전교통공사_역별 수송실적_20260731.csv
2026,중구청,6,1106,73179,75900,대전교통공사_역별 수송실적_20260731.csv
2026,중구청,7,1106,70366,73409,대전교통공사_역별 수송실적_20260731.csv
2015,중앙로,1,1105,217749,239720,대전교통공사_역별 수송실적_20151231.csv
2015,중앙로,2,1105,202138,221174,대전교통공사_역별 수송실적_20151231.csv
2015,중앙로,3,1105,219426,240776,대전교통공사_역별 수송실적_20151231.csv
2015,중앙로,4,1105,197064,220220,대전교통공사_역별 수송실적_20151231.csv
2015,중앙로,5,1105,236105,260536,대전교통공사_역별 수송실적_20151231.csv
2015,중앙로,6,1105,167146,184676,대전교통공사_역별 수송실적_20151231.csv
2015,중앙로,7,1105,210010,229236,대전교통공사_역별 수송실적_20151231.csv
2015,중앙로,8,1105,207396,226973,대전교통공사_역별 수송실적_20151231.csv
2015,중앙로,9,1105,200365,220826,대전교통공사_역별 수송실적_20151231.csv
2015,중앙로,10,1105,212766,234283,대전교통공사_역별 수송실적_20151231.csv
2015,중앙로,11,1105,201850,221772,대전교통공사_역별 수송실적_20151231.csv
2015,중앙로,12,1105,243757,265242,대전교통공사_역별 수송실적_20151231.csv
2016,중앙로,1,1105,211815,232093,대전교통공사_역별 수송실적_20161231.csv
2016,중앙로,2,1105,218467,235944,대전교통공사_역별 수송실적_20161231.csv
2016,중앙로,3,1105,219875,240296,대전교통공사_역별 수송실적_20161231.csv
2016,중앙로,4,1105,205378,227784,대전교통공사_역별 수송실적_20161231.csv
2016,중앙로,5,1105,230817,253134,대전교통공사_역별 수송실적_20161231.csv
2016,중앙로,6,1105,197360,217252,대전교통공사_역별 수송실적_20161231.csv
2016,중앙로,7,1105,216645,235582,대전교통공사_역별 수송실적_20161231.csv
2016,중앙로,8,1105,211162,231806,대전교통공사_역별 수송실적_20161231.csv
2016,중앙로,9,1105,194371,216598,대전교통공사_역별 수송실적_20161231.csv
2016,중앙로,10,1105,206377,227518,대전교통공사_역별 수송실적_20161231.csv
2016,중앙로,11,1105,198232,218794,대전교통공사_역별 수송실적_20161231.csv
2016,중앙로,12,1105,230077,251625,대전교통공사_역별 수송실적_20161231.csv
2017,중앙로,1,1105,204935,226823,대전교통공사_역별 수송실적_20171231.csv
2017,중앙로,2,1105,212507,234378,대전교통공사_역별 수송실적_20171231.csv
2017,중앙로,3,1105,213514,235236,대전교통공사_역별 수송실적_20171231.csv
2017,중앙로,4,1105,199037,221142,대전교통공사_역별 수송실적_20171231.csv
2017,중앙로,5,1105,221769,245494,대전교통공사_역별 수송실적_20171231.csv
2017,중앙로,6,1105,196753,219027,대전교통공사_역별 수송실적_20171231.csv
2017,중앙로,7,1105,211363,231352,대전교통공사_역별 수송실적_20171231.csv
2017,중앙로,8,1105,203381,224934,대전교통공사_역별 수송실적_20171231.csv
2017,중앙로,9,1105,200698,222559,대전교통공사_역별 수송실적_20171231.csv
2017,중앙로,10,1105,195529,215240,대전교통공사_역별 수송실적_20171231.csv
2017,중앙로,11,1105,194635,215742,대전교통공사_역별 수송실적_20171231.csv
2017,중앙로,12,1105,227043,248044,대전교통공사_역별 수송실적_20171231.csv
2018,중앙로,1,1105,202440,223767,대전교통공사_역별 수송실적_20181231.csv
2018,중앙로,2,1105,194715,213812,대전교통공사_역별 수송실적_20181231.csv
2018,중앙로,3,1105,213646,235855,대전교통공사_역별 수송실적_20181231.csv
2018,중앙로,4,1105,191537,213416,대전교통공사_역별 수송실적_20181231.csv
2018,중앙로,5,1105,218206,240537,대전교통공사_역별 수송실적_20181231.csv
2018,중앙로,6,1105,194073,216566,대전교통공사_역별 수송실적_20181231.csv
2018,중앙로,7,1105,209556,232526,대전교통공사_역별 수송실적_20181231.csv
2018,중앙로,8,1105,203477,223600,대전교통공사_역별 수송실적_20181231.csv
2018,중앙로,9,1105,189585,210726,대전교통공사_역별 수송실적_20181231.csv
2018,중앙로,10,1105,204208,223706,대전교통공사_역별 수송실적_20181231.csv
2018,중앙로,11,1105,196141,217751,대전교통공사_역별 수송실적_20181231.csv
2018,중앙로,12,1105,219046,239959,대전교통공사_역별 수송실적_20181231.csv
2019,중앙로,1,1105,207834,227764,대전교통공사_역별 수송실적_20191231.csv
2019,중앙로,2,1105,194192,213731,대전교통공사_역별 수송실적_20191231.csv
2019,중앙로,3,1105,206113,227008,대전교통공사_역별 수송실적_20191231.csv
2019,중앙로,4,1105,189117,210069,대전교통공사_역별 수송실적_20191231.csv
2019,중앙로,5,1105,215687,238381,대전교통공사_역별 수송실적_20191231.csv
2019,중앙로,6,1105,189905,210869,대전교통공사_역별 수송실적_20191231.csv
2019,중앙로,7,1105,205061,226607,대전교통공사_역별 수송실적_20191231.csv
2019,중앙로,8,1105,202415,223041,대전교통공사_역별 수송실적_20191231.csv
2019,중앙로,9,1105,182351,202380,대전교통공사_역별 수송실적_20191231.csv
2019,중앙로,10,1105,193373,215019,대전교통공사_역별 수송실적_20191231.csv
2019,중앙로,11,1105,186547,208632,대전교통공사_역별 수송실적_20191231.csv
2019,중앙로,12,1105,212489,235300,대전교통공사_역별 수송실적_20191231.csv
2020,중앙로,1,1105,186599,207634,대전교통공사_역별 수송실적_20200531.csv
2020,중앙로,2,1105,135093,148384,대전교통공사_역별 수송실적_20200531.csv
2020,중앙로,3,1105,77624,85910,대전교통공사_역별 수송실적_20200531.csv
2020,중앙로,4,1105,99793,112023,대전교통공사_역별 수송실적_20200531.csv
2020,중앙로,5,1105,131212,148421,대전교통공사_역별 수송실적_20200531.csv
2020,중앙로,6,1105,116007,128223,대전교통공사_역별 수송실적_20211231.csv
2020,중앙로,7,1105,112863,125416,대전교통공사_역별 수송실적_20211231.csv
2020,중앙로,8,1105,117901,129749,대전교통공사_역별 수송실적_20211231.csv
2020,중앙로,9,1105,100549,112475,대전교통공사_역별 수송실적_20211231.csv
2020,중앙로,10,1105,120901,135790,대전교통공사_역별 수송실적_20211231.csv
2020,중앙로,11,1105,128255,142892,대전교통공사_역별 수송실적_20211231.csv
2020,중앙로,12,1105,106034,114487,대전교통공사_역별 수송실적_20211231.csv
2021,중앙로,1,1105,107961,117605,대전교통공사_역별 수송실적_20211231.csv
2021,중앙로,2,1105,114053,124374,대전교통공사_역별 수송실적_20211231.csv
2021,중앙로,3,1105,130453,145486,대전교통공사_역별 수송실적_20211231.csv
2021,중앙로,4,1105,118001,129530,대전교통공사_역별 수송실적_20211231.csv
2021,중앙로,5,1105,130372,145295,대전교통공사_역별 수송실적_20211231.csv
2021,중앙로,6,1105,126023,139491,대전교통공사_역별 수송실적_20211231.csv
2021,중앙로,7,1105,126945,138107,대전교통공사_역별 수송실적_20211231.csv
2021,중앙로,8,1105,111080,119884,대전교통공사_역별 수송실적_20211231.csv
2021,중앙로,9,1105,118545,129915,대전교통공사_역별 수송실적_20211231.csv
2021,중앙로,10,1105,131797,144743,대전교통공사_역별 수송실적_20211231.csv
2021,중앙로,11,1105,136593,151778,대전교통공사_역별 수송실적_20211231.csv
2021,중앙로,12,1105,141199,152910,대전교통공사_역별 수송실적_20211231.csv
2022,중앙로,1,1105,134600,145082,대전교통공사_역별 수송실적_20221231.csv
2022,중앙로,2,1105,112270,119989,대전교통공사_역별 수송실적_20221231.csv
2022,중앙로,3,1105,122776,129843,대전교통공사_역별 수송실적_20221231.csv
2022,중앙로,4,1105,132929,145954,대전교통공사_역별 수송실적_20221231.csv
2022,중앙로,5,1105,162828,175516,대전교통공사_역별 수송실적_20221231.csv
2022,중앙로,6,1105,142274,156353,대전교통공사_역별 수송실적_20221231.csv
2022,중앙로,7,1105,153752,167626,대전교통공사_역별 수송실적_20221231.csv
2022,중앙로,8,1105,143421,157209,대전교통공사_역별 수송실적_20221231.csv
2022,중앙로,9,1105,137715,152854,대전교통공사_역별 수송실적_20221231.csv
2022,중앙로,10,1105,152734,167274,대전교통공사_역별 수송실적_20221231.csv
2022,중앙로,11,1105,141020,155571,대전교통공사_역별 수송실적_20221231.csv
2022,중앙로,12,1105,167930,182775,대전교통공사_역별 수송실적_20221231.csv
2023,중앙로,1,1105,150261,165006,대전교통공사_역별 수송실적_20231231.csv
2023,중앙로,2,1105,155600,171044,대전교통공사_역별 수송실적_20231231.csv
2023,중앙로,3,1105,157885,173968,대전교통공사_역별 수송실적_20231231.csv
2023,중앙로,4,1105,150194,165512,대전교통공사_역별 수송실적_20231231.csv
2023,중앙로,5,1105,162978,178251,대전교통공사_역별 수송실적_20231231.csv
2023,중앙로,6,1105,157771,172187,대전교통공사_역별 수송실적_20231231.csv
2023,중앙로,7,1105,167455,182090,대전교통공사_역별 수송실적_20231231.csv
2023,중앙로,8,1105,230352,247541,대전교통공사_역별 수송실적_20231231.csv
2023,중앙로,9,1105,150580,168941,대전교통공사_역별 수송실적_20231231.csv
2023,중앙로,10,1105,163859,183131,대전교통공사_역별 수송실적_20231231.csv
2023,중앙로,11,1105,155256,171450,대전교통공사_역별 수송실적_20231231.csv
2023,중앙로,12,1105,184651,203280,대전교통공사_역별 수송실적_20231231.csv
2024,중앙로,1,1105,170912,187244,대전교통공사_역별 수송실적_20241231.csv
2024,중앙로,2,1105,165652,182331,대전교통공사_역별 수송실적_20241231.csv
2024,중앙로,3,1105,172816,188401,대전교통공사_역별 수송실적_20241231.csv
2024,중앙로,4,1105,164598,180163,대전교통공사_역별 수송실적_20241231.csv
2024,중앙로,5,1105,191009,204301,대전교통공사_역별 수송실적_20241231.csv
2024,중앙로,6,1105,173389,189039,대전교통공사_역별 수송실적_20241231.csv
2024,중앙로,7,1105,194708,211538,대전교통공사_역별 수송실적_20241231.csv
2024,중앙로,8,1105,266771,283399,대전교통공사_역별 수송실적_20241231.csv
2024,중앙로,9,1105,163889,179234,대전교통공사_역별 수송실적_20241231.csv
2024,중앙로,10,1105,171784,189725,대전교통공사_역별 수송실적_20241231.csv
2024,중앙로,11,1105,168184,187272,대전교통공사_역별 수송실적_20241231.csv
2024,중앙로,12,1105,191786,211196,대전교통공사_역별 수송실적_20241231.csv
2026,중앙로,1,1105,221954,242785,대전교통공사_역별 수송실적_20260731.csv
2026,중앙로,2,1105,204380,223275,대전교통공사_역별 수송실적_20260731.csv
2026,중앙로,3,1105,211897,228623,대전교통공사_역별 수송실적_20260731.csv
2026,중앙로,4,1105,206546,223455,대전교통공사_역별 수송실적_20260731.csv
2026,중앙로,5,1105,236317,256283,대전교통공사_역별 수송실적_20260731.csv
2026,중앙로,6,1105,208419,228302,대전교통공사_역별 수송실적_20260731.csv
2026,중앙로,7,1105,237680,257709,대전교통공사_역별 수송실적_20260731.csv
2015,지족,1,1121,90410,86414,대전교통공사_역별 수송실적_20151231.csv
2015,지족,2,1121,75538,71770,대전교통공사_역별 수송실적_20151231.csv
2015,지족,3,1121,102807,99351,대전교통공사_역별 수송실적_20151231.csv
2015,지족,4,1121,99733,96104,대전교통공사_역별 수송실적_20151231.csv
2015,지족,5,1121,98185,93185,대전교통공사_역별 수송실적_20151231.csv
2015,지족,6,1121,82110,80174,대전교통공사_역별 수송실적_20151231.csv
2015,지족,7,1121,88212,85121,대전교통공사_역별 수송실적_20151231.csv
2015,지족,8,1121,84429,81207,대전교통공사_역별 수송실적_20151231.csv
2015,지족,9,1121,90728,88181,대전교통공사_역별 수송실적_20151231.csv
2015,지족,10,1121,97810,93160,대전교통공사_역별 수송실적_20151231.csv
2015,지족,11,1121,95548,91612,대전교통공사_역별 수송실적_20151231.csv
2015,지족,12,1121,96072,91381,대전교통공사_역별 수송실적_20151231.csv
2016,지족,1,1121,86574,82928,대전교통공사_역별 수송실적_20161231.csv
2016,지족,2,1121,77989,73941,대전교통공사_역별 수송실적_20161231.csv
2016,지족,3,1121,98622,95020,대전교통공사_역별 수송실적_20161231.csv
2016,지족,4,1121,93678,89543,대전교통공사_역별 수송실적_20161231.csv
2016,지족,5,1121,95774,92631,대전교통공사_역별 수송실적_20161231.csv
2016,지족,6,1121,89684,86739,대전교통공사_역별 수송실적_20161231.csv
2016,지족,7,1121,85418,82011,대전교통공사_역별 수송실적_20161231.csv
2016,지족,8,1121,84021,81090,대전교통공사_역별 수송실적_20161231.csv
2016,지족,9,1121,88586,84617,대전교통공사_역별 수송실적_20161231.csv
2016,지족,10,1121,95849,92237,대전교통공사_역별 수송실적_20161231.csv
2016,지족,11,1121,96335,91747,대전교통공사_역별 수송실적_20161231.csv
2016,지족,12,1121,98081,92814,대전교통공사_역별 수송실적_20161231.csv
2017,지족,1,1121,85546,81933,대전교통공사_역별 수송실적_20171231.csv
2017,지족,2,1121,85086,81102,대전교통공사_역별 수송실적_20171231.csv
2017,지족,3,1121,101226,96832,대전교통공사_역별 수송실적_20171231.csv
2017,지족,4,1121,94516,90550,대전교통공사_역별 수송실적_20171231.csv
2017,지족,5,1121,96074,91614,대전교통공사_역별 수송실적_20171231.csv
2017,지족,6,1121,92172,88116,대전교통공사_역별 수송실적_20171231.csv
2017,지족,7,1121,84106,80997,대전교통공사_역별 수송실적_20171231.csv
2017,지족,8,1121,84606,81095,대전교통공사_역별 수송실적_20171231.csv
2017,지족,9,1121,92343,88287,대전교통공사_역별 수송실적_20171231.csv
2017,지족,10,1121,80930,76960,대전교통공사_역별 수송실적_20171231.csv
2017,지족,11,1121,93205,89272,대전교통공사_역별 수송실적_20171231.csv
2017,지족,12,1121,90674,85843,대전교통공사_역별 수송실적_20171231.csv
2018,지족,1,1121,87613,83473,대전교통공사_역별 수송실적_20181231.csv
2018,지족,2,1121,75745,71688,대전교통공사_역별 수송실적_20181231.csv
2018,지족,3,1121,94930,90185,대전교통공사_역별 수송실적_20181231.csv
2018,지족,4,1121,90278,87709,대전교통공사_역별 수송실적_20181231.csv
2018,지족,5,1121,93357,90165,대전교통공사_역별 수송실적_20181231.csv
2018,지족,6,1121,83941,81184,대전교통공사_역별 수송실적_20181231.csv
2018,지족,7,1121,82151,80301,대전교통공사_역별 수송실적_20181231.csv
2018,지족,8,1121,81102,78757,대전교통공사_역별 수송실적_20181231.csv
2018,지족,9,1121,78911,75941,대전교통공사_역별 수송실적_20181231.csv
2018,지족,10,1121,91570,88318,대전교통공사_역별 수송실적_20181231.csv
2018,지족,11,1121,92617,88933,대전교통공사_역별 수송실적_20181231.csv
2018,지족,12,1121,87647,83439,대전교통공사_역별 수송실적_20181231.csv
2019,지족,1,1121,87013,84328,대전교통공사_역별 수송실적_20191231.csv
2019,지족,2,1121,72584,69557,대전교통공사_역별 수송실적_20191231.csv
2019,지족,3,1121,90262,87549,대전교통공사_역별 수송실적_20191231.csv
2019,지족,4,1121,91089,88550,대전교통공사_역별 수송실적_20191231.csv
2019,지족,5,1121,95051,92269,대전교통공사_역별 수송실적_20191231.csv
2019,지족,6,1121,81740,79773,대전교통공사_역별 수송실적_20191231.csv
2019,지족,7,1121,84601,82551,대전교통공사_역별 수송실적_20191231.csv
2019,지족,8,1121,78460,76098,대전교통공사_역별 수송실적_20191231.csv
2019,지족,9,1121,81264,79077,대전교통공사_역별 수송실적_20191231.csv
2019,지족,10,1121,89021,86479,대전교통공사_역별 수송실적_20191231.csv
2019,지족,11,1121,88613,85904,대전교통공사_역별 수송실적_20191231.csv
2019,지족,12,1121,88474,85461,대전교통공사_역별 수송실적_20191231.csv
2020,지족,1,1121,78454,75856,대전교통공사_역별 수송실적_20200531.csv
2020,지족,2,1121,63112,61533,대전교통공사_역별 수송실적_20200531.csv
2020,지족,3,1121,42955,41829,대전교통공사_역별 수송실적_20200531.csv
2020,지족,4,1121,45483,43831,대전교통공사_역별 수송실적_20200531.csv
2020,지족,5,1121,54258,51867,대전교통공사_역별 수송실적_20200531.csv
2020,지족,6,1121,53580,51547,대전교통공사_역별 수송실적_20211231.csv
2020,지족,7,1121,52611,51046,대전교통공사_역별 수송실적_20211231.csv
2020,지족,8,1121,47137,45188,대전교통공사_역별 수송실적_20211231.csv
2020,지족,9,1121,45460,43573,대전교통공사_역별 수송실적_20211231.csv
2020,지족,10,1121,49112,46567,대전교통공사_역별 수송실적_20211231.csv
2020,지족,11,1121,52154,49408,대전교통공사_역별 수송실적_20211231.csv
2020,지족,12,1121,43338,41743,대전교통공사_역별 수송실적_20211231.csv
2021,지족,1,1121,43033,41138,대전교통공사_역별 수송실적_20211231.csv
2021,지족,2,1121,41539,39359,대전교통공사_역별 수송실적_20211231.csv
2021,지족,3,1121,56098,53898,대전교통공사_역별 수송실적_20211231.csv
2021,지족,4,1121,50987,48760,대전교통공사_역별 수송실적_20211231.csv
2021,지족,5,1121,51740,49761,대전교통공사_역별 수송실적_20211231.csv
2021,지족,6,1121,50699,48457,대전교통공사_역별 수송실적_20211231.csv
2021,지족,7,1121,45447,43298,대전교통공사_역별 수송실적_20211231.csv
2021,지족,8,1121,40687,39405,대전교통공사_역별 수송실적_20211231.csv
2021,지족,9,1121,47516,45196,대전교통공사_역별 수송실적_20211231.csv
2021,지족,10,1121,52227,49580,대전교통공사_역별 수송실적_20211231.csv
2021,지족,11,1121,55181,51932,대전교통공사_역별 수송실적_20211231.csv
2021,지족,12,1121,51084,48948,대전교통공사_역별 수송실적_20211231.csv
2022,지족,1,1121,47610,45668,대전교통공사_역별 수송실적_20221231.csv
2022,지족,2,1121,39942,38663,대전교통공사_역별 수송실적_20221231.csv
2022,지족,3,1121,50804,48915,대전교통공사_역별 수송실적_20221231.csv
2022,지족,4,1121,55451,52356,대전교통공사_역별 수송실적_20221231.csv
2022,지족,5,1121,62102,58551,대전교통공사_역별 수송실적_20221231.csv
2022,지족,6,1121,58240,55333,대전교통공사_역별 수송실적_20221231.csv
2022,지족,7,1121,54903,52189,대전교통공사_역별 수송실적_20221231.csv
2022,지족,8,1121,51997,49721,대전교통공사_역별 수송실적_20221231.csv
2022,지족,9,1121,57999,54440,대전교통공사_역별 수송실적_20221231.csv
2022,지족,10,1121,59950,56744,대전교통공사_역별 수송실적_20221231.csv
2022,지족,11,1121,61818,58515,대전교통공사_역별 수송실적_20221231.csv
2022,지족,12,1121,64227,60861,대전교통공사_역별 수송실적_20221231.csv
2023,지족,1,1121,56632,53770,대전교통공사_역별 수송실적_20231231.csv
2023,지족,2,1121,56579,54081,대전교통공사_역별 수송실적_20231231.csv
2023,지족,3,1121,66532,63572,대전교통공사_역별 수송실적_20231231.csv
2023,지족,4,1121,62233,59207,대전교통공사_역별 수송실적_20231231.csv
2023,지족,5,1121,64540,61171,대전교통공사_역별 수송실적_20231231.csv
2023,지족,6,1121,61298,58786,대전교통공사_역별 수송실적_20231231.csv
2023,지족,7,1121,57997,55670,대전교통공사_역별 수송실적_20231231.csv
2023,지족,8,1121,56240,54538,대전교통공사_역별 수송실적_20231231.csv
2023,지족,9,1121,57293,54511,대전교통공사_역별 수송실적_20231231.csv
2023,지족,10,1121,60774,57806,대전교통공사_역별 수송실적_20231231.csv
2023,지족,11,1121,63511,60816,대전교통공사_역별 수송실적_20231231.csv
2023,지족,12,1121,62681,59530,대전교통공사_역별 수송실적_20231231.csv
2024,지족,1,1121,61519,58661,대전교통공사_역별 수송실적_20241231.csv
2024,지족,2,1121,54795,52345,대전교통공사_역별 수송실적_20241231.csv
2024,지족,3,1121,62855,60567,대전교통공사_역별 수송실적_20241231.csv
2024,지족,4,1121,63581,60994,대전교통공사_역별 수송실적_20241231.csv
2024,지족,5,1121,64931,62318,대전교통공사_역별 수송실적_20241231.csv
2024,지족,6,1121,60240,58466,대전교통공사_역별 수송실적_20241231.csv
2024,지족,7,1121,65618,64531,대전교통공사_역별 수송실적_20241231.csv
2024,지족,8,1121,59792,58328,대전교통공사_역별 수송실적_20241231.csv
2024,지족,9,1121,58378,56543,대전교통공사_역별 수송실적_20241231.csv
2024,지족,10,1121,65380,63488,대전교통공사_역별 수송실적_20241231.csv
2024,지족,11,1121,66595,64353,대전교통공사_역별 수송실적_20241231.csv
2024,지족,12,1121,67072,64730,대전교통공사_역별 수송실적_20241231.csv
2026,지족,1,1121,62128,61081,대전교통공사_역별 수송실적_20260731.csv
2026,지족,2,1121,54168,53103,대전교통공사_역별 수송실적_20260731.csv
2026,지족,3,1121,65107,64195,대전교통공사_역별 수송실적_20260731.csv
2026,지족,4,1121,67251,66233,대전교통공사_역별 수송실적_20260731.csv
2026,지족,5,1121,63888,62266,대전교통공사_역별 수송실적_20260731.csv
2026,지족,6,1121,61921,60683,대전교통공사_역별 수송실적_20260731.csv
2026,지족,7,1121,60116,58684,대전교통공사_역별 수송실적_20260731.csv
2015,탄방,1,1110,164160,181992,대전교통공사_역별 수송실적_20151231.csv
2015,탄방,2,1110,136396,150984,대전교통공사_역별 수송실적_20151231.csv
2015,탄방,3,1110,167602,185462,대전교통공사_역별 수송실적_20151231.csv
2015,탄방,4,1110,161455,179554,대전교통공사_역별 수송실적_20151231.csv
2015,탄방,5,1110,160225,178636,대전교통공사_역별 수송실적_20151231.csv
2015,탄방,6,1110,135997,152341,대전교통공사_역별 수송실적_20151231.csv
2015,탄방,7,1110,154594,173902,대전교통공사_역별 수송실적_20151231.csv
2015,탄방,8,1110,148663,166379,대전교통공사_역별 수송실적_20151231.csv
2015,탄방,9,1110,150338,168426,대전교통공사_역별 수송실적_20151231.csv
2015,탄방,10,1110,160797,180004,대전교통공사_역별 수송실적_20151231.csv
2015,탄방,11,1110,154400,172963,대전교통공사_역별 수송실적_20151231.csv
2015,탄방,12,1110,165052,185672,대전교통공사_역별 수송실적_20151231.csv
2016,탄방,1,1110,151458,168160,대전교통공사_역별 수송실적_20161231.csv
2016,탄방,2,1110,137537,152840,대전교통공사_역별 수송실적_20161231.csv
2016,탄방,3,1110,161574,178420,대전교통공사_역별 수송실적_20161231.csv
2016,탄방,4,1110,152253,168916,대전교통공사_역별 수송실적_20161231.csv
2016,탄방,5,1110,157918,176453,대전교통공사_역별 수송실적_20161231.csv
2016,탄방,6,1110,154112,173144,대전교통공사_역별 수송실적_20161231.csv
2016,탄방,7,1110,153491,172355,대전교통공사_역별 수송실적_20161231.csv
2016,탄방,8,1110,150005,167350,대전교통공사_역별 수송실적_20161231.csv
2016,탄방,9,1110,140495,158138,대전교통공사_역별 수송실적_20161231.csv
2016,탄방,10,1110,152650,174615,대전교통공사_역별 수송실적_20161231.csv
2016,탄방,11,1110,152936,173278,대전교통공사_역별 수송실적_20161231.csv
2016,탄방,12,1110,166089,189227,대전교통공사_역별 수송실적_20161231.csv
2017,탄방,1,1110,150724,169012,대전교통공사_역별 수송실적_20171231.csv
2017,탄방,2,1110,148053,163782,대전교통공사_역별 수송실적_20171231.csv
2017,탄방,3,1110,162561,181787,대전교통공사_역별 수송실적_20171231.csv
2017,탄방,4,1110,152157,170128,대전교통공사_역별 수송실적_20171231.csv
2017,탄방,5,1110,158553,177570,대전교통공사_역별 수송실적_20171231.csv
2017,탄방,6,1110,153779,172487,대전교통공사_역별 수송실적_20171231.csv
2017,탄방,7,1110,150504,168178,대전교통공사_역별 수송실적_20171231.csv
2017,탄방,8,1110,153352,171842,대전교통공사_역별 수송실적_20171231.csv
2017,탄방,9,1110,159154,178338,대전교통공사_역별 수송실적_20171231.csv
2017,탄방,10,1110,140555,158816,대전교통공사_역별 수송실적_20171231.csv
2017,탄방,11,1110,159339,179830,대전교통공사_역별 수송실적_20171231.csv
2017,탄방,12,1110,166934,188613,대전교통공사_역별 수송실적_20171231.csv
2018,탄방,1,1110,166770,185059,대전교통공사_역별 수송실적_20181231.csv
2018,탄방,2,1110,137512,151811,대전교통공사_역별 수송실적_20181231.csv
2018,탄방,3,1110,164833,183118,대전교통공사_역별 수송실적_20181231.csv
2018,탄방,4,1110,156067,173799,대전교통공사_역별 수송실적_20181231.csv
2018,탄방,5,1110,161715,180777,대전교통공사_역별 수송실적_20181231.csv
2018,탄방,6,1110,152698,169081,대전교통공사_역별 수송실적_20181231.csv
2018,탄방,7,1110,154660,171144,대전교통공사_역별 수송실적_20181231.csv
2018,탄방,8,1110,148717,164509,대전교통공사_역별 수송실적_20181231.csv
2018,탄방,9,1110,141020,156922,대전교통공사_역별 수송실적_20181231.csv
2018,탄방,10,1110,161331,178614,대전교통공사_역별 수송실적_20181231.csv
2018,탄방,11,1110,161786,180720,대전교통공사_역별 수송실적_20181231.csv
2018,탄방,12,1110,165239,183164,대전교통공사_역별 수송실적_20181231.csv
2019,탄방,1,1110,165944,181698,대전교통공사_역별 수송실적_20191231.csv
2019,탄방,2,1110,135238,148639,대전교통공사_역별 수송실적_20191231.csv
2019,탄방,3,1110,160137,175661,대전교통공사_역별 수송실적_20191231.csv
2019,탄방,4,1110,158920,174611,대전교통공사_역별 수송실적_20191231.csv
2019,탄방,5,1110,166130,183972,대전교통공사_역별 수송실적_20191231.csv
2019,탄방,6,1110,153214,168218,대전교통공사_역별 수송실적_20191231.csv
2019,탄방,7,1110,161760,176626,대전교통공사_역별 수송실적_20191231.csv
2019,탄방,8,1110,149426,162672,대전교통공사_역별 수송실적_20191231.csv
2019,탄방,9,1110,142991,158007,대전교통공사_역별 수송실적_20191231.csv
2019,탄방,10,1110,159012,175684,대전교통공사_역별 수송실적_20191231.csv
2019,탄방,11,1110,155788,172066,대전교통공사_역별 수송실적_20191231.csv
2019,탄방,12,1110,163909,182356,대전교통공사_역별 수송실적_20191231.csv
2020,탄방,1,1110,148694,160913,대전교통공사_역별 수송실적_20200531.csv
2020,탄방,2,1110,115657,126219,대전교통공사_역별 수송실적_20200531.csv
2020,탄방,3,1110,77052,84329,대전교통공사_역별 수송실적_20200531.csv
2020,탄방,4,1110,88697,97298,대전교통공사_역별 수송실적_20200531.csv
2020,탄방,5,1110,104394,114450,대전교통공사_역별 수송실적_20200531.csv
2020,탄방,6,1110,104649,114569,대전교통공사_역별 수송실적_20211231.csv
2020,탄방,7,1110,103171,112914,대전교통공사_역별 수송실적_20211231.csv
2020,탄방,8,1110,96257,105868,대전교통공사_역별 수송실적_20211231.csv
2020,탄방,9,1110,92609,101611,대전교통공사_역별 수송실적_20211231.csv
2020,탄방,10,1110,102493,112143,대전교통공사_역별 수송실적_20211231.csv
2020,탄방,11,1110,108868,119778,대전교통공사_역별 수송실적_20211231.csv
2020,탄방,12,1110,97740,106250,대전교통공사_역별 수송실적_20211231.csv
2021,탄방,1,1110,101074,108158,대전교통공사_역별 수송실적_20211231.csv
2021,탄방,2,1110,93019,100804,대전교통공사_역별 수송실적_20211231.csv
2021,탄방,3,1110,112444,122617,대전교통공사_역별 수송실적_20211231.csv
2021,탄방,4,1110,108766,117410,대전교통공사_역별 수송실적_20211231.csv
2021,탄방,5,1110,106595,115796,대전교통공사_역별 수송실적_20211231.csv
2021,탄방,6,1110,110655,120182,대전교통공사_역별 수송실적_20211231.csv
2021,탄방,7,1110,105718,113292,대전교통공사_역별 수송실적_20211231.csv
2021,탄방,8,1110,93360,99850,대전교통공사_역별 수송실적_20211231.csv
2021,탄방,9,1110,94289,102900,대전교통공사_역별 수송실적_20211231.csv
2021,탄방,10,1110,104574,114111,대전교통공사_역별 수송실적_20211231.csv
2021,탄방,11,1110,112513,122017,대전교통공사_역별 수송실적_20211231.csv
2021,탄방,12,1110,110604,120527,대전교통공사_역별 수송실적_20211231.csv
2022,탄방,1,1110,104472,112370,대전교통공사_역별 수송실적_20221231.csv
2022,탄방,2,1110,85609,92270,대전교통공사_역별 수송실적_20221231.csv
2022,탄방,3,1110,98898,107077,대전교통공사_역별 수송실적_20221231.csv
2022,탄방,4,1110,106175,115739,대전교통공사_역별 수송실적_20221231.csv
2022,탄방,5,1110,118080,130665,대전교통공사_역별 수송실적_20221231.csv
2022,탄방,6,1110,116248,127370,대전교통공사_역별 수송실적_20221231.csv
2022,탄방,7,1110,117563,129022,대전교통공사_역별 수송실적_20221231.csv
2022,탄방,8,1110,111357,121216,대전교통공사_역별 수송실적_20221231.csv
2022,탄방,9,1110,111488,123418,대전교통공사_역별 수송실적_20221231.csv
2022,탄방,10,1110,119707,131609,대전교통공사_역별 수송실적_20221231.csv
2022,탄방,11,1110,121591,133964,대전교통공사_역별 수송실적_20221231.csv
2022,탄방,12,1110,129567,141854,대전교통공사_역별 수송실적_20221231.csv
2023,탄방,1,1110,116685,126386,대전교통공사_역별 수송실적_20231231.csv
2023,탄방,2,1110,116917,126850,대전교통공사_역별 수송실적_20231231.csv
2023,탄방,3,1110,129437,142505,대전교통공사_역별 수송실적_20231231.csv
2023,탄방,4,1110,119749,130911,대전교통공사_역별 수송실적_20231231.csv
2023,탄방,5,1110,124179,136420,대전교통공사_역별 수송실적_20231231.csv
2023,탄방,6,1110,121687,133764,대전교통공사_역별 수송실적_20231231.csv
2023,탄방,7,1110,121634,131604,대전교통공사_역별 수송실적_20231231.csv
2023,탄방,8,1110,125076,135576,대전교통공사_역별 수송실적_20231231.csv
2023,탄방,9,1110,117100,127820,대전교통공사_역별 수송실적_20231231.csv
2023,탄방,10,1110,124662,136570,대전교통공사_역별 수송실적_20231231.csv
2023,탄방,11,1110,126567,137833,대전교통공사_역별 수송실적_20231231.csv
2023,탄방,12,1110,127545,138210,대전교통공사_역별 수송실적_20231231.csv
2024,탄방,1,1110,127987,138814,대전교통공사_역별 수송실적_20241231.csv
2024,탄방,2,1110,114395,123401,대전교통공사_역별 수송실적_20241231.csv
2024,탄방,3,1110,127172,138691,대전교통공사_역별 수송실적_20241231.csv
2024,탄방,4,1110,126666,138194,대전교통공사_역별 수송실적_20241231.csv
2024,탄방,5,1110,128939,141451,대전교통공사_역별 수송실적_20241231.csv
2024,탄방,6,1110,121675,132471,대전교통공사_역별 수송실적_20241231.csv
2024,탄방,7,1110,129183,140071,대전교통공사_역별 수송실적_20241231.csv
2024,탄방,8,1110,125060,134184,대전교통공사_역별 수송실적_20241231.csv
2024,탄방,9,1110,113859,123566,대전교통공사_역별 수송실적_20241231.csv
2024,탄방,10,1110,126286,136713,대전교통공사_역별 수송실적_20241231.csv
2024,탄방,11,1110,127438,137878,대전교통공사_역별 수송실적_20241231.csv
2024,탄방,12,1110,128049,139519,대전교통공사_역별 수송실적_20241231.csv
2026,탄방,1,1110,137419,147822,대전교통공사_역별 수송실적_20260731.csv
2026,탄방,2,1110,116644,125664,대전교통공사_역별 수송실적_20260731.csv
2026,탄방,3,1110,143494,156533,대전교통공사_역별 수송실적_20260731.csv
2026,탄방,4,1110,146558,158651,대전교통공사_역별 수송실적_20260731.csv
2026,탄방,5,1110,139805,151112,대전교통공사_역별 수송실적_20260731.csv
2026,탄방,6,1110,140340,152605,대전교통공사_역별 수송실적_20260731.csv
2026,탄방,7,1110,140014,151032,대전교통공사_역별 수송실적_20260731.csv
2015,판암,1,1101,140103,119964,대전교통공사_역별 수송실적_20151231.csv
2015,판암,2,1101,121727,104621,대전교통공사_역별 수송실적_20151231.csv
2015,판암,3,1101,149704,131925,대전교통공사_역별 수송실적_20151231.csv
2015,판암,4,1101,146309,128569,대전교통공사_역별 수송실적_20151231.csv
2015,판암,5,1101,151499,133522,대전교통공사_역별 수송실적_20151231.csv
2015,판암,6,1101,123259,108598,대전교통공사_역별 수송실적_20151231.csv
2015,판암,7,1101,138325,120236,대전교통공사_역별 수송실적_20151231.csv
2015,판암,8,1101,133538,116638,대전교통공사_역별 수송실적_20151231.csv
2015,판암,9,1101,137300,119704,대전교통공사_역별 수송실적_20151231.csv
2015,판암,10,1101,145278,126231,대전교통공사_역별 수송실적_20151231.csv
2015,판암,11,1101,134557,117150,대전교통공사_역별 수송실적_20151231.csv
2015,판암,12,1101,140927,122454,대전교통공사_역별 수송실적_20151231.csv
2016,판암,1,1101,125966,109511,대전교통공사_역별 수송실적_20161231.csv
2016,판암,2,1101,117145,101554,대전교통공사_역별 수송실적_20161231.csv
2016,판암,3,1101,140817,123636,대전교통공사_역별 수송실적_20161231.csv
2016,판암,4,1101,137629,120329,대전교통공사_역별 수송실적_20161231.csv
2016,판암,5,1101,141688,123867,대전교통공사_역별 수송실적_20161231.csv
2016,판암,6,1101,133458,115693,대전교통공사_역별 수송실적_20161231.csv
2016,판암,7,1101,129611,112299,대전교통공사_역별 수송실적_20161231.csv
2016,판암,8,1101,127842,110563,대전교통공사_역별 수송실적_20161231.csv
2016,판암,9,1101,125959,108488,대전교통공사_역별 수송실적_20161231.csv
2016,판암,10,1101,135574,116546,대전교통공사_역별 수송실적_20161231.csv
2016,판암,11,1101,131590,113042,대전교통공사_역별 수송실적_20161231.csv
2016,판암,12,1101,134611,115485,대전교통공사_역별 수송실적_20161231.csv
2017,판암,1,1101,119873,102724,대전교통공사_역별 수송실적_20171231.csv
2017,판암,2,1101,117214,101434,대전교통공사_역별 수송실적_20171231.csv
2017,판암,3,1101,134120,118008,대전교통공사_역별 수송실적_20171231.csv
2017,판암,4,1101,131167,114539,대전교통공사_역별 수송실적_20171231.csv
2017,판암,5,1101,133288,116143,대전교통공사_역별 수송실적_20171231.csv
2017,판암,6,1101,127581,110535,대전교통공사_역별 수송실적_20171231.csv
2017,판암,7,1101,120744,104537,대전교통공사_역별 수송실적_20171231.csv
2017,판암,8,1101,122091,104509,대전교통공사_역별 수송실적_20171231.csv
2017,판암,9,1101,128567,111104,대전교통공사_역별 수송실적_20171231.csv
2017,판암,10,1101,120147,102797,대전교통공사_역별 수송실적_20171231.csv
2017,판암,11,1101,127827,109975,대전교통공사_역별 수송실적_20171231.csv
2017,판암,12,1101,126770,108988,대전교통공사_역별 수송실적_20171231.csv
2018,판암,1,1101,120099,103185,대전교통공사_역별 수송실적_20181231.csv
2018,판암,2,1101,106864,91641,대전교통공사_역별 수송실적_20181231.csv
2018,판암,3,1101,131243,113647,대전교통공사_역별 수송실적_20181231.csv
2018,판암,4,1101,127007,109070,대전교통공사_역별 수송실적_20181231.csv
2018,판암,5,1101,132921,114269,대전교통공사_역별 수송실적_20181231.csv
2018,판암,6,1101,125279,107398,대전교통공사_역별 수송실적_20181231.csv
2018,판암,7,1101,124685,107462,대전교통공사_역별 수송실적_20181231.csv
2018,판암,8,1101,126214,109154,대전교통공사_역별 수송실적_20181231.csv
2018,판암,9,1101,126963,108963,대전교통공사_역별 수송실적_20181231.csv
2018,판암,10,1101,142876,123988,대전교통공사_역별 수송실적_20181231.csv
2018,판암,11,1101,140956,122627,대전교통공사_역별 수송실적_20181231.csv
2018,판암,12,1101,140145,121476,대전교통공사_역별 수송실적_20181231.csv
2019,판암,1,1101,138321,120249,대전교통공사_역별 수송실적_20191231.csv
2019,판암,2,1101,119817,103675,대전교통공사_역별 수송실적_20191231.csv
2019,판암,3,1101,141861,124491,대전교통공사_역별 수송실적_20191231.csv
2019,판암,4,1101,144259,125906,대전교통공사_역별 수송실적_20191231.csv
2019,판암,5,1101,150564,131562,대전교통공사_역별 수송실적_20191231.csv
2019,판암,6,1101,138420,121391,대전교통공사_역별 수송실적_20191231.csv
2019,판암,7,1101,142571,124234,대전교통공사_역별 수송실적_20191231.csv
2019,판암,8,1101,135613,117908,대전교통공사_역별 수송실적_20191231.csv
2019,판암,9,1101,131335,113965,대전교통공사_역별 수송실적_20191231.csv
2019,판암,10,1101,144413,126160,대전교통공사_역별 수송실적_20191231.csv
2019,판암,11,1101,139646,122203,대전교통공사_역별 수송실적_20191231.csv
2019,판암,12,1101,142901,124518,대전교통공사_역별 수송실적_20191231.csv
2020,판암,1,1101,128432,112353,대전교통공사_역별 수송실적_20200531.csv
2020,판암,2,1101,100092,87988,대전교통공사_역별 수송실적_20200531.csv
2020,판암,3,1101,71716,64084,대전교통공사_역별 수송실적_20200531.csv
2020,판암,4,1101,84142,74939,대전교통공사_역별 수송실적_20200531.csv
2020,판암,5,1101,101009,89941,대전교통공사_역별 수송실적_20200531.csv
2020,판암,6,1101,95301,85491,대전교통공사_역별 수송실적_20211231.csv
2020,판암,7,1101,90156,80844,대전교통공사_역별 수송실적_20211231.csv
2020,판암,8,1101,89795,80053,대전교통공사_역별 수송실적_20211231.csv
2020,판암,9,1101,87751,78304,대전교통공사_역별 수송실적_20211231.csv
2020,판암,10,1101,98978,87464,대전교통공사_역별 수송실적_20211231.csv
2020,판암,11,1101,102678,91241,대전교통공사_역별 수송실적_20211231.csv
2020,판암,12,1101,89293,80396,대전교통공사_역별 수송실적_20211231.csv
2021,판암,1,1101,87780,79156,대전교통공사_역별 수송실적_20211231.csv
2021,판암,2,1101,87565,77467,대전교통공사_역별 수송실적_20211231.csv
2021,판암,3,1101,107780,96539,대전교통공사_역별 수송실적_20211231.csv
2021,판암,4,1101,103133,92681,대전교통공사_역별 수송실적_20211231.csv
2021,판암,5,1101,103473,92716,대전교통공사_역별 수송실적_20211231.csv
2021,판암,6,1101,105545,94961,대전교통공사_역별 수송실적_20211231.csv
2021,판암,7,1101,100286,89934,대전교통공사_역별 수송실적_20211231.csv
2021,판암,8,1101,90574,82078,대전교통공사_역별 수송실적_20211231.csv
2021,판암,9,1101,97183,87862,대전교통공사_역별 수송실적_20211231.csv
2021,판암,10,1101,105876,95900,대전교통공사_역별 수송실적_20211231.csv
2021,판암,11,1101,111247,99093,대전교통공사_역별 수송실적_20211231.csv
2021,판암,12,1101,106946,95401,대전교통공사_역별 수송실적_20211231.csv
2022,판암,1,1101,100289,91005,대전교통공사_역별 수송실적_20221231.csv
2022,판암,2,1101,84788,76866,대전교통공사_역별 수송실적_20221231.csv
2022,판암,3,1101,99886,90952,대전교통공사_역별 수송실적_20221231.csv
2022,판암,4,1101,108678,98388,대전교통공사_역별 수송실적_20221231.csv
2022,판암,5,1101,121440,109668,대전교통공사_역별 수송실적_20221231.csv
2022,판암,6,1101,114266,102832,대전교통공사_역별 수송실적_20221231.csv
2022,판암,7,1101,113534,102263,대전교통공사_역별 수송실적_20221231.csv
2022,판암,8,1101,106876,95605,대전교통공사_역별 수송실적_20221231.csv
2022,판암,9,1101,111500,100342,대전교통공사_역별 수송실적_20221231.csv
2022,판암,10,1101,118300,106521,대전교통공사_역별 수송실적_20221231.csv
2022,판암,11,1101,117439,105499,대전교통공사_역별 수송실적_20221231.csv
2022,판암,12,1101,118294,106032,대전교통공사_역별 수송실적_20221231.csv
2023,판암,1,1101,107462,96768,대전교통공사_역별 수송실적_20231231.csv
2023,판암,2,1101,109549,98253,대전교통공사_역별 수송실적_20231231.csv
2023,판암,3,1101,126568,114675,대전교통공사_역별 수송실적_20231231.csv
2023,판암,4,1101,120298,108580,대전교통공사_역별 수송실적_20231231.csv
2023,판암,5,1101,125280,113086,대전교통공사_역별 수송실적_20231231.csv
2023,판암,6,1101,121264,109868,대전교통공사_역별 수송실적_20231231.csv
2023,판암,7,1101,116496,105649,대전교통공사_역별 수송실적_20231231.csv
2023,판암,8,1101,122115,111887,대전교통공사_역별 수송실적_20231231.csv
2023,판암,9,1101,114847,103996,대전교통공사_역별 수송실적_20231231.csv
2023,판암,10,1101,121516,110128,대전교통공사_역별 수송실적_20231231.csv
2023,판암,11,1101,119377,108820,대전교통공사_역별 수송실적_20231231.csv
2023,판암,12,1101,119269,108284,대전교통공사_역별 수송실적_20231231.csv
2024,판암,1,1101,114992,103857,대전교통공사_역별 수송실적_20241231.csv
2024,판암,2,1101,106104,95195,대전교통공사_역별 수송실적_20241231.csv
2024,판암,3,1101,120014,109800,대전교통공사_역별 수송실적_20241231.csv
2024,판암,4,1101,122536,110947,대전교통공사_역별 수송실적_20241231.csv
2024,판암,5,1101,125939,113504,대전교통공사_역별 수송실적_20241231.csv
2024,판암,6,1101,115747,105051,대전교통공사_역별 수송실적_20241231.csv
2024,판암,7,1101,118327,107255,대전교통공사_역별 수송실적_20241231.csv
2024,판암,8,1101,119463,109486,대전교통공사_역별 수송실적_20241231.csv
2024,판암,9,1101,110092,98974,대전교통공사_역별 수송실적_20241231.csv
2024,판암,10,1101,121263,109560,대전교통공사_역별 수송실적_20241231.csv
2024,판암,11,1101,120076,108336,대전교통공사_역별 수송실적_20241231.csv
2024,판암,12,1101,121099,108711,대전교통공사_역별 수송실적_20241231.csv
2026,판암,1,1101,116786,104534,대전교통공사_역별 수송실적_20260731.csv
2026,판암,2,1101,104192,94008,대전교통공사_역별 수송실적_20260731.csv
2026,판암,3,1101,127854,116086,대전교통공사_역별 수송실적_20260731.csv
2026,판암,4,1101,132760,119557,대전교통공사_역별 수송실적_20260731.csv
2026,판암,5,1101,128815,116105,대전교통공사_역별 수송실적_20260731.csv
2026,판암,6,1101,125168,113026,대전교통공사_역별 수송실적_20260731.csv
2026,판암,7,1101,119340,108042,대전교통공사_역별 수송실적_20260731.csv
2015,현충원,1,1118,65106,47687,대전교통공사_역별 수송실적_20151231.csv
2015,현충원,2,1118,58230,41334,대전교통공사_역별 수송실적_20151231.csv
2015,현충원,3,1118,93398,74004,대전교통공사_역별 수송실적_20151231.csv
2015,현충원,4,1118,94376,75480,대전교통공사_역별 수송실적_20151231.csv
2015,현충원,5,1118,97146,75809,대전교통공사_역별 수송실적_20151231.csv
2015,현충원,6,1118,67760,54438,대전교통공사_역별 수송실적_20151231.csv
2015,현충원,7,1118,66539,49152,대전교통공사_역별 수송실적_20151231.csv
2015,현충원,8,1118,68876,50571,대전교통공사_역별 수송실적_20151231.csv
2015,현충원,9,1118,84123,67270,대전교통공사_역별 수송실적_20151231.csv
2015,현충원,10,1118,90302,72464,대전교통공사_역별 수송실적_20151231.csv
2015,현충원,11,1118,83180,67012,대전교통공사_역별 수송실적_20151231.csv
2015,현충원,12,1118,77692,59305,대전교통공사_역별 수송실적_20151231.csv
2016,현충원,1,1118,63731,45872,대전교통공사_역별 수송실적_20161231.csv
2016,현충원,2,1118,60419,43063,대전교통공사_역별 수송실적_20161231.csv
2016,현충원,3,1118,90487,72955,대전교통공사_역별 수송실적_20161231.csv
2016,현충원,4,1118,94828,75758,대전교통공사_역별 수송실적_20161231.csv
2016,현충원,5,1118,96681,77078,대전교통공사_역별 수송실적_20161231.csv
2016,현충원,6,1118,81896,64716,대전교통공사_역별 수송실적_20161231.csv
2016,현충원,7,1118,68029,51067,대전교통공사_역별 수송실적_20161231.csv
2016,현충원,8,1118,68740,52282,대전교통공사_역별 수송실적_20161231.csv
2016,현충원,9,1118,80542,64981,대전교통공사_역별 수송실적_20161231.csv
2016,현충원,10,1118,86112,70352,대전교통공사_역별 수송실적_20161231.csv
2016,현충원,11,1118,84169,69371,대전교통공사_역별 수송실적_20161231.csv
2016,현충원,12,1118,76082,58340,대전교통공사_역별 수송실적_20161231.csv
2017,현충원,1,1118,64339,47098,대전교통공사_역별 수송실적_20171231.csv
2017,현충원,2,1118,63108,46273,대전교통공사_역별 수송실적_20171231.csv
2017,현충원,3,1118,93379,76059,대전교통공사_역별 수송실적_20171231.csv
2017,현충원,4,1118,92304,75618,대전교통공사_역별 수송실적_20171231.csv
2017,현충원,5,1118,93343,76684,대전교통공사_역별 수송실적_20171231.csv
2017,현충원,6,1118,80213,65399,대전교통공사_역별 수송실적_20171231.csv
2017,현충원,7,1118,65301,50058,대전교통공사_역별 수송실적_20171231.csv
2017,현충원,8,1118,67468,52661,대전교통공사_역별 수송실적_20171231.csv
2017,현충원,9,1118,84039,69570,대전교통공사_역별 수송실적_20171231.csv
2017,현충원,10,1118,78045,63913,대전교통공사_역별 수송실적_20171231.csv
2017,현충원,11,1118,81866,67563,대전교통공사_역별 수송실적_20171231.csv
2017,현충원,12,1118,72509,55541,대전교통공사_역별 수송실적_20171231.csv
2018,현충원,1,1118,62057,46231,대전교통공사_역별 수송실적_20181231.csv
2018,현충원,2,1118,56458,41254,대전교통공사_역별 수송실적_20181231.csv
2018,현충원,3,1118,86229,72211,대전교통공사_역별 수송실적_20181231.csv
2018,현충원,4,1118,87152,72598,대전교통공사_역별 수송실적_20181231.csv
2018,현충원,5,1118,88902,73818,대전교통공사_역별 수송실적_20181231.csv
2018,현충원,6,1118,79258,65133,대전교통공사_역별 수송실적_20181231.csv
2018,현충원,7,1118,65374,50678,대전교통공사_역별 수송실적_20181231.csv
2018,현충원,8,1118,63019,48543,대전교통공사_역별 수송실적_20181231.csv
2018,현충원,9,1118,78309,64344,대전교통공사_역별 수송실적_20181231.csv
2018,현충원,10,1118,87227,72746,대전교통공사_역별 수송실적_20181231.csv
2018,현충원,11,1118,85255,70349,대전교통공사_역별 수송실적_20181231.csv
2018,현충원,12,1118,74244,58947,대전교통공사_역별 수송실적_20181231.csv
2019,현충원,1,1118,65815,51200,대전교통공사_역별 수송실적_20191231.csv
2019,현충원,2,1118,58538,44008,대전교통공사_역별 수송실적_20191231.csv
2019,현충원,3,1118,85085,70261,대전교통공사_역별 수송실적_20191231.csv
2019,현충원,4,1118,89349,74141,대전교통공사_역별 수송실적_20191231.csv
2019,현충원,5,1118,92774,76201,대전교통공사_역별 수송실적_20191231.csv
2019,현충원,6,1118,77183,63329,대전교통공사_역별 수송실적_20191231.csv
2019,현충원,7,1118,67443,53511,대전교통공사_역별 수송실적_20191231.csv
2019,현충원,8,1118,66124,52221,대전교통공사_역별 수송실적_20191231.csv
2019,현충원,9,1118,76009,63537,대전교통공사_역별 수송실적_20191231.csv
2019,현충원,10,1118,83993,70475,대전교통공사_역별 수송실적_20191231.csv
2019,현충원,11,1118,82308,67926,대전교통공사_역별 수송실적_20191231.csv
2019,현충원,12,1118,76473,59798,대전교통공사_역별 수송실적_20191231.csv
2020,현충원,1,1118,62740,48412,대전교통공사_역별 수송실적_20200531.csv
2020,현충원,2,1118,45240,35353,대전교통공사_역별 수송실적_20200531.csv
2020,현충원,3,1118,29934,24833,대전교통공사_역별 수송실적_20200531.csv
2020,현충원,4,1118,37736,30618,대전교통공사_역별 수송실적_20200531.csv
2020,현충원,5,1118,47357,38773,대전교통공사_역별 수송실적_20200531.csv
2020,현충원,6,1118,44604,36613,대전교통공사_역별 수송실적_20211231.csv
2020,현충원,7,1118,41473,34042,대전교통공사_역별 수송실적_20211231.csv
2020,현충원,8,1118,39742,32321,대전교통공사_역별 수송실적_20211231.csv
2020,현충원,9,1118,39515,32936,대전교통공사_역별 수송실적_20211231.csv
2020,현충원,10,1118,47489,39913,대전교통공사_역별 수송실적_20211231.csv
2020,현충원,11,1118,47850,39737,대전교통공사_역별 수송실적_20211231.csv
2020,현충원,12,1118,36247,29524,대전교통공사_역별 수송실적_20211231.csv
2021,현충원,1,1118,34624,28254,대전교통공사_역별 수송실적_20211231.csv
2021,현충원,2,1118,35808,28629,대전교통공사_역별 수송실적_20211231.csv
2021,현충원,3,1118,47118,39572,대전교통공사_역별 수송실적_20211231.csv
2021,현충원,4,1118,47048,39548,대전교통공사_역별 수송실적_20211231.csv
2021,현충원,5,1118,50284,41962,대전교통공사_역별 수송실적_20211231.csv
2021,현충원,6,1118,51261,43103,대전교통공사_역별 수송실적_20211231.csv
2021,현충원,7,1118,45273,37156,대전교통공사_역별 수송실적_20211231.csv
2021,현충원,8,1118,40530,33530,대전교통공사_역별 수송실적_20211231.csv
2021,현충원,9,1118,45053,37811,대전교통공사_역별 수송실적_20211231.csv
2021,현충원,10,1118,53746,45121,대전교통공사_역별 수송실적_20211231.csv
2021,현충원,11,1118,59361,49683,대전교통공사_역별 수송실적_20211231.csv
2021,현충원,12,1118,52210,42514,대전교통공사_역별 수송실적_20211231.csv
2022,현충원,1,1118,44930,36378,대전교통공사_역별 수송실적_20221231.csv
2022,현충원,2,1118,37968,31281,대전교통공사_역별 수송실적_20221231.csv
2022,현충원,3,1118,57199,49383,대전교통공사_역별 수송실적_20221231.csv
2022,현충원,4,1118,65188,54834,대전교통공사_역별 수송실적_20221231.csv
2022,현충원,5,1118,74666,62635,대전교통공사_역별 수송실적_20221231.csv
2022,현충원,6,1118,64524,54120,대전교통공사_역별 수송실적_20221231.csv
2022,현충원,7,1118,55231,45564,대전교통공사_역별 수송실적_20221231.csv
2022,현충원,8,1118,52131,43415,대전교통공사_역별 수송실적_20221231.csv
2022,현충원,9,1118,66883,55933,대전교통공사_역별 수송실적_20221231.csv
2022,현충원,10,1118,69570,58472,대전교통공사_역별 수송실적_20221231.csv
2022,현충원,11,1118,69840,58118,대전교통공사_역별 수송실적_20221231.csv
2022,현충원,12,1118,61109,49007,대전교통공사_역별 수송실적_20221231.csv
2023,현충원,1,1118,51013,41140,대전교통공사_역별 수송실적_20231231.csv
2023,현충원,2,1118,53215,42981,대전교통공사_역별 수송실적_20231231.csv
2023,현충원,3,1118,77250,64692,대전교통공사_역별 수송실적_20231231.csv
2023,현충원,4,1118,73859,61658,대전교통공사_역별 수송실적_20231231.csv
2023,현충원,5,1118,77506,65316,대전교통공사_역별 수송실적_20231231.csv
2023,현충원,6,1118,69205,57895,대전교통공사_역별 수송실적_20231231.csv
2023,현충원,7,1118,55662,45725,대전교통공사_역별 수송실적_20231231.csv
2023,현충원,8,1118,55815,45870,대전교통공사_역별 수송실적_20231231.csv
2023,현충원,9,1118,69353,57121,대전교통공사_역별 수송실적_20231231.csv
2023,현충원,10,1118,73527,61077,대전교통공사_역별 수송실적_20231231.csv
2023,현충원,11,1118,71059,58592,대전교통공사_역별 수송실적_20231231.csv
2023,현충원,12,1118,63018,50892,대전교통공사_역별 수송실적_20231231.csv
2024,현충원,1,1118,53660,42901,대전교통공사_역별 수송실적_20241231.csv
2024,현충원,2,1118,50794,41362,대전교통공사_역별 수송실적_20241231.csv
2024,현충원,3,1118,71327,59698,대전교통공사_역별 수송실적_20241231.csv
2024,현충원,4,1118,75329,62972,대전교통공사_역별 수송실적_20241231.csv
2024,현충원,5,1118,78837,65627,대전교통공사_역별 수송실적_20241231.csv
2024,현충원,6,1118,66264,54782,대전교통공사_역별 수송실적_20241231.csv
2024,현충원,7,1118,56982,45945,대전교통공사_역별 수송실적_20241231.csv
2024,현충원,8,1118,56735,45802,대전교통공사_역별 수송실적_20241231.csv
2024,현충원,9,1118,66122,54706,대전교통공사_역별 수송실적_20241231.csv
2024,현충원,10,1118,72966,60327,대전교통공사_역별 수송실적_20241231.csv
2024,현충원,11,1118,72986,59716,대전교통공사_역별 수송실적_20241231.csv
2024,현충원,12,1118,64310,51235,대전교통공사_역별 수송실적_20241231.csv
2026,현충원,1,1118,57773,45844,대전교통공사_역별 수송실적_20260731.csv
2026,현충원,2,1118,54836,43298,대전교통공사_역별 수송실적_20260731.csv
2026,현충원,3,1118,81897,67023,대전교통공사_역별 수송실적_20260731.csv
2026,현충원,4,1118,88438,71329,대전교통공사_역별 수송실적_20260731.csv
2026,현충원,5,1118,86478,70503,대전교통공사_역별 수송실적_20260731.csv
2026,현충원,6,1118,78258,63156,대전교통공사_역별 수송실적_20260731.csv
2026,현충원,7,1118,65992,52424,대전교통공사_역별 수송실적_20260731.csv
